2026-08-26T20:30:54.189-04:00  INFO 23008 --- [veterinaria] [main] c.d.v.App.VeterinariaApplication         : Starting VeterinariaApplication using Java 20.0.2 with PID 23008 (C:\Users\rodri\OneDrive\Escritorio\Uni\Bimestre VI\Seguridad y calidad en el desarrollo\Semana 2\veterinaria-s2\veterinaria\target\classes started by rodri in C:\Users\rodri\OneDrive\Escritorio\Uni\Bimestre VI\Seguridad y calidad en el desarrollo\Semana 2\veterinaria-s2)
2026-08-26T20:30:54.191-04:00  INFO 23008 --- [veterinaria] [main] c.d.v.App.VeterinariaApplication         : No active profile set, falling back to 1 default profile: "default"
2026-08-26T20:30:55.118-04:00  INFO 23008 --- [veterinaria] [main] .s.d.r.c.RepositoryConfigurationDelegate : Bootstrapping Spring Data JPA repositories in DEFAULT mode.
2026-08-26T20:30:55.159-04:00  INFO 23008 --- [veterinaria] [main] .s.d.r.c.RepositoryConfigurationDelegate : Finished Spring Data repository scanning in 22 ms. Found 0 JPA repository interfaces.
2026-08-26T20:30:55.991-04:00  INFO 23008 --- [veterinaria] [main] o.s.b.w.embedded.tomcat.TomcatWebServer  : Tomcat initialized with port 8080 (http)
2026-08-26T20:30:56.010-04:00  INFO 23008 --- [veterinaria] [main] o.apache.catalina.core.StandardService   : Starting service [Tomcat]
2026-08-26T20:30:56.011-04:00  INFO 23008 --- [veterinaria] [main] o.apache.catalina.core.StandardEngine    : Starting Servlet engine: [Apache Tomcat/10.1.20]
2026-08-26T20:30:56.106-04:00  INFO 23008 --- [veterinaria] [main] o.a.c.c.C.[Tomcat].[localhost].[/]       : Initializing Spring embedded WebApplicationContext
2026-08-26T20:30:56.107-04:00  INFO 23008 --- [veterinaria] [main] w.s.c.ServletWebServerApplicationContext : Root WebApplicationContext: initialization completed in 1849 ms
2026-08-26T20:30:56.193-04:00 DEBUG 23008 --- [veterinaria] [main] com.zaxxer.hikari.HikariConfig           : Driver class com.mysql.cj.jdbc.Driver found in Thread context class loader jdk.internal.loader.ClassLoaders$AppClassLoader@33909752
2026-08-26T20:30:56.312-04:00 DEBUG 23008 --- [veterinaria] [main] o.hibernate.jpa.internal.util.LogHelper  : PersistenceUnitInfo [
	name: default
	persistence provider classname: null
	classloader: jdk.internal.loader.ClassLoaders$AppClassLoader@33909752
	excludeUnlistedClasses: true
	JTA datasource: null
	Non JTA datasource: HikariDataSource (null)
	Transaction type: RESOURCE_LOCAL
	PU root URL: file:/C:/Users/rodri/OneDrive/Escritorio/Uni/Bimestre%20VI/Seguridad%20y%20calidad%20en%20el%20desarrollo/Semana%202/veterinaria-s2/veterinaria/target/classes/
	Shared Cache Mode: UNSPECIFIED
	Validation Mode: AUTO
	Jar files URLs []
	Managed classes names []
	Mapping files names []
	Properties []
2026-08-26T20:30:56.328-04:00 DEBUG 23008 --- [veterinaria] [main] o.h.i.internal.IntegratorServiceImpl     : Adding Integrator [org.hibernate.boot.beanvalidation.BeanValidationIntegrator].
2026-08-26T20:30:56.331-04:00 DEBUG 23008 --- [veterinaria] [main] o.h.i.internal.IntegratorServiceImpl     : Adding Integrator [org.hibernate.cache.internal.CollectionCacheInvalidator].
2026-08-26T20:30:56.362-04:00 TRACE 23008 --- [veterinaria] [main] o.h.b.r.s.internal.StrategySelectorImpl  : Registering named strategy selector [org.hibernate.resource.transaction.spi.TransactionCoordinatorBuilder] : [jdbc] -> [org.hibernate.resource.transaction.backend.jdbc.internal.JdbcResourceLocalTransactionCoordinatorBuilderImpl]
2026-08-26T20:30:56.364-04:00 TRACE 23008 --- [veterinaria] [main] o.h.b.r.s.internal.StrategySelectorImpl  : Registering named strategy selector [org.hibernate.resource.transaction.spi.TransactionCoordinatorBuilder] : [jta] -> [org.hibernate.resource.transaction.backend.jta.internal.JtaTransactionCoordinatorBuilderImpl]
2026-08-26T20:30:56.364-04:00 TRACE 23008 --- [veterinaria] [main] o.h.b.r.s.internal.StrategySelectorImpl  : Registering named strategy selector [org.hibernate.resource.transaction.spi.TransactionCoordinatorBuilder] : [org.hibernate.transaction.JDBCTransactionFactory] -> [org.hibernate.resource.transaction.backend.jdbc.internal.JdbcResourceLocalTransactionCoordinatorBuilderImpl]
2026-08-26T20:30:56.365-04:00 TRACE 23008 --- [veterinaria] [main] o.h.b.r.s.internal.StrategySelectorImpl  : Registering named strategy selector [org.hibernate.resource.transaction.spi.TransactionCoordinatorBuilder] : [org.hibernate.transaction.JTATransactionFactory] -> [org.hibernate.resource.transaction.backend.jta.internal.JtaTransactionCoordinatorBuilderImpl]
2026-08-26T20:30:56.365-04:00 TRACE 23008 --- [veterinaria] [main] o.h.b.r.s.internal.StrategySelectorImpl  : Registering named strategy selector [org.hibernate.resource.transaction.spi.TransactionCoordinatorBuilder] : [org.hibernate.transaction.CMTTransactionFactory] -> [org.hibernate.resource.transaction.backend.jta.internal.JtaTransactionCoordinatorBuilderImpl]
2026-08-26T20:30:56.368-04:00 TRACE 23008 --- [veterinaria] [main] o.h.b.r.s.internal.StrategySelectorImpl  : Registering named strategy selector [org.hibernate.query.sqm.mutation.spi.SqmMultiTableInsertStrategy] : [cte] -> [org.hibernate.query.sqm.mutation.internal.cte.CteInsertStrategy]
2026-08-26T20:30:56.370-04:00 TRACE 23008 --- [veterinaria] [main] o.h.b.r.s.internal.StrategySelectorImpl  : Registering named strategy selector [org.hibernate.query.sqm.mutation.spi.SqmMultiTableInsertStrategy] : [global_temporary] -> [org.hibernate.query.sqm.mutation.internal.temptable.GlobalTemporaryTableInsertStrategy]
2026-08-26T20:30:56.372-04:00 TRACE 23008 --- [veterinaria] [main] o.h.b.r.s.internal.StrategySelectorImpl  : Registering named strategy selector [org.hibernate.query.sqm.mutation.spi.SqmMultiTableInsertStrategy] : [local_temporary] -> [org.hibernate.query.sqm.mutation.internal.temptable.LocalTemporaryTableInsertStrategy]
2026-08-26T20:30:56.375-04:00 TRACE 23008 --- [veterinaria] [main] o.h.b.r.s.internal.StrategySelectorImpl  : Registering named strategy selector [org.hibernate.query.sqm.mutation.spi.SqmMultiTableInsertStrategy] : [persistent] -> [org.hibernate.query.sqm.mutation.internal.temptable.PersistentTableInsertStrategy]
2026-08-26T20:30:56.378-04:00 TRACE 23008 --- [veterinaria] [main] o.h.b.r.s.internal.StrategySelectorImpl  : Registering named strategy selector [org.hibernate.query.sqm.mutation.spi.SqmMultiTableMutationStrategy] : [cte] -> [org.hibernate.query.sqm.mutation.internal.cte.CteMutationStrategy]
2026-08-26T20:30:56.379-04:00 TRACE 23008 --- [veterinaria] [main] o.h.b.r.s.internal.StrategySelectorImpl  : Registering named strategy selector [org.hibernate.query.sqm.mutation.spi.SqmMultiTableMutationStrategy] : [global_temporary] -> [org.hibernate.query.sqm.mutation.internal.temptable.GlobalTemporaryTableMutationStrategy]
2026-08-26T20:30:56.380-04:00 TRACE 23008 --- [veterinaria] [main] o.h.b.r.s.internal.StrategySelectorImpl  : Registering named strategy selector [org.hibernate.query.sqm.mutation.spi.SqmMultiTableMutationStrategy] : [local_temporary] -> [org.hibernate.query.sqm.mutation.internal.temptable.LocalTemporaryTableMutationStrategy]
2026-08-26T20:30:56.381-04:00 TRACE 23008 --- [veterinaria] [main] o.h.b.r.s.internal.StrategySelectorImpl  : Registering named strategy selector [org.hibernate.query.sqm.mutation.spi.SqmMultiTableMutationStrategy] : [persistent] -> [org.hibernate.query.sqm.mutation.internal.temptable.PersistentTableMutationStrategy]
2026-08-26T20:30:56.382-04:00 TRACE 23008 --- [veterinaria] [main] o.h.b.r.s.internal.StrategySelectorImpl  : Registering named strategy selector [org.hibernate.boot.model.naming.ImplicitNamingStrategy] : [default] -> [org.hibernate.boot.model.naming.ImplicitNamingStrategyJpaCompliantImpl]
2026-08-26T20:30:56.382-04:00 TRACE 23008 --- [veterinaria] [main] o.h.b.r.s.internal.StrategySelectorImpl  : Registering named strategy selector [org.hibernate.boot.model.naming.ImplicitNamingStrategy] : [jpa] -> [org.hibernate.boot.model.naming.ImplicitNamingStrategyJpaCompliantImpl]
2026-08-26T20:30:56.383-04:00 TRACE 23008 --- [veterinaria] [main] o.h.b.r.s.internal.StrategySelectorImpl  : Registering named strategy selector [org.hibernate.boot.model.naming.ImplicitNamingStrategy] : [legacy-jpa] -> [org.hibernate.boot.model.naming.ImplicitNamingStrategyLegacyJpaImpl]
2026-08-26T20:30:56.385-04:00 TRACE 23008 --- [veterinaria] [main] o.h.b.r.s.internal.StrategySelectorImpl  : Registering named strategy selector [org.hibernate.boot.model.naming.ImplicitNamingStrategy] : [legacy-hbm] -> [org.hibernate.boot.model.naming.ImplicitNamingStrategyLegacyHbmImpl]
2026-08-26T20:30:56.386-04:00 TRACE 23008 --- [veterinaria] [main] o.h.b.r.s.internal.StrategySelectorImpl  : Registering named strategy selector [org.hibernate.boot.model.naming.ImplicitNamingStrategy] : [component-path] -> [org.hibernate.boot.model.naming.ImplicitNamingStrategyComponentPathImpl]
2026-08-26T20:30:56.389-04:00 TRACE 23008 --- [veterinaria] [main] o.h.b.r.s.internal.StrategySelectorImpl  : Registering named strategy selector [org.hibernate.id.enhanced.ImplicitDatabaseObjectNamingStrategy] : [standard] -> [org.hibernate.id.enhanced.StandardNamingStrategy]
2026-08-26T20:30:56.390-04:00 TRACE 23008 --- [veterinaria] [main] o.h.b.r.s.internal.StrategySelectorImpl  : Registering named strategy selector [org.hibernate.id.enhanced.ImplicitDatabaseObjectNamingStrategy] : [single] -> [org.hibernate.id.enhanced.SingleNamingStrategy]
2026-08-26T20:30:56.391-04:00 TRACE 23008 --- [veterinaria] [main] o.h.b.r.s.internal.StrategySelectorImpl  : Registering named strategy selector [org.hibernate.id.enhanced.ImplicitDatabaseObjectNamingStrategy] : [legacy] -> [org.hibernate.id.enhanced.LegacyNamingStrategy]
2026-08-26T20:30:56.394-04:00 TRACE 23008 --- [veterinaria] [main] o.h.b.r.s.internal.StrategySelectorImpl  : Registering named strategy selector [org.hibernate.boot.model.relational.ColumnOrderingStrategy] : [default] -> [org.hibernate.boot.model.relational.ColumnOrderingStrategyStandard]
2026-08-26T20:30:56.395-04:00 TRACE 23008 --- [veterinaria] [main] o.h.b.r.s.internal.StrategySelectorImpl  : Registering named strategy selector [org.hibernate.boot.model.relational.ColumnOrderingStrategy] : [legacy] -> [org.hibernate.boot.model.relational.ColumnOrderingStrategyLegacy]
2026-08-26T20:30:56.397-04:00 TRACE 23008 --- [veterinaria] [main] o.h.b.r.s.internal.StrategySelectorImpl  : Registering named strategy selector [org.hibernate.cache.spi.CacheKeysFactory] : [default] -> [org.hibernate.cache.internal.DefaultCacheKeysFactory]
2026-08-26T20:30:56.399-04:00 TRACE 23008 --- [veterinaria] [main] o.h.b.r.s.internal.StrategySelectorImpl  : Registering named strategy selector [org.hibernate.cache.spi.CacheKeysFactory] : [simple] -> [org.hibernate.cache.internal.SimpleCacheKeysFactory]
2026-08-26T20:30:56.401-04:00 TRACE 23008 --- [veterinaria] [main] o.h.b.r.s.internal.StrategySelectorImpl  : Registering named strategy selector [org.hibernate.type.format.FormatMapper] : [jackson] -> [org.hibernate.type.format.jackson.JacksonJsonFormatMapper]
2026-08-26T20:30:56.402-04:00 TRACE 23008 --- [veterinaria] [main] o.h.b.r.s.internal.StrategySelectorImpl  : Registering named strategy selector [org.hibernate.type.format.FormatMapper] : [jsonb] -> [org.hibernate.type.format.jakartajson.JsonBJsonFormatMapper]
2026-08-26T20:30:56.403-04:00 TRACE 23008 --- [veterinaria] [main] o.h.b.r.s.internal.StrategySelectorImpl  : Registering named strategy selector [org.hibernate.type.format.FormatMapper] : [jackson-xml] -> [org.hibernate.type.format.jackson.JacksonXmlFormatMapper]
2026-08-26T20:30:56.405-04:00 TRACE 23008 --- [veterinaria] [main] o.h.b.r.s.internal.StrategySelectorImpl  : Registering named strategy selector [org.hibernate.type.format.FormatMapper] : [jaxb] -> [org.hibernate.type.format.jaxb.JaxbXmlFormatMapper]
2026-08-26T20:30:56.453-04:00  INFO 23008 --- [veterinaria] [main] org.hibernate.Version                    : HHH000412: Hibernate ORM core version 6.4.4.Final
2026-08-26T20:30:56.455-04:00 DEBUG 23008 --- [veterinaria] [main] org.hibernate.cfg.Environment            : HHH000206: 'hibernate.properties' not found
2026-08-26T20:30:56.475-04:00 TRACE 23008 --- [veterinaria] [main] o.h.s.i.AbstractServiceRegistryImpl      : Initializing service [role=org.hibernate.id.factory.IdentifierGeneratorFactory]
2026-08-26T20:30:56.478-04:00 TRACE 23008 --- [veterinaria] [main] o.h.s.i.AbstractServiceRegistryImpl      : Initializing service [role=org.hibernate.engine.config.spi.ConfigurationService]
2026-08-26T20:30:56.482-04:00 TRACE 23008 --- [veterinaria] [main] o.h.s.i.AbstractServiceRegistryImpl      : Initializing service [role=org.hibernate.resource.beans.spi.ManagedBeanRegistry]
2026-08-26T20:30:56.491-04:00 DEBUG 23008 --- [veterinaria] [main] org.hibernate.orm.idgen.factory          : Registering IdentifierGenerator strategy [uuid2] -> [org.hibernate.id.UUIDGenerator]
2026-08-26T20:30:56.493-04:00 DEBUG 23008 --- [veterinaria] [main] org.hibernate.orm.idgen.factory          : Registering IdentifierGenerator strategy [guid] -> [org.hibernate.id.GUIDGenerator]
2026-08-26T20:30:56.494-04:00 DEBUG 23008 --- [veterinaria] [main] org.hibernate.orm.idgen.factory          : Registering IdentifierGenerator strategy [uuid] -> [org.hibernate.id.UUIDHexGenerator]
2026-08-26T20:30:56.495-04:00 DEBUG 23008 --- [veterinaria] [main] org.hibernate.orm.idgen.factory          : Registering IdentifierGenerator strategy [uuid.hex] -> [org.hibernate.id.UUIDHexGenerator]
2026-08-26T20:30:56.495-04:00 DEBUG 23008 --- [veterinaria] [main] org.hibernate.orm.idgen.factory          : Registering IdentifierGenerator strategy [assigned] -> [org.hibernate.id.Assigned]
2026-08-26T20:30:56.497-04:00 DEBUG 23008 --- [veterinaria] [main] org.hibernate.orm.idgen.factory          : Registering IdentifierGenerator strategy [identity] -> [org.hibernate.id.IdentityGenerator]
2026-08-26T20:30:56.498-04:00 DEBUG 23008 --- [veterinaria] [main] org.hibernate.orm.idgen.factory          : Registering IdentifierGenerator strategy [select] -> [org.hibernate.id.SelectGenerator]
2026-08-26T20:30:56.499-04:00 DEBUG 23008 --- [veterinaria] [main] org.hibernate.orm.idgen.factory          : Registering IdentifierGenerator strategy [sequence] -> [org.hibernate.id.enhanced.SequenceStyleGenerator]
2026-08-26T20:30:56.501-04:00 DEBUG 23008 --- [veterinaria] [main] org.hibernate.orm.idgen.factory          : Registering IdentifierGenerator strategy [increment] -> [org.hibernate.id.IncrementGenerator]
2026-08-26T20:30:56.503-04:00 DEBUG 23008 --- [veterinaria] [main] org.hibernate.orm.idgen.factory          : Registering IdentifierGenerator strategy [foreign] -> [org.hibernate.id.ForeignGenerator]
2026-08-26T20:30:56.504-04:00 DEBUG 23008 --- [veterinaria] [main] org.hibernate.orm.idgen.factory          : Registering IdentifierGenerator strategy [enhanced-sequence] -> [org.hibernate.id.enhanced.SequenceStyleGenerator]
2026-08-26T20:30:56.506-04:00 DEBUG 23008 --- [veterinaria] [main] org.hibernate.orm.idgen.factory          : Registering IdentifierGenerator strategy [enhanced-table] -> [org.hibernate.id.enhanced.TableGenerator]
2026-08-26T20:30:56.520-04:00 TRACE 23008 --- [veterinaria] [main] o.h.s.i.AbstractServiceRegistryImpl      : Initializing service [role=org.hibernate.engine.jdbc.connections.spi.MultiTenantConnectionProvider]
2026-08-26T20:30:56.521-04:00 TRACE 23008 --- [veterinaria] [main] o.h.s.i.AbstractServiceRegistryImpl      : Initializing service [role=org.hibernate.cache.spi.RegionFactory]
2026-08-26T20:30:56.523-04:00 DEBUG 23008 --- [veterinaria] [main] o.h.c.internal.RegionFactoryInitiator    : Cannot default RegionFactory based on registered strategies as `[]` RegionFactory strategies were registered
2026-08-26T20:30:56.525-04:00  INFO 23008 --- [veterinaria] [main] o.h.c.internal.RegionFactoryInitiator    : HHH000026: Second-level cache disabled
2026-08-26T20:30:56.643-04:00 DEBUG 23008 --- [veterinaria] [main] org.hibernate.type.BasicTypeRegistry     : Adding type registration boolean -> org.hibernate.type.BasicTypeReference@1c628f6a
2026-08-26T20:30:56.643-04:00 DEBUG 23008 --- [veterinaria] [main] org.hibernate.type.BasicTypeRegistry     : Adding type registration boolean -> org.hibernate.type.BasicTypeReference@1c628f6a
2026-08-26T20:30:56.643-04:00 DEBUG 23008 --- [veterinaria] [main] org.hibernate.type.BasicTypeRegistry     : Adding type registration java.lang.Boolean -> org.hibernate.type.BasicTypeReference@1c628f6a
2026-08-26T20:30:56.644-04:00 DEBUG 23008 --- [veterinaria] [main] org.hibernate.type.BasicTypeRegistry     : Adding type registration numeric_boolean -> org.hibernate.type.BasicTypeReference@9b47400
2026-08-26T20:30:56.644-04:00 DEBUG 23008 --- [veterinaria] [main] org.hibernate.type.BasicTypeRegistry     : Adding type registration org.hibernate.type.NumericBooleanConverter -> org.hibernate.type.BasicTypeReference@9b47400
2026-08-26T20:30:56.644-04:00 DEBUG 23008 --- [veterinaria] [main] org.hibernate.type.BasicTypeRegistry     : Adding type registration true_false -> org.hibernate.type.BasicTypeReference@747835f5
2026-08-26T20:30:56.644-04:00 DEBUG 23008 --- [veterinaria] [main] org.hibernate.type.BasicTypeRegistry     : Adding type registration org.hibernate.type.TrueFalseConverter -> org.hibernate.type.BasicTypeReference@747835f5
2026-08-26T20:30:56.644-04:00 DEBUG 23008 --- [veterinaria] [main] org.hibernate.type.BasicTypeRegistry     : Adding type registration yes_no -> org.hibernate.type.BasicTypeReference@594131f2
2026-08-26T20:30:56.644-04:00 DEBUG 23008 --- [veterinaria] [main] org.hibernate.type.BasicTypeRegistry     : Adding type registration org.hibernate.type.YesNoConverter -> org.hibernate.type.BasicTypeReference@594131f2
2026-08-26T20:30:56.645-04:00 DEBUG 23008 --- [veterinaria] [main] org.hibernate.type.BasicTypeRegistry     : Adding type registration byte -> org.hibernate.type.BasicTypeReference@51d0ec6f
2026-08-26T20:30:56.645-04:00 DEBUG 23008 --- [veterinaria] [main] org.hibernate.type.BasicTypeRegistry     : Adding type registration byte -> org.hibernate.type.BasicTypeReference@51d0ec6f
2026-08-26T20:30:56.645-04:00 DEBUG 23008 --- [veterinaria] [main] org.hibernate.type.BasicTypeRegistry     : Adding type registration java.lang.Byte -> org.hibernate.type.BasicTypeReference@51d0ec6f
2026-08-26T20:30:56.645-04:00 DEBUG 23008 --- [veterinaria] [main] org.hibernate.type.BasicTypeRegistry     : Adding type registration binary -> org.hibernate.type.BasicTypeReference@7bee8621
2026-08-26T20:30:56.646-04:00 DEBUG 23008 --- [veterinaria] [main] org.hibernate.type.BasicTypeRegistry     : Adding type registration byte[] -> org.hibernate.type.BasicTypeReference@7bee8621
2026-08-26T20:30:56.646-04:00 DEBUG 23008 --- [veterinaria] [main] org.hibernate.type.BasicTypeRegistry     : Adding type registration [B -> org.hibernate.type.BasicTypeReference@7bee8621
2026-08-26T20:30:56.646-04:00 DEBUG 23008 --- [veterinaria] [main] org.hibernate.type.BasicTypeRegistry     : Adding type registration binary_wrapper -> org.hibernate.type.BasicTypeReference@4e0cc334
2026-08-26T20:30:56.646-04:00 DEBUG 23008 --- [veterinaria] [main] org.hibernate.type.BasicTypeRegistry     : Adding type registration wrapper-binary -> org.hibernate.type.BasicTypeReference@4e0cc334
2026-08-26T20:30:56.646-04:00 DEBUG 23008 --- [veterinaria] [main] org.hibernate.type.BasicTypeRegistry     : Adding type registration image -> org.hibernate.type.BasicTypeReference@1e12a5a6
2026-08-26T20:30:56.646-04:00 DEBUG 23008 --- [veterinaria] [main] org.hibernate.type.BasicTypeRegistry     : Adding type registration blob -> org.hibernate.type.BasicTypeReference@4877919f
2026-08-26T20:30:56.647-04:00 DEBUG 23008 --- [veterinaria] [main] org.hibernate.type.BasicTypeRegistry     : Adding type registration java.sql.Blob -> org.hibernate.type.BasicTypeReference@4877919f
2026-08-26T20:30:56.647-04:00 DEBUG 23008 --- [veterinaria] [main] org.hibernate.type.BasicTypeRegistry     : Adding type registration materialized_blob -> org.hibernate.type.BasicTypeReference@47a7c93e
2026-08-26T20:30:56.647-04:00 DEBUG 23008 --- [veterinaria] [main] org.hibernate.type.BasicTypeRegistry     : Adding type registration materialized_blob_wrapper -> org.hibernate.type.BasicTypeReference@6f9ab79d
2026-08-26T20:30:56.647-04:00 DEBUG 23008 --- [veterinaria] [main] org.hibernate.type.BasicTypeRegistry     : Adding type registration short -> org.hibernate.type.BasicTypeReference@64ae105d
2026-08-26T20:30:56.647-04:00 DEBUG 23008 --- [veterinaria] [main] org.hibernate.type.BasicTypeRegistry     : Adding type registration short -> org.hibernate.type.BasicTypeReference@64ae105d
2026-08-26T20:30:56.647-04:00 DEBUG 23008 --- [veterinaria] [main] org.hibernate.type.BasicTypeRegistry     : Adding type registration java.lang.Short -> org.hibernate.type.BasicTypeReference@64ae105d
2026-08-26T20:30:56.648-04:00 DEBUG 23008 --- [veterinaria] [main] org.hibernate.type.BasicTypeRegistry     : Adding type registration integer -> org.hibernate.type.BasicTypeReference@10a18e3e
2026-08-26T20:30:56.648-04:00 DEBUG 23008 --- [veterinaria] [main] org.hibernate.type.BasicTypeRegistry     : Adding type registration int -> org.hibernate.type.BasicTypeReference@10a18e3e
2026-08-26T20:30:56.648-04:00 DEBUG 23008 --- [veterinaria] [main] org.hibernate.type.BasicTypeRegistry     : Adding type registration java.lang.Integer -> org.hibernate.type.BasicTypeReference@10a18e3e
2026-08-26T20:30:56.648-04:00 DEBUG 23008 --- [veterinaria] [main] org.hibernate.type.BasicTypeRegistry     : Adding type registration long -> org.hibernate.type.BasicTypeReference@69364b2d
2026-08-26T20:30:56.648-04:00 DEBUG 23008 --- [veterinaria] [main] org.hibernate.type.BasicTypeRegistry     : Adding type registration long -> org.hibernate.type.BasicTypeReference@69364b2d
2026-08-26T20:30:56.648-04:00 DEBUG 23008 --- [veterinaria] [main] org.hibernate.type.BasicTypeRegistry     : Adding type registration java.lang.Long -> org.hibernate.type.BasicTypeReference@69364b2d
2026-08-26T20:30:56.649-04:00 DEBUG 23008 --- [veterinaria] [main] org.hibernate.type.BasicTypeRegistry     : Adding type registration float -> org.hibernate.type.BasicTypeReference@53aa2fc9
2026-08-26T20:30:56.649-04:00 DEBUG 23008 --- [veterinaria] [main] org.hibernate.type.BasicTypeRegistry     : Adding type registration float -> org.hibernate.type.BasicTypeReference@53aa2fc9
2026-08-26T20:30:56.649-04:00 DEBUG 23008 --- [veterinaria] [main] org.hibernate.type.BasicTypeRegistry     : Adding type registration java.lang.Float -> org.hibernate.type.BasicTypeReference@53aa2fc9
2026-08-26T20:30:56.650-04:00 DEBUG 23008 --- [veterinaria] [main] org.hibernate.type.BasicTypeRegistry     : Adding type registration double -> org.hibernate.type.BasicTypeReference@4792f119
2026-08-26T20:30:56.650-04:00 DEBUG 23008 --- [veterinaria] [main] org.hibernate.type.BasicTypeRegistry     : Adding type registration double -> org.hibernate.type.BasicTypeReference@4792f119
2026-08-26T20:30:56.650-04:00 DEBUG 23008 --- [veterinaria] [main] org.hibernate.type.BasicTypeRegistry     : Adding type registration java.lang.Double -> org.hibernate.type.BasicTypeReference@4792f119
2026-08-26T20:30:56.651-04:00 DEBUG 23008 --- [veterinaria] [main] org.hibernate.type.BasicTypeRegistry     : Adding type registration big_integer -> org.hibernate.type.BasicTypeReference@5bde57ab
2026-08-26T20:30:56.651-04:00 DEBUG 23008 --- [veterinaria] [main] org.hibernate.type.BasicTypeRegistry     : Adding type registration java.math.BigInteger -> org.hibernate.type.BasicTypeReference@5bde57ab
2026-08-26T20:30:56.651-04:00 DEBUG 23008 --- [veterinaria] [main] org.hibernate.type.BasicTypeRegistry     : Adding type registration big_decimal -> org.hibernate.type.BasicTypeReference@ea00de
2026-08-26T20:30:56.652-04:00 DEBUG 23008 --- [veterinaria] [main] org.hibernate.type.BasicTypeRegistry     : Adding type registration java.math.BigDecimal -> org.hibernate.type.BasicTypeReference@ea00de
2026-08-26T20:30:56.652-04:00 DEBUG 23008 --- [veterinaria] [main] org.hibernate.type.BasicTypeRegistry     : Adding type registration character -> org.hibernate.type.BasicTypeReference@23ca36d
2026-08-26T20:30:56.652-04:00 DEBUG 23008 --- [veterinaria] [main] org.hibernate.type.BasicTypeRegistry     : Adding type registration char -> org.hibernate.type.BasicTypeReference@23ca36d
2026-08-26T20:30:56.652-04:00 DEBUG 23008 --- [veterinaria] [main] org.hibernate.type.BasicTypeRegistry     : Adding type registration java.lang.Character -> org.hibernate.type.BasicTypeReference@23ca36d
2026-08-26T20:30:56.652-04:00 DEBUG 23008 --- [veterinaria] [main] org.hibernate.type.BasicTypeRegistry     : Adding type registration character_nchar -> org.hibernate.type.BasicTypeReference@52f6900a
2026-08-26T20:30:56.652-04:00 DEBUG 23008 --- [veterinaria] [main] org.hibernate.type.BasicTypeRegistry     : Adding type registration string -> org.hibernate.type.BasicTypeReference@7bbcf6f0
2026-08-26T20:30:56.652-04:00 DEBUG 23008 --- [veterinaria] [main] org.hibernate.type.BasicTypeRegistry     : Adding type registration java.lang.String -> org.hibernate.type.BasicTypeReference@7bbcf6f0
2026-08-26T20:30:56.653-04:00 DEBUG 23008 --- [veterinaria] [main] org.hibernate.type.BasicTypeRegistry     : Adding type registration nstring -> org.hibernate.type.BasicTypeReference@2b80e5a9
2026-08-26T20:30:56.653-04:00 DEBUG 23008 --- [veterinaria] [main] org.hibernate.type.BasicTypeRegistry     : Adding type registration characters -> org.hibernate.type.BasicTypeReference@4cc01c7f
2026-08-26T20:30:56.653-04:00 DEBUG 23008 --- [veterinaria] [main] org.hibernate.type.BasicTypeRegistry     : Adding type registration char[] -> org.hibernate.type.BasicTypeReference@4cc01c7f
2026-08-26T20:30:56.653-04:00 DEBUG 23008 --- [veterinaria] [main] org.hibernate.type.BasicTypeRegistry     : Adding type registration [C -> org.hibernate.type.BasicTypeReference@4cc01c7f
2026-08-26T20:30:56.653-04:00 DEBUG 23008 --- [veterinaria] [main] org.hibernate.type.BasicTypeRegistry     : Adding type registration wrapper-characters -> org.hibernate.type.BasicTypeReference@2a50b32d
2026-08-26T20:30:56.653-04:00 DEBUG 23008 --- [veterinaria] [main] org.hibernate.type.BasicTypeRegistry     : Adding type registration text -> org.hibernate.type.BasicTypeReference@36c7cbe1
2026-08-26T20:30:56.654-04:00 DEBUG 23008 --- [veterinaria] [main] org.hibernate.type.BasicTypeRegistry     : Adding type registration ntext -> org.hibernate.type.BasicTypeReference@1ac6dd3d
2026-08-26T20:30:56.654-04:00 DEBUG 23008 --- [veterinaria] [main] org.hibernate.type.BasicTypeRegistry     : Adding type registration clob -> org.hibernate.type.BasicTypeReference@562919fe
2026-08-26T20:30:56.654-04:00 DEBUG 23008 --- [veterinaria] [main] org.hibernate.type.BasicTypeRegistry     : Adding type registration java.sql.Clob -> org.hibernate.type.BasicTypeReference@562919fe
2026-08-26T20:30:56.654-04:00 DEBUG 23008 --- [veterinaria] [main] org.hibernate.type.BasicTypeRegistry     : Adding type registration nclob -> org.hibernate.type.BasicTypeReference@794f11cd
2026-08-26T20:30:56.654-04:00 DEBUG 23008 --- [veterinaria] [main] org.hibernate.type.BasicTypeRegistry     : Adding type registration java.sql.NClob -> org.hibernate.type.BasicTypeReference@794f11cd
2026-08-26T20:30:56.654-04:00 DEBUG 23008 --- [veterinaria] [main] org.hibernate.type.BasicTypeRegistry     : Adding type registration materialized_clob -> org.hibernate.type.BasicTypeReference@715f45c6
2026-08-26T20:30:56.654-04:00 DEBUG 23008 --- [veterinaria] [main] org.hibernate.type.BasicTypeRegistry     : Adding type registration materialized_clob_char_array -> org.hibernate.type.BasicTypeReference@5d5c41e5
2026-08-26T20:30:56.655-04:00 DEBUG 23008 --- [veterinaria] [main] org.hibernate.type.BasicTypeRegistry     : Adding type registration materialized_clob_character_array -> org.hibernate.type.BasicTypeReference@43245559
2026-08-26T20:30:56.655-04:00 DEBUG 23008 --- [veterinaria] [main] org.hibernate.type.BasicTypeRegistry     : Adding type registration materialized_nclob -> org.hibernate.type.BasicTypeReference@42e4e589
2026-08-26T20:30:56.655-04:00 DEBUG 23008 --- [veterinaria] [main] org.hibernate.type.BasicTypeRegistry     : Adding type registration materialized_nclob_character_array -> org.hibernate.type.BasicTypeReference@499ee966
2026-08-26T20:30:56.655-04:00 DEBUG 23008 --- [veterinaria] [main] org.hibernate.type.BasicTypeRegistry     : Adding type registration materialized_nclob_char_array -> org.hibernate.type.BasicTypeReference@76f2dad9
2026-08-26T20:30:56.655-04:00 DEBUG 23008 --- [veterinaria] [main] org.hibernate.type.BasicTypeRegistry     : Adding type registration Duration -> org.hibernate.type.BasicTypeReference@171dc7c3
2026-08-26T20:30:56.655-04:00 DEBUG 23008 --- [veterinaria] [main] org.hibernate.type.BasicTypeRegistry     : Adding type registration java.time.Duration -> org.hibernate.type.BasicTypeReference@171dc7c3
2026-08-26T20:30:56.656-04:00 DEBUG 23008 --- [veterinaria] [main] org.hibernate.type.BasicTypeRegistry     : Adding type registration LocalDateTime -> org.hibernate.type.BasicTypeReference@72b0a004
2026-08-26T20:30:56.656-04:00 DEBUG 23008 --- [veterinaria] [main] org.hibernate.type.BasicTypeRegistry     : Adding type registration java.time.LocalDateTime -> org.hibernate.type.BasicTypeReference@72b0a004
2026-08-26T20:30:56.656-04:00 DEBUG 23008 --- [veterinaria] [main] org.hibernate.type.BasicTypeRegistry     : Adding type registration LocalDate -> org.hibernate.type.BasicTypeReference@4cdba2ed
2026-08-26T20:30:56.656-04:00 DEBUG 23008 --- [veterinaria] [main] org.hibernate.type.BasicTypeRegistry     : Adding type registration java.time.LocalDate -> org.hibernate.type.BasicTypeReference@4cdba2ed
2026-08-26T20:30:56.656-04:00 DEBUG 23008 --- [veterinaria] [main] org.hibernate.type.BasicTypeRegistry     : Adding type registration LocalTime -> org.hibernate.type.BasicTypeReference@2c1f8dbd
2026-08-26T20:30:56.656-04:00 DEBUG 23008 --- [veterinaria] [main] org.hibernate.type.BasicTypeRegistry     : Adding type registration java.time.LocalTime -> org.hibernate.type.BasicTypeReference@2c1f8dbd
2026-08-26T20:30:56.656-04:00 DEBUG 23008 --- [veterinaria] [main] org.hibernate.type.BasicTypeRegistry     : Adding type registration OffsetDateTime -> org.hibernate.type.BasicTypeReference@55c57422
2026-08-26T20:30:56.657-04:00 DEBUG 23008 --- [veterinaria] [main] org.hibernate.type.BasicTypeRegistry     : Adding type registration java.time.OffsetDateTime -> org.hibernate.type.BasicTypeReference@55c57422
2026-08-26T20:30:56.658-04:00 DEBUG 23008 --- [veterinaria] [main] org.hibernate.type.BasicTypeRegistry     : Adding type registration OffsetDateTimeWithTimezone -> org.hibernate.type.BasicTypeReference@22825e1e
2026-08-26T20:30:56.658-04:00 DEBUG 23008 --- [veterinaria] [main] org.hibernate.type.BasicTypeRegistry     : Adding type registration OffsetDateTimeWithoutTimezone -> org.hibernate.type.BasicTypeReference@63fd4dda
2026-08-26T20:30:56.658-04:00 DEBUG 23008 --- [veterinaria] [main] org.hibernate.type.BasicTypeRegistry     : Adding type registration OffsetTime -> org.hibernate.type.BasicTypeReference@1d6751e3
2026-08-26T20:30:56.658-04:00 DEBUG 23008 --- [veterinaria] [main] org.hibernate.type.BasicTypeRegistry     : Adding type registration java.time.OffsetTime -> org.hibernate.type.BasicTypeReference@1d6751e3
2026-08-26T20:30:56.658-04:00 DEBUG 23008 --- [veterinaria] [main] org.hibernate.type.BasicTypeRegistry     : Adding type registration OffsetTimeUtc -> org.hibernate.type.BasicTypeReference@2d258eff
2026-08-26T20:30:56.658-04:00 DEBUG 23008 --- [veterinaria] [main] org.hibernate.type.BasicTypeRegistry     : Adding type registration OffsetTimeWithTimezone -> org.hibernate.type.BasicTypeReference@64502326
2026-08-26T20:30:56.659-04:00 DEBUG 23008 --- [veterinaria] [main] org.hibernate.type.BasicTypeRegistry     : Adding type registration OffsetTimeWithoutTimezone -> org.hibernate.type.BasicTypeReference@6dca31eb
2026-08-26T20:30:56.660-04:00 DEBUG 23008 --- [veterinaria] [main] org.hibernate.type.BasicTypeRegistry     : Adding type registration ZonedDateTime -> org.hibernate.type.BasicTypeReference@4a058df8
2026-08-26T20:30:56.660-04:00 DEBUG 23008 --- [veterinaria] [main] org.hibernate.type.BasicTypeRegistry     : Adding type registration java.time.ZonedDateTime -> org.hibernate.type.BasicTypeReference@4a058df8
2026-08-26T20:30:56.662-04:00 DEBUG 23008 --- [veterinaria] [main] org.hibernate.type.BasicTypeRegistry     : Adding type registration ZonedDateTimeWithTimezone -> org.hibernate.type.BasicTypeReference@4b56b031
2026-08-26T20:30:56.662-04:00 DEBUG 23008 --- [veterinaria] [main] org.hibernate.type.BasicTypeRegistry     : Adding type registration ZonedDateTimeWithoutTimezone -> org.hibernate.type.BasicTypeReference@2e7af36e
2026-08-26T20:30:56.663-04:00 DEBUG 23008 --- [veterinaria] [main] org.hibernate.type.BasicTypeRegistry     : Adding type registration date -> org.hibernate.type.BasicTypeReference@1283ca23
2026-08-26T20:30:56.663-04:00 DEBUG 23008 --- [veterinaria] [main] org.hibernate.type.BasicTypeRegistry     : Adding type registration java.sql.Date -> org.hibernate.type.BasicTypeReference@1283ca23
2026-08-26T20:30:56.663-04:00 DEBUG 23008 --- [veterinaria] [main] org.hibernate.type.BasicTypeRegistry     : Adding type registration time -> org.hibernate.type.BasicTypeReference@740fefc6
2026-08-26T20:30:56.664-04:00 DEBUG 23008 --- [veterinaria] [main] org.hibernate.type.BasicTypeRegistry     : Adding type registration java.sql.Time -> org.hibernate.type.BasicTypeReference@740fefc6
2026-08-26T20:30:56.664-04:00 DEBUG 23008 --- [veterinaria] [main] org.hibernate.type.BasicTypeRegistry     : Adding type registration timestamp -> org.hibernate.type.BasicTypeReference@aa61e4e
2026-08-26T20:30:56.664-04:00 DEBUG 23008 --- [veterinaria] [main] org.hibernate.type.BasicTypeRegistry     : Adding type registration java.sql.Timestamp -> org.hibernate.type.BasicTypeReference@aa61e4e
2026-08-26T20:30:56.664-04:00 DEBUG 23008 --- [veterinaria] [main] org.hibernate.type.BasicTypeRegistry     : Adding type registration java.util.Date -> org.hibernate.type.BasicTypeReference@aa61e4e
2026-08-26T20:30:56.665-04:00 DEBUG 23008 --- [veterinaria] [main] org.hibernate.type.BasicTypeRegistry     : Adding type registration calendar -> org.hibernate.type.BasicTypeReference@733e6df7
2026-08-26T20:30:56.665-04:00 DEBUG 23008 --- [veterinaria] [main] org.hibernate.type.BasicTypeRegistry     : Adding type registration java.util.Calendar -> org.hibernate.type.BasicTypeReference@733e6df7
2026-08-26T20:30:56.665-04:00 DEBUG 23008 --- [veterinaria] [main] org.hibernate.type.BasicTypeRegistry     : Adding type registration java.util.GregorianCalendar -> org.hibernate.type.BasicTypeReference@733e6df7
2026-08-26T20:30:56.665-04:00 DEBUG 23008 --- [veterinaria] [main] org.hibernate.type.BasicTypeRegistry     : Adding type registration calendar_date -> org.hibernate.type.BasicTypeReference@7fe07361
2026-08-26T20:30:56.666-04:00 DEBUG 23008 --- [veterinaria] [main] org.hibernate.type.BasicTypeRegistry     : Adding type registration calendar_time -> org.hibernate.type.BasicTypeReference@741ac284
2026-08-26T20:30:56.666-04:00 DEBUG 23008 --- [veterinaria] [main] org.hibernate.type.BasicTypeRegistry     : Adding type registration instant -> org.hibernate.type.BasicTypeReference@4ef4f627
2026-08-26T20:30:56.666-04:00 DEBUG 23008 --- [veterinaria] [main] org.hibernate.type.BasicTypeRegistry     : Adding type registration java.time.Instant -> org.hibernate.type.BasicTypeReference@4ef4f627
2026-08-26T20:30:56.667-04:00 DEBUG 23008 --- [veterinaria] [main] org.hibernate.type.BasicTypeRegistry     : Adding type registration uuid -> org.hibernate.type.BasicTypeReference@4ea56bdb
2026-08-26T20:30:56.667-04:00 DEBUG 23008 --- [veterinaria] [main] org.hibernate.type.BasicTypeRegistry     : Adding type registration java.util.UUID -> org.hibernate.type.BasicTypeReference@4ea56bdb
2026-08-26T20:30:56.669-04:00 DEBUG 23008 --- [veterinaria] [main] org.hibernate.type.BasicTypeRegistry     : Adding type registration pg-uuid -> org.hibernate.type.BasicTypeReference@4ea56bdb
2026-08-26T20:30:56.670-04:00 DEBUG 23008 --- [veterinaria] [main] org.hibernate.type.BasicTypeRegistry     : Adding type registration uuid-binary -> org.hibernate.type.BasicTypeReference@32227215
2026-08-26T20:30:56.670-04:00 DEBUG 23008 --- [veterinaria] [main] org.hibernate.type.BasicTypeRegistry     : Adding type registration uuid-char -> org.hibernate.type.BasicTypeReference@108e9837
2026-08-26T20:30:56.671-04:00 DEBUG 23008 --- [veterinaria] [main] org.hibernate.type.BasicTypeRegistry     : Adding type registration class -> org.hibernate.type.BasicTypeReference@79a201cf
2026-08-26T20:30:56.671-04:00 DEBUG 23008 --- [veterinaria] [main] org.hibernate.type.BasicTypeRegistry     : Adding type registration java.lang.Class -> org.hibernate.type.BasicTypeReference@79a201cf
2026-08-26T20:30:56.671-04:00 DEBUG 23008 --- [veterinaria] [main] org.hibernate.type.BasicTypeRegistry     : Adding type registration currency -> org.hibernate.type.BasicTypeReference@1cbc5693
2026-08-26T20:30:56.671-04:00 DEBUG 23008 --- [veterinaria] [main] org.hibernate.type.BasicTypeRegistry     : Adding type registration Currency -> org.hibernate.type.BasicTypeReference@1cbc5693
2026-08-26T20:30:56.671-04:00 DEBUG 23008 --- [veterinaria] [main] org.hibernate.type.BasicTypeRegistry     : Adding type registration java.util.Currency -> org.hibernate.type.BasicTypeReference@1cbc5693
2026-08-26T20:30:56.672-04:00 DEBUG 23008 --- [veterinaria] [main] org.hibernate.type.BasicTypeRegistry     : Adding type registration locale -> org.hibernate.type.BasicTypeReference@3d2f3dcb
2026-08-26T20:30:56.672-04:00 DEBUG 23008 --- [veterinaria] [main] org.hibernate.type.BasicTypeRegistry     : Adding type registration java.util.Locale -> org.hibernate.type.BasicTypeReference@3d2f3dcb
2026-08-26T20:30:56.672-04:00 DEBUG 23008 --- [veterinaria] [main] org.hibernate.type.BasicTypeRegistry     : Adding type registration serializable -> org.hibernate.type.BasicTypeReference@59845579
2026-08-26T20:30:56.672-04:00 DEBUG 23008 --- [veterinaria] [main] org.hibernate.type.BasicTypeRegistry     : Adding type registration java.io.Serializable -> org.hibernate.type.BasicTypeReference@59845579
2026-08-26T20:30:56.673-04:00 DEBUG 23008 --- [veterinaria] [main] org.hibernate.type.BasicTypeRegistry     : Adding type registration timezone -> org.hibernate.type.BasicTypeReference@30c19bff
2026-08-26T20:30:56.673-04:00 DEBUG 23008 --- [veterinaria] [main] org.hibernate.type.BasicTypeRegistry     : Adding type registration java.util.TimeZone -> org.hibernate.type.BasicTypeReference@30c19bff
2026-08-26T20:30:56.673-04:00 DEBUG 23008 --- [veterinaria] [main] org.hibernate.type.BasicTypeRegistry     : Adding type registration ZoneOffset -> org.hibernate.type.BasicTypeReference@4e375bba
2026-08-26T20:30:56.673-04:00 DEBUG 23008 --- [veterinaria] [main] org.hibernate.type.BasicTypeRegistry     : Adding type registration java.time.ZoneOffset -> org.hibernate.type.BasicTypeReference@4e375bba
2026-08-26T20:30:56.673-04:00 DEBUG 23008 --- [veterinaria] [main] org.hibernate.type.BasicTypeRegistry     : Adding type registration url -> org.hibernate.type.BasicTypeReference@ab2e6d2
2026-08-26T20:30:56.673-04:00 DEBUG 23008 --- [veterinaria] [main] org.hibernate.type.BasicTypeRegistry     : Adding type registration java.net.URL -> org.hibernate.type.BasicTypeReference@ab2e6d2
2026-08-26T20:30:56.674-04:00 DEBUG 23008 --- [veterinaria] [main] org.hibernate.type.BasicTypeRegistry     : Adding type registration vector -> org.hibernate.type.BasicTypeReference@71664560
2026-08-26T20:30:56.674-04:00 DEBUG 23008 --- [veterinaria] [main] org.hibernate.type.BasicTypeRegistry     : Adding type registration row_version -> org.hibernate.type.BasicTypeReference@4d4436d0
2026-08-26T20:30:56.680-04:00 DEBUG 23008 --- [veterinaria] [main] org.hibernate.type.BasicTypeRegistry     : Adding type registration object -> org.hibernate.type.JavaObjectType@19b07407
2026-08-26T20:30:56.681-04:00 DEBUG 23008 --- [veterinaria] [main] org.hibernate.type.BasicTypeRegistry     : Adding type registration java.lang.Object -> org.hibernate.type.JavaObjectType@19b07407
2026-08-26T20:30:56.682-04:00 DEBUG 23008 --- [veterinaria] [main] org.hibernate.type.BasicTypeRegistry     : Adding type registration null -> org.hibernate.type.NullType@124d26ba
2026-08-26T20:30:56.682-04:00 DEBUG 23008 --- [veterinaria] [main] org.hibernate.type.BasicTypeRegistry     : Adding type registration imm_date -> org.hibernate.type.BasicTypeReference@415d88de
2026-08-26T20:30:56.682-04:00 DEBUG 23008 --- [veterinaria] [main] org.hibernate.type.BasicTypeRegistry     : Adding type registration imm_time -> org.hibernate.type.BasicTypeReference@a0bf272
2026-08-26T20:30:56.682-04:00 DEBUG 23008 --- [veterinaria] [main] org.hibernate.type.BasicTypeRegistry     : Adding type registration imm_timestamp -> org.hibernate.type.BasicTypeReference@4a89ef44
2026-08-26T20:30:56.683-04:00 DEBUG 23008 --- [veterinaria] [main] org.hibernate.type.BasicTypeRegistry     : Adding type registration imm_calendar -> org.hibernate.type.BasicTypeReference@310a7859
2026-08-26T20:30:56.683-04:00 DEBUG 23008 --- [veterinaria] [main] org.hibernate.type.BasicTypeRegistry     : Adding type registration imm_calendar_date -> org.hibernate.type.BasicTypeReference@1cbc1dde
2026-08-26T20:30:56.683-04:00 DEBUG 23008 --- [veterinaria] [main] org.hibernate.type.BasicTypeRegistry     : Adding type registration imm_calendar_time -> org.hibernate.type.BasicTypeReference@4971f459
2026-08-26T20:30:56.683-04:00 DEBUG 23008 --- [veterinaria] [main] org.hibernate.type.BasicTypeRegistry     : Adding type registration imm_binary -> org.hibernate.type.BasicTypeReference@4c07d1fc
2026-08-26T20:30:56.683-04:00 DEBUG 23008 --- [veterinaria] [main] org.hibernate.type.BasicTypeRegistry     : Adding type registration imm_serializable -> org.hibernate.type.BasicTypeReference@2eada095
2026-08-26T20:30:56.687-04:00 TRACE 23008 --- [veterinaria] [main] o.h.q.sqm.function.SqmFunctionRegistry   : SqmFunctionRegistry created
2026-08-26T20:30:56.688-04:00 TRACE 23008 --- [veterinaria] [main] o.h.s.i.AbstractServiceRegistryImpl      : Initializing service [role=org.hibernate.boot.cfgxml.spi.CfgXmlAccessService]
2026-08-26T20:30:56.691-04:00 DEBUG 23008 --- [veterinaria] [main] o.h.boot.internal.BootstrapContextImpl   : Injecting JPA temp ClassLoader [org.springframework.instrument.classloading.SimpleThrowawayClassLoader@498a612d] into BootstrapContext; was [null]
2026-08-26T20:30:56.692-04:00 DEBUG 23008 --- [veterinaria] [main] o.h.boot.internal.ClassLoaderAccessImpl  : ClassLoaderAccessImpl#injectTempClassLoader(org.springframework.instrument.classloading.SimpleThrowawayClassLoader@498a612d) [was null]
2026-08-26T20:30:56.694-04:00 DEBUG 23008 --- [veterinaria] [main] o.h.boot.internal.BootstrapContextImpl   : Injecting ScanEnvironment [org.hibernate.jpa.boot.internal.StandardJpaScanEnvironmentImpl@c1e14f] into BootstrapContext; was [null]
2026-08-26T20:30:56.694-04:00 DEBUG 23008 --- [veterinaria] [main] o.h.boot.internal.BootstrapContextImpl   : Injecting ScanOptions [org.hibernate.boot.archive.scan.internal.StandardScanOptions@226de93c] into BootstrapContext; was [org.hibernate.boot.archive.scan.internal.StandardScanOptions@72028a45]
2026-08-26T20:30:56.883-04:00  INFO 23008 --- [veterinaria] [main] o.s.o.j.p.SpringPersistenceUnitInfo      : No LoadTimeWeaver setup: ignoring JPA class transformer
2026-08-26T20:30:56.884-04:00 DEBUG 23008 --- [veterinaria] [main] o.h.boot.internal.BootstrapContextImpl   : Injecting JPA temp ClassLoader [null] into BootstrapContext; was [org.springframework.instrument.classloading.SimpleThrowawayClassLoader@498a612d]
2026-08-26T20:30:56.884-04:00 DEBUG 23008 --- [veterinaria] [main] o.h.boot.internal.ClassLoaderAccessImpl  : ClassLoaderAccessImpl#injectTempClassLoader(null) [was org.springframework.instrument.classloading.SimpleThrowawayClassLoader@498a612d]
2026-08-26T20:30:56.895-04:00 TRACE 23008 --- [veterinaria] [main] o.h.s.i.AbstractServiceRegistryImpl      : Initializing service [role=org.hibernate.engine.jdbc.env.spi.JdbcEnvironment]
2026-08-26T20:30:56.895-04:00 TRACE 23008 --- [veterinaria] [main] o.h.s.i.AbstractServiceRegistryImpl      : Initializing service [role=org.hibernate.engine.jdbc.dialect.spi.DialectFactory]
2026-08-26T20:30:56.897-04:00 TRACE 23008 --- [veterinaria] [main] o.h.s.i.AbstractServiceRegistryImpl      : Initializing service [role=org.hibernate.engine.jdbc.dialect.spi.DialectResolver]
2026-08-26T20:30:56.904-04:00 TRACE 23008 --- [veterinaria] [main] o.h.s.i.AbstractServiceRegistryImpl      : Initializing service [role=org.hibernate.engine.jdbc.connections.spi.MultiTenantConnectionProvider]
2026-08-26T20:30:56.904-04:00 TRACE 23008 --- [veterinaria] [main] o.h.s.i.AbstractServiceRegistryImpl      : Initializing service [role=org.hibernate.engine.jdbc.connections.spi.ConnectionProvider]
2026-08-26T20:30:56.904-04:00 TRACE 23008 --- [veterinaria] [main] o.h.s.i.AbstractServiceRegistryImpl      : Initializing service [role=org.hibernate.engine.jdbc.connections.spi.MultiTenantConnectionProvider]
2026-08-26T20:30:56.906-04:00 TRACE 23008 --- [veterinaria] [main] o.h.s.i.AbstractServiceRegistryImpl      : Initializing service [role=org.hibernate.engine.jndi.spi.JndiService]
2026-08-26T20:30:56.914-04:00 TRACE 23008 --- [veterinaria] [main] o.h.s.i.AbstractServiceRegistryImpl      : Initializing service [role=org.hibernate.resource.transaction.spi.TransactionCoordinatorBuilder]
2026-08-26T20:30:56.927-04:00 DEBUG 23008 --- [veterinaria] [main] com.zaxxer.hikari.HikariConfig           : HikariPool-1 - configuration:
2026-08-26T20:30:56.935-04:00 DEBUG 23008 --- [veterinaria] [main] com.zaxxer.hikari.HikariConfig           : allowPoolSuspension.............false
2026-08-26T20:30:56.936-04:00 DEBUG 23008 --- [veterinaria] [main] com.zaxxer.hikari.HikariConfig           : autoCommit......................true
2026-08-26T20:30:56.937-04:00 DEBUG 23008 --- [veterinaria] [main] com.zaxxer.hikari.HikariConfig           : catalog.........................none
2026-08-26T20:30:56.938-04:00 DEBUG 23008 --- [veterinaria] [main] com.zaxxer.hikari.HikariConfig           : connectionInitSql...............none
2026-08-26T20:30:56.939-04:00 DEBUG 23008 --- [veterinaria] [main] com.zaxxer.hikari.HikariConfig           : connectionTestQuery.............none
2026-08-26T20:30:56.941-04:00 DEBUG 23008 --- [veterinaria] [main] com.zaxxer.hikari.HikariConfig           : connectionTimeout...............30000
2026-08-26T20:30:56.942-04:00 DEBUG 23008 --- [veterinaria] [main] com.zaxxer.hikari.HikariConfig           : dataSource......................none
2026-08-26T20:30:56.942-04:00 DEBUG 23008 --- [veterinaria] [main] com.zaxxer.hikari.HikariConfig           : dataSourceClassName.............none
2026-08-26T20:30:56.943-04:00 DEBUG 23008 --- [veterinaria] [main] com.zaxxer.hikari.HikariConfig           : dataSourceJNDI..................none
2026-08-26T20:30:56.944-04:00 DEBUG 23008 --- [veterinaria] [main] com.zaxxer.hikari.HikariConfig           : dataSourceProperties............{password=<masked>}
2026-08-26T20:30:56.945-04:00 DEBUG 23008 --- [veterinaria] [main] com.zaxxer.hikari.HikariConfig           : driverClassName................."com.mysql.cj.jdbc.Driver"
2026-08-26T20:30:56.945-04:00 DEBUG 23008 --- [veterinaria] [main] com.zaxxer.hikari.HikariConfig           : exceptionOverrideClassName......none
2026-08-26T20:30:56.947-04:00 DEBUG 23008 --- [veterinaria] [main] com.zaxxer.hikari.HikariConfig           : healthCheckProperties...........{}
2026-08-26T20:30:56.948-04:00 DEBUG 23008 --- [veterinaria] [main] com.zaxxer.hikari.HikariConfig           : healthCheckRegistry.............none
2026-08-26T20:30:56.949-04:00 DEBUG 23008 --- [veterinaria] [main] com.zaxxer.hikari.HikariConfig           : idleTimeout.....................600000
2026-08-26T20:30:56.950-04:00 DEBUG 23008 --- [veterinaria] [main] com.zaxxer.hikari.HikariConfig           : initializationFailTimeout.......1
2026-08-26T20:30:56.951-04:00 DEBUG 23008 --- [veterinaria] [main] com.zaxxer.hikari.HikariConfig           : isolateInternalQueries..........false
2026-08-26T20:30:56.952-04:00 DEBUG 23008 --- [veterinaria] [main] com.zaxxer.hikari.HikariConfig           : jdbcUrl.........................jdbc:mysql://localhost:3307/mydatabase
2026-08-26T20:30:56.954-04:00 DEBUG 23008 --- [veterinaria] [main] com.zaxxer.hikari.HikariConfig           : keepaliveTime...................0
2026-08-26T20:30:56.955-04:00 DEBUG 23008 --- [veterinaria] [main] com.zaxxer.hikari.HikariConfig           : leakDetectionThreshold..........0
2026-08-26T20:30:56.956-04:00 DEBUG 23008 --- [veterinaria] [main] com.zaxxer.hikari.HikariConfig           : maxLifetime.....................1800000
2026-08-26T20:30:56.956-04:00 DEBUG 23008 --- [veterinaria] [main] com.zaxxer.hikari.HikariConfig           : maximumPoolSize.................10
2026-08-26T20:30:56.957-04:00 DEBUG 23008 --- [veterinaria] [main] com.zaxxer.hikari.HikariConfig           : metricRegistry..................none
2026-08-26T20:30:56.958-04:00 DEBUG 23008 --- [veterinaria] [main] com.zaxxer.hikari.HikariConfig           : metricsTrackerFactory...........none
2026-08-26T20:30:56.959-04:00 DEBUG 23008 --- [veterinaria] [main] com.zaxxer.hikari.HikariConfig           : minimumIdle.....................10
2026-08-26T20:30:56.959-04:00 DEBUG 23008 --- [veterinaria] [main] com.zaxxer.hikari.HikariConfig           : password........................<masked>
2026-08-26T20:30:56.960-04:00 DEBUG 23008 --- [veterinaria] [main] com.zaxxer.hikari.HikariConfig           : poolName........................"HikariPool-1"
2026-08-26T20:30:56.961-04:00 DEBUG 23008 --- [veterinaria] [main] com.zaxxer.hikari.HikariConfig           : readOnly........................false
2026-08-26T20:30:56.961-04:00 DEBUG 23008 --- [veterinaria] [main] com.zaxxer.hikari.HikariConfig           : registerMbeans..................false
2026-08-26T20:30:56.962-04:00 DEBUG 23008 --- [veterinaria] [main] com.zaxxer.hikari.HikariConfig           : scheduledExecutor...............none
2026-08-26T20:30:56.962-04:00 DEBUG 23008 --- [veterinaria] [main] com.zaxxer.hikari.HikariConfig           : schema..........................none
2026-08-26T20:30:56.963-04:00 DEBUG 23008 --- [veterinaria] [main] com.zaxxer.hikari.HikariConfig           : threadFactory...................internal
2026-08-26T20:30:56.964-04:00 DEBUG 23008 --- [veterinaria] [main] com.zaxxer.hikari.HikariConfig           : transactionIsolation............default
2026-08-26T20:30:56.964-04:00 DEBUG 23008 --- [veterinaria] [main] com.zaxxer.hikari.HikariConfig           : username........................"myuser"
2026-08-26T20:30:56.965-04:00 DEBUG 23008 --- [veterinaria] [main] com.zaxxer.hikari.HikariConfig           : validationTimeout...............5000
2026-08-26T20:30:56.965-04:00  INFO 23008 --- [veterinaria] [main] com.zaxxer.hikari.HikariDataSource       : HikariPool-1 - Starting...
2026-08-26T20:30:57.458-04:00  INFO 23008 --- [veterinaria] [main] com.zaxxer.hikari.pool.HikariPool        : HikariPool-1 - Added connection com.mysql.cj.jdbc.ConnectionImpl@5e3d2765
2026-08-26T20:30:57.461-04:00  INFO 23008 --- [veterinaria] [main] com.zaxxer.hikari.HikariDataSource       : HikariPool-1 - Start completed.
2026-08-26T20:30:57.465-04:00 DEBUG 23008 --- [veterinaria] [main] o.h.e.j.e.i.JdbcEnvironmentInitiator     : Database ->
       name : MySQL
    version : 8.0.32
      major : 8
      minor : 0
2026-08-26T20:30:57.466-04:00 DEBUG 23008 --- [veterinaria] [main] o.h.e.j.e.i.JdbcEnvironmentInitiator     : Driver ->
       name : MySQL Connector/J
    version : mysql-connector-j-8.3.0 (Revision: 805f872a57875f311cb82487efcfb070411a3fa0)
      major : 8
      minor : 3
2026-08-26T20:30:57.466-04:00 DEBUG 23008 --- [veterinaria] [main] o.h.e.j.e.i.JdbcEnvironmentInitiator     : JDBC version : 4.2
2026-08-26T20:30:57.540-04:00 DEBUG 23008 --- [veterinaria] [main] org.hibernate.orm.dialect                : HHH035001: Using dialect: org.hibernate.dialect.MySQLDialect, version: 8.0.32
2026-08-26T20:30:57.546-04:00 DEBUG 23008 --- [veterinaria] [main] o.h.e.j.env.spi.IdentifierHelperBuilder  : JDBC driver metadata reported database stores quoted identifiers in more than one case
2026-08-26T20:30:57.547-04:00 DEBUG 23008 --- [veterinaria] [main] o.h.e.j.env.spi.IdentifierHelperBuilder  : IdentifierCaseStrategy for both quoted and unquoted identifiers was set to the same strategy [MIXED]; that will likely lead to problems in schema update and validation if using quoted identifiers
2026-08-26T20:30:57.553-04:00 TRACE 23008 --- [veterinaria] [main] .e.j.e.i.NormalizingIdentifierHelperImpl : Normalizing identifier quoting [mydatabase]
2026-08-26T20:30:57.553-04:00 TRACE 23008 --- [veterinaria] [main] .e.j.e.i.NormalizingIdentifierHelperImpl : Normalizing identifier quoting [null]
2026-08-26T20:30:57.565-04:00 DEBUG 23008 --- [veterinaria] [HikariPool-1 housekeeper] com.zaxxer.hikari.pool.HikariPool        : HikariPool-1 - Pool stats (total=1, active=1, idle=0, waiting=0)
2026-08-26T20:30:57.566-04:00 TRACE 23008 --- [veterinaria] [main] o.h.s.i.AbstractServiceRegistryImpl      : Initializing service [role=org.hibernate.engine.jdbc.spi.JdbcServices]
2026-08-26T20:30:57.567-04:00 TRACE 23008 --- [veterinaria] [main] o.h.s.i.AbstractServiceRegistryImpl      : Initializing service [role=org.hibernate.engine.jdbc.spi.SqlStatementLogger]
2026-08-26T20:30:57.569-04:00 TRACE 23008 --- [veterinaria] [main] o.h.s.i.AbstractServiceRegistryImpl      : Initializing service [role=org.hibernate.sql.ast.spi.ParameterMarkerStrategy]
2026-08-26T20:30:57.588-04:00 DEBUG 23008 --- [veterinaria] [main] o.h.t.d.sql.spi.DdlTypeRegistry          : addDescriptor(12, org.hibernate.type.descriptor.sql.internal.CapacityDependentDdlType@12214f2f) replaced previous registration(org.hibernate.type.descriptor.sql.internal.CapacityDependentDdlType@756c67cd)
2026-08-26T20:30:57.588-04:00 DEBUG 23008 --- [veterinaria] [main] o.h.t.d.sql.spi.DdlTypeRegistry          : addDescriptor(-9, org.hibernate.type.descriptor.sql.internal.CapacityDependentDdlType@50de907a) replaced previous registration(org.hibernate.type.descriptor.sql.internal.CapacityDependentDdlType@1fd37440)
2026-08-26T20:30:57.589-04:00 DEBUG 23008 --- [veterinaria] [main] o.h.t.d.sql.spi.DdlTypeRegistry          : addDescriptor(-3, org.hibernate.type.descriptor.sql.internal.CapacityDependentDdlType@79308a2) replaced previous registration(org.hibernate.type.descriptor.sql.internal.CapacityDependentDdlType@11574592)
2026-08-26T20:30:57.589-04:00 DEBUG 23008 --- [veterinaria] [main] o.h.t.d.sql.spi.DdlTypeRegistry          : addDescriptor(4003, org.hibernate.type.descriptor.sql.internal.DdlTypeImpl@352e5a82) replaced previous registration(org.hibernate.type.descriptor.sql.internal.DdlTypeImpl@315b5913)
2026-08-26T20:30:57.589-04:00 DEBUG 23008 --- [veterinaria] [main] o.h.t.d.sql.spi.DdlTypeRegistry          : addDescriptor(4001, org.hibernate.type.descriptor.sql.internal.DdlTypeImpl@2e929182) replaced previous registration(org.hibernate.type.descriptor.sql.internal.DdlTypeImpl@5423a17)
2026-08-26T20:30:57.589-04:00 DEBUG 23008 --- [veterinaria] [main] o.h.t.d.sql.spi.DdlTypeRegistry          : addDescriptor(4002, org.hibernate.type.descriptor.sql.internal.DdlTypeImpl@42ff9a77) replaced previous registration(org.hibernate.type.descriptor.sql.internal.DdlTypeImpl@2987d0fa)
2026-08-26T20:30:57.590-04:00 DEBUG 23008 --- [veterinaria] [main] o.h.t.d.sql.spi.DdlTypeRegistry          : addDescriptor(2004, org.hibernate.type.descriptor.sql.internal.CapacityDependentDdlType@13234ac9) replaced previous registration(org.hibernate.type.descriptor.sql.internal.DdlTypeImpl@7254838)
2026-08-26T20:30:57.590-04:00 DEBUG 23008 --- [veterinaria] [main] o.h.t.d.sql.spi.DdlTypeRegistry          : addDescriptor(2005, org.hibernate.type.descriptor.sql.internal.CapacityDependentDdlType@39374689) replaced previous registration(org.hibernate.type.descriptor.sql.internal.DdlTypeImpl@2e204155)
2026-08-26T20:30:57.590-04:00 DEBUG 23008 --- [veterinaria] [main] o.h.t.d.sql.spi.DdlTypeRegistry          : addDescriptor(2011, org.hibernate.type.descriptor.sql.internal.CapacityDependentDdlType@27dc335a) replaced previous registration(org.hibernate.type.descriptor.sql.internal.DdlTypeImpl@a95cb11)
2026-08-26T20:30:57.594-04:00 DEBUG 23008 --- [veterinaria] [main] o.h.t.d.jdbc.spi.JdbcTypeRegistry        : addDescriptor(NCharTypeDescriptor) replaced previous registration(CharTypeDescriptor)
2026-08-26T20:30:57.595-04:00 DEBUG 23008 --- [veterinaria] [main] o.h.t.d.jdbc.spi.JdbcTypeRegistry        : addDescriptor(NVarcharTypeDescriptor) replaced previous registration(VarcharTypeDescriptor)
2026-08-26T20:30:57.596-04:00 DEBUG 23008 --- [veterinaria] [main] o.h.t.d.jdbc.spi.JdbcTypeRegistry        : addDescriptor(LongNVarcharTypeDescriptor) replaced previous registration(LongVarcharTypeDescriptor)
2026-08-26T20:30:57.598-04:00 DEBUG 23008 --- [veterinaria] [HikariPool-1 connection adder] com.zaxxer.hikari.pool.HikariPool        : HikariPool-1 - Added connection com.mysql.cj.jdbc.ConnectionImpl@6f9b6713
2026-08-26T20:30:57.600-04:00 DEBUG 23008 --- [veterinaria] [main] o.h.t.d.jdbc.spi.JdbcTypeRegistry        : addDescriptor(NClobTypeDescriptor(DEFAULT)) replaced previous registration(ClobTypeDescriptor(DEFAULT))
2026-08-26T20:30:57.600-04:00 DEBUG 23008 --- [veterinaria] [main] o.h.t.d.jdbc.spi.JdbcTypeRegistry        : addDescriptor(2005, ClobTypeDescriptor(STREAM_BINDING)) replaced previous registration(ClobTypeDescriptor(DEFAULT))
2026-08-26T20:30:57.605-04:00 DEBUG 23008 --- [veterinaria] [main] org.hibernate.type.BasicTypeRegistry     : Adding type registration null -> org.hibernate.type.NullType@46e388ec
2026-08-26T20:30:57.605-04:00 DEBUG 23008 --- [veterinaria] [main] org.hibernate.type.BasicTypeRegistry     : Type registration key [null] overrode previous entry : `org.hibernate.type.NullType@124d26ba`
2026-08-26T20:30:57.612-04:00 DEBUG 23008 --- [veterinaria] [main] org.hibernate.type.BasicTypeRegistry     : Adding type registration org.hibernate.type.DurationType -> basicType@1(java.time.Duration,3015)
2026-08-26T20:30:57.613-04:00 DEBUG 23008 --- [veterinaria] [main] org.hibernate.type.BasicTypeRegistry     : Adding type registration Duration -> basicType@1(java.time.Duration,3015)
2026-08-26T20:30:57.614-04:00 DEBUG 23008 --- [veterinaria] [main] org.hibernate.type.BasicTypeRegistry     : Adding type registration java.time.Duration -> basicType@1(java.time.Duration,3015)
2026-08-26T20:30:57.628-04:00 DEBUG 23008 --- [veterinaria] [main] org.hibernate.type.BasicTypeRegistry     : Adding type registration org.hibernate.type.OffsetDateTimeType -> basicType@2(java.time.OffsetDateTime,3003)
2026-08-26T20:30:57.629-04:00 DEBUG 23008 --- [veterinaria] [main] org.hibernate.type.BasicTypeRegistry     : Adding type registration OffsetDateTime -> basicType@2(java.time.OffsetDateTime,3003)
2026-08-26T20:30:57.630-04:00 DEBUG 23008 --- [veterinaria] [main] org.hibernate.type.BasicTypeRegistry     : Adding type registration java.time.OffsetDateTime -> basicType@2(java.time.OffsetDateTime,3003)
2026-08-26T20:30:57.631-04:00 DEBUG 23008 --- [veterinaria] [main] org.hibernate.type.BasicTypeRegistry     : Adding type registration org.hibernate.type.ZonedDateTimeType -> basicType@3(java.time.ZonedDateTime,3003)
2026-08-26T20:30:57.631-04:00 DEBUG 23008 --- [veterinaria] [main] org.hibernate.type.BasicTypeRegistry     : Adding type registration ZonedDateTime -> basicType@3(java.time.ZonedDateTime,3003)
2026-08-26T20:30:57.632-04:00 DEBUG 23008 --- [veterinaria] [main] org.hibernate.type.BasicTypeRegistry     : Adding type registration java.time.ZonedDateTime -> basicType@3(java.time.ZonedDateTime,3003)
2026-08-26T20:30:57.634-04:00 DEBUG 23008 --- [veterinaria] [main] org.hibernate.type.BasicTypeRegistry     : Adding type registration org.hibernate.type.OffsetTimeType -> basicType@4(java.time.OffsetTime,3007)
2026-08-26T20:30:57.637-04:00 DEBUG 23008 --- [veterinaria] [main] org.hibernate.type.BasicTypeRegistry     : Adding type registration OffsetTime -> basicType@4(java.time.OffsetTime,3007)
2026-08-26T20:30:57.637-04:00 DEBUG 23008 --- [veterinaria] [main] org.hibernate.type.BasicTypeRegistry     : Adding type registration java.time.OffsetTime -> basicType@4(java.time.OffsetTime,3007)
2026-08-26T20:30:57.645-04:00 DEBUG 23008 --- [veterinaria] [main] o.h.type.spi.TypeConfiguration$Scope     : Scoping TypeConfiguration [org.hibernate.type.spi.TypeConfiguration@1d7f2f0a] to MetadataBuildingContext [org.hibernate.boot.internal.MetadataBuildingContextRootImpl@54defd69]
2026-08-26T20:30:57.656-04:00 DEBUG 23008 --- [veterinaria] [HikariPool-1 connection adder] com.zaxxer.hikari.pool.HikariPool        : HikariPool-1 - Added connection com.mysql.cj.jdbc.ConnectionImpl@2ea66d28
2026-08-26T20:30:57.698-04:00 DEBUG 23008 --- [veterinaria] [HikariPool-1 connection adder] com.zaxxer.hikari.pool.HikariPool        : HikariPool-1 - Added connection com.mysql.cj.jdbc.ConnectionImpl@1f4202f7
2026-08-26T20:30:57.703-04:00 DEBUG 23008 --- [veterinaria] [main] o.h.boot.model.relational.Namespace      : Created database namespace [logicalName=Name{catalog=null, schema=null}, physicalName=Name{catalog=null, schema=null}]
2026-08-26T20:30:57.719-04:00 TRACE 23008 --- [veterinaria] [main] o.h.s.i.AbstractServiceRegistryImpl      : Initializing service [role=org.hibernate.boot.spi.SessionFactoryBuilderService]
2026-08-26T20:30:57.730-04:00 TRACE 23008 --- [veterinaria] [main] o.h.s.i.AbstractServiceRegistryImpl      : Initializing service [role=org.hibernate.engine.jdbc.connections.spi.MultiTenantConnectionProvider]
2026-08-26T20:30:57.731-04:00 TRACE 23008 --- [veterinaria] [main] org.hibernate.loader.BatchFetchStyle     : Interpreting BatchFetchStyle from setting : null
2026-08-26T20:30:57.739-04:00 TRACE 23008 --- [veterinaria] [main] o.h.s.i.AbstractServiceRegistryImpl      : Initializing service [role=org.hibernate.bytecode.spi.BytecodeProvider]
2026-08-26T20:30:57.747-04:00 DEBUG 23008 --- [veterinaria] [HikariPool-1 connection adder] com.zaxxer.hikari.pool.HikariPool        : HikariPool-1 - Added connection com.mysql.cj.jdbc.ConnectionImpl@4e899267
2026-08-26T20:30:57.763-04:00 DEBUG 23008 --- [veterinaria] [main] o.hibernate.internal.SessionFactoryImpl  : Building session factory
2026-08-26T20:30:57.763-04:00 TRACE 23008 --- [veterinaria] [main] o.h.s.i.AbstractServiceRegistryImpl      : Initializing service [role=org.hibernate.service.spi.SessionFactoryServiceRegistryFactory]
2026-08-26T20:30:57.792-04:00 DEBUG 23008 --- [veterinaria] [HikariPool-1 connection adder] com.zaxxer.hikari.pool.HikariPool        : HikariPool-1 - Added connection com.mysql.cj.jdbc.ConnectionImpl@4ac7a84f
2026-08-26T20:30:57.836-04:00 DEBUG 23008 --- [veterinaria] [HikariPool-1 connection adder] com.zaxxer.hikari.pool.HikariPool        : HikariPool-1 - Added connection com.mysql.cj.jdbc.ConnectionImpl@12f0c645
2026-08-26T20:30:57.843-04:00 DEBUG 23008 --- [veterinaria] [main] .h.s.i.SessionFactoryServiceRegistryImpl : EventListenerRegistry access via ServiceRegistry is deprecated.  Use `sessionFactory.getEventEngine().getListenerRegistry()` instead
2026-08-26T20:30:57.844-04:00 DEBUG 23008 --- [veterinaria] [main] o.hibernate.internal.SessionFactoryImpl  : Instantiating SessionFactory with settings: {java.specification.version=20, sun.cpu.isalist=amd64, hibernate.resource.beans.container=org.springframework.orm.hibernate5.SpringBeanContainer@22cd8ec2, hibernate.connection.handling_mode=DELAYED_ACQUISITION_AND_HOLD, sun.jnu.encoding=Cp1252, hibernate.implicit_naming_strategy=org.springframework.boot.orm.jpa.hibernate.SpringImplicitNamingStrategy, java.class.path=C:\Users\rodri\OneDrive\Escritorio\Uni\Bimestre VI\Seguridad y calidad en el desarrollo\Semana 2\veterinaria-s2\veterinaria\target\classes;C:\Users\rodri\.m2\repository\org\springframework\boot\spring-boot-starter-web\3.2.5\spring-boot-starter-web-3.2.5.jar;C:\Users\rodri\.m2\repository\org\springframework\boot\spring-boot-starter\3.2.5\spring-boot-starter-3.2.5.jar;C:\Users\rodri\.m2\repository\org\springframework\boot\spring-boot\3.2.5\spring-boot-3.2.5.jar;C:\Users\rodri\.m2\repository\org\springframework\boot\spring-boot-autoconfigure\3.2.5\spring-boot-autoconfigure-3.2.5.jar;C:\Users\rodri\.m2\repository\org\springframework\boot\spring-boot-starter-logging\3.2.5\spring-boot-starter-logging-3.2.5.jar;C:\Users\rodri\.m2\repository\ch\qos\logback\logback-classic\1.4.14\logback-classic-1.4.14.jar;C:\Users\rodri\.m2\repository\ch\qos\logback\logback-core\1.4.14\logback-core-1.4.14.jar;C:\Users\rodri\.m2\repository\org\apache\logging\log4j\log4j-to-slf4j\2.21.1\log4j-to-slf4j-2.21.1.jar;C:\Users\rodri\.m2\repository\org\apache\logging\log4j\log4j-api\2.21.1\log4j-api-2.21.1.jar;C:\Users\rodri\.m2\repository\org\slf4j\jul-to-slf4j\2.0.13\jul-to-slf4j-2.0.13.jar;C:\Users\rodri\.m2\repository\jakarta\annotation\jakarta.annotation-api\2.1.1\jakarta.annotation-api-2.1.1.jar;C:\Users\rodri\.m2\repository\org\yaml\snakeyaml\2.2\snakeyaml-2.2.jar;C:\Users\rodri\.m2\repository\org\springframework\boot\spring-boot-starter-json\3.2.5\spring-boot-starter-json-3.2.5.jar;C:\Users\rodri\.m2\repository\com\fasterxml\jackson\datatype\jackson-datatype-jdk8\2.15.4\jackson-datatype-jdk8-2.15.4.jar;C:\Users\rodri\.m2\repository\com\fasterxml\jackson\datatype\jackson-datatype-jsr310\2.15.4\jackson-datatype-jsr310-2.15.4.jar;C:\Users\rodri\.m2\repository\com\fasterxml\jackson\module\jackson-module-parameter-names\2.15.4\jackson-module-parameter-names-2.15.4.jar;C:\Users\rodri\.m2\repository\org\springframework\boot\spring-boot-starter-tomcat\3.2.5\spring-boot-starter-tomcat-3.2.5.jar;C:\Users\rodri\.m2\repository\org\apache\tomcat\embed\tomcat-embed-core\10.1.20\tomcat-embed-core-10.1.20.jar;C:\Users\rodri\.m2\repository\org\apache\tomcat\embed\tomcat-embed-el\10.1.20\tomcat-embed-el-10.1.20.jar;C:\Users\rodri\.m2\repository\org\apache\tomcat\embed\tomcat-embed-websocket\10.1.20\tomcat-embed-websocket-10.1.20.jar;C:\Users\rodri\.m2\repository\org\springframework\spring-web\6.1.6\spring-web-6.1.6.jar;C:\Users\rodri\.m2\repository\org\springframework\spring-beans\6.1.6\spring-beans-6.1.6.jar;C:\Users\rodri\.m2\repository\io\micrometer\micrometer-observation\1.12.5\micrometer-observation-1.12.5.jar;C:\Users\rodri\.m2\repository\io\micrometer\micrometer-commons\1.12.5\micrometer-commons-1.12.5.jar;C:\Users\rodri\.m2\repository\org\springframework\spring-webmvc\6.1.6\spring-webmvc-6.1.6.jar;C:\Users\rodri\.m2\repository\org\springframework\spring-context\6.1.6\spring-context-6.1.6.jar;C:\Users\rodri\.m2\repository\org\springframework\spring-expression\6.1.6\spring-expression-6.1.6.jar;C:\Users\rodri\.m2\repository\org\springframework\boot\spring-boot-starter-security\3.2.5\spring-boot-starter-security-3.2.5.jar;C:\Users\rodri\.m2\repository\org\springframework\spring-aop\6.1.6\spring-aop-6.1.6.jar;C:\Users\rodri\.m2\repository\org\springframework\security\spring-security-config\6.2.4\spring-security-config-6.2.4.jar;C:\Users\rodri\.m2\repository\org\springframework\security\spring-security-web\6.2.4\spring-security-web-6.2.4.jar;C:\Users\rodri\.m2\repository\org\springframework\boot\spring-boot-starter-data-jpa\3.2.5\spring-boot-starter-data-jpa-3.2.5.jar;C:\Users\rodri\.m2\repository\org\springframework\boot\spring-boot-starter-aop\3.2.5\spring-boot-starter-aop-3.2.5.jar;C:\Users\rodri\.m2\repository\org\aspectj\aspectjweaver\1.9.22\aspectjweaver-1.9.22.jar;C:\Users\rodri\.m2\repository\org\springframework\boot\spring-boot-starter-jdbc\3.2.5\spring-boot-starter-jdbc-3.2.5.jar;C:\Users\rodri\.m2\repository\com\zaxxer\HikariCP\5.0.1\HikariCP-5.0.1.jar;C:\Users\rodri\.m2\repository\org\springframework\spring-jdbc\6.1.6\spring-jdbc-6.1.6.jar;C:\Users\rodri\.m2\repository\org\hibernate\orm\hibernate-core\6.4.4.Final\hibernate-core-6.4.4.Final.jar;C:\Users\rodri\.m2\repository\jakarta\persistence\jakarta.persistence-api\3.1.0\jakarta.persistence-api-3.1.0.jar;C:\Users\rodri\.m2\repository\jakarta\transaction\jakarta.transaction-api\2.0.1\jakarta.transaction-api-2.0.1.jar;C:\Users\rodri\.m2\repository\org\jboss\logging\jboss-logging\3.5.3.Final\jboss-logging-3.5.3.Final.jar;C:\Users\rodri\.m2\repository\org\hibernate\common\hibernate-commons-annotations\6.0.6.Final\hibernate-commons-annotations-6.0.6.Final.jar;C:\Users\rodri\.m2\repository\io\smallrye\jandex\3.1.2\jandex-3.1.2.jar;C:\Users\rodri\.m2\repository\com\fasterxml\classmate\1.6.0\classmate-1.6.0.jar;C:\Users\rodri\.m2\repository\net\bytebuddy\byte-buddy\1.14.13\byte-buddy-1.14.13.jar;C:\Users\rodri\.m2\repository\org\glassfish\jaxb\jaxb-runtime\4.0.5\jaxb-runtime-4.0.5.jar;C:\Users\rodri\.m2\repository\org\glassfish\jaxb\jaxb-core\4.0.5\jaxb-core-4.0.5.jar;C:\Users\rodri\.m2\repository\org\eclipse\angus\angus-activation\2.0.2\angus-activation-2.0.2.jar;C:\Users\rodri\.m2\repository\org\glassfish\jaxb\txw2\4.0.5\txw2-4.0.5.jar;C:\Users\rodri\.m2\repository\com\sun\istack\istack-commons-runtime\4.1.2\istack-commons-runtime-4.1.2.jar;C:\Users\rodri\.m2\repository\jakarta\inject\jakarta.inject-api\2.0.1\jakarta.inject-api-2.0.1.jar;C:\Users\rodri\.m2\repository\org\antlr\antlr4-runtime\4.13.0\antlr4-runtime-4.13.0.jar;C:\Users\rodri\.m2\repository\org\springframework\data\spring-data-jpa\3.2.5\spring-data-jpa-3.2.5.jar;C:\Users\rodri\.m2\repository\org\springframework\data\spring-data-commons\3.2.5\spring-data-commons-3.2.5.jar;C:\Users\rodri\.m2\repository\org\springframework\spring-orm\6.1.6\spring-orm-6.1.6.jar;C:\Users\rodri\.m2\repository\org\springframework\spring-tx\6.1.6\spring-tx-6.1.6.jar;C:\Users\rodri\.m2\repository\org\springframework\spring-aspects\6.1.6\spring-aspects-6.1.6.jar;C:\Users\rodri\.m2\repository\com\mysql\mysql-connector-j\8.3.0\mysql-connector-j-8.3.0.jar;C:\Users\rodri\.m2\repository\org\springframework\boot\spring-boot-starter-thymeleaf\3.2.5\spring-boot-starter-thymeleaf-3.2.5.jar;C:\Users\rodri\.m2\repository\org\thymeleaf\thymeleaf-spring6\3.1.2.RELEASE\thymeleaf-spring6-3.1.2.RELEASE.jar;C:\Users\rodri\.m2\repository\org\thymeleaf\thymeleaf\3.1.2.RELEASE\thymeleaf-3.1.2.RELEASE.jar;C:\Users\rodri\.m2\repository\org\attoparser\attoparser\2.0.7.RELEASE\attoparser-2.0.7.RELEASE.jar;C:\Users\rodri\.m2\repository\org\unbescape\unbescape\1.1.6.RELEASE\unbescape-1.1.6.RELEASE.jar;C:\Users\rodri\.m2\repository\org\thymeleaf\extras\thymeleaf-extras-springsecurity6\3.1.2.RELEASE\thymeleaf-extras-springsecurity6-3.1.2.RELEASE.jar;C:\Users\rodri\.m2\repository\org\slf4j\slf4j-api\2.0.13\slf4j-api-2.0.13.jar;C:\Users\rodri\.m2\repository\io\jsonwebtoken\jjwt-api\0.12.5\jjwt-api-0.12.5.jar;C:\Users\rodri\.m2\repository\io\jsonwebtoken\jjwt-impl\0.12.5\jjwt-impl-0.12.5.jar;C:\Users\rodri\.m2\repository\io\jsonwebtoken\jjwt-jackson\0.12.5\jjwt-jackson-0.12.5.jar;C:\Users\rodri\.m2\repository\com\fasterxml\jackson\core\jackson-databind\2.15.4\jackson-databind-2.15.4.jar;C:\Users\rodri\.m2\repository\com\fasterxml\jackson\core\jackson-annotations\2.15.4\jackson-annotations-2.15.4.jar;C:\Users\rodri\.m2\repository\com\fasterxml\jackson\core\jackson-core\2.15.4\jackson-core-2.15.4.jar;C:\Users\rodri\.m2\repository\jakarta\xml\bind\jakarta.xml.bind-api\4.0.2\jakarta.xml.bind-api-4.0.2.jar;C:\Users\rodri\.m2\repository\jakarta\activation\jakarta.activation-api\2.1.3\jakarta.activation-api-2.1.3.jar;C:\Users\rodri\.m2\repository\org\springframework\spring-core\6.1.6\spring-core-6.1.6.jar;C:\Users\rodri\.m2\repository\org\springframework\spring-jcl\6.1.6\spring-jcl-6.1.6.jar;C:\Users\rodri\.m2\repository\org\springframework\security\spring-security-core\6.2.4\spring-security-core-6.2.4.jar;C:\Users\rodri\.m2\repository\org\springframework\security\spring-security-crypto\6.2.4\spring-security-crypto-6.2.4.jar, java.vm.vendor=Oracle Corporation, LOG_PATH=UsersodriOneDriveEscritorioUniBimestre VISeguridad y calidad en el desarrolloSemana 2veterinariaveterinariasrcmainesources, sun.arch.data.model=64, user.variant=, java.vendor.url=https://java.oracle.com/, catalina.useNaming=false, user.timezone=America/Santiago, jakarta.persistence.sharedCache.mode=UNSPECIFIED, org.jboss.logging.provider=slf4j, java.vm.specification.version=20, os.name=Windows 10, jakarta.persistence.nonJtaDataSource=HikariDataSource (HikariPool-1), sun.java.launcher=SUN_STANDARD, user.country=CL, sun.boot.library.path=C:\Program Files\Java\jdk-20\bin, sun.java.command=cl.duoc.veterinaria.App.VeterinariaApplication, javax.persistence.nonJtaDataSource=HikariDataSource (HikariPool-1), hibernate.transaction.jta.platform=org.hibernate.engine.transaction.jta.platform.internal.NoJtaPlatform@7d977a20, jdk.debug=release, sun.cpu.endian=little, hibernate.cdi.extensions=true, user.home=C:\Users\rodri, user.language=es, java.specification.vendor=Oracle Corporation, java.version.date=2023-07-18, java.home=C:\Program Files\Java\jdk-20, file.separator=\, java.vm.compressedOopsMode=Zero based, line.separator=
, hibernate.persistenceUnitName=default, java.vm.specification.vendor=Oracle Corporation, java.specification.name=Java Platform API Specification, FILE_LOG_CHARSET=UTF-8, hibernate.transaction.coordinator_class=class org.hibernate.resource.transaction.backend.jdbc.internal.JdbcResourceLocalTransactionCoordinatorBuilderImpl, java.awt.headless=true, jakarta.persistence.validation.mode=AUTO, hibernate.hbm2ddl.auto=update, user.script=, sun.management.compiler=HotSpot 64-Bit Tiered Compilers, java.runtime.version=20.0.2+9-78, user.name=rodri, stdout.encoding=cp850, path.separator=;, os.version=10.0, java.runtime.name=Java(TM) SE Runtime Environment, file.encoding=UTF-8, java.vm.name=Java HotSpot(TM) 64-Bit Server VM, LOG_FILE=backend.log, java.vendor.url.bug=https://bugreport.java.com/bugreport/, java.io.tmpdir=C:\Users\rodri\AppData\Local\Temp\, catalina.home=C:\Users\rodri\AppData\Local\Temp\tomcat.8080.17543934652203063721, java.version=20.0.2, hibernate.physical_naming_strategy=org.hibernate.boot.model.naming.CamelCaseToUnderscoresNamingStrategy, user.dir=C:\Users\rodri\OneDrive\Escritorio\Uni\Bimestre VI\Seguridad y calidad en el desarrollo\Semana 2\veterinaria-s2, os.arch=amd64, java.vm.specification.name=Java Virtual Machine Specification, PID=23008, sun.os.patch.level=, CONSOLE_LOG_CHARSET=UTF-8, catalina.base=C:\Users\rodri\AppData\Local\Temp\tomcat.8080.17543934652203063721, hibernate.boot.CfgXmlAccessService.key=org.hibernate.boot.registry.StandardServiceRegistryBuilder$1@35ab4260, native.encoding=Cp1252, java.library.path=C:\Program Files\Java\jdk-20\bin;C:\Windows\Sun\Java\bin;C:\Windows\system32;C:\Windows;c:\Users\rodri\AppData\Roaming\Code\User\globalStorage\github.copilot-chat\debugCommand;c:\Users\rodri\AppData\Roaming\Code\User\globalStorage\github.copilot-chat\copilotCli;C:\app\rodri\product\21c\dbhomeXE\bin;C:\Program Files\Common Files\Oracle\Java\javapath;C:\Windows\system32;C:\Windows;C:\Windows\System32\Wbem;C:\Windows\System32\WindowsPowerShell\v1.0\;C:\Windows\System32\OpenSSH\;C:\Program Files\NVIDIA Corporation\NVIDIA App\NvDLISR;C:\Program Files (x86)\NVIDIA Corporation\PhysX\Common;C:\Program Files\Seelen\Seelen UI;C:\Program Files\Docker\Docker\resources\bin;C:\Program Files\Git\cmd;C:\Users\rodri\AppData\Local\Programs\Python\Launcher\;C:\Users\rodri\AppData\Local\Microsoft\WindowsApps;C:\Users\rodri\AppData\Local\Programs\Microsoft VS Code\bin;C:\Users\rodri\AppData\Local\GitHubDesktop\bin;c:\Users\rodri\.vscode\extensions\vscjava.vscode-java-debug-0.59.0\bundled\scripts\noConfigScripts;., stderr.encoding=cp850, java.vendor=Oracle Corporation, java.vm.info=mixed mode, sharing, java.vm.version=20.0.2+9-78, sun.io.unicode.encoding=UnicodeLittle, hibernate.archive.scanner=org.hibernate.boot.archive.scan.internal.DisabledScanner, hibernate.connection.datasource=HikariDataSource (HikariPool-1), java.class.version=64.0, LOGGED_APPLICATION_NAME=[veterinaria] }
2026-08-26T20:30:57.846-04:00 TRACE 23008 --- [veterinaria] [main] .e.j.e.i.NormalizingIdentifierHelperImpl : Normalizing identifier quoting [null]
2026-08-26T20:30:57.846-04:00 TRACE 23008 --- [veterinaria] [main] o.h.s.i.AbstractServiceRegistryImpl      : Initializing service [role=org.hibernate.cache.spi.CacheImplementor]
2026-08-26T20:30:57.851-04:00 DEBUG 23008 --- [veterinaria] [main] o.hibernate.internal.SessionFactoryImpl  : Session factory constructed with filter configurations : {}
2026-08-26T20:30:57.886-04:00 DEBUG 23008 --- [veterinaria] [HikariPool-1 connection adder] com.zaxxer.hikari.pool.HikariPool        : HikariPool-1 - Added connection com.mysql.cj.jdbc.ConnectionImpl@55618f96
2026-08-26T20:30:57.934-04:00 DEBUG 23008 --- [veterinaria] [main] o.h.q.sqm.function.SqmFunctionRegistry   : Registered SqmFunctionTemplate [NamedSqmFunctionTemplate(max)] under max; prior registration was null
2026-08-26T20:30:57.974-04:00 DEBUG 23008 --- [veterinaria] [HikariPool-1 connection adder] com.zaxxer.hikari.pool.HikariPool        : HikariPool-1 - Added connection com.mysql.cj.jdbc.ConnectionImpl@1140438b
2026-08-26T20:30:57.977-04:00 DEBUG 23008 --- [veterinaria] [main] o.h.q.sqm.function.SqmFunctionRegistry   : Registered SqmFunctionTemplate [NamedSqmFunctionTemplate(min)] under min; prior registration was null
2026-08-26T20:30:58.025-04:00 DEBUG 23008 --- [veterinaria] [main] o.h.q.sqm.function.SqmFunctionRegistry   : Registered SqmFunctionTemplate [NamedSqmFunctionTemplate(sum)] under sum; prior registration was null
2026-08-26T20:30:58.032-04:00 DEBUG 23008 --- [veterinaria] [main] o.h.q.sqm.function.SqmFunctionRegistry   : Registered SqmFunctionTemplate [NamedSqmFunctionTemplate(avg)] under avg; prior registration was null
2026-08-26T20:30:58.034-04:00 DEBUG 23008 --- [veterinaria] [main] o.h.q.sqm.function.SqmFunctionRegistry   : Registered SqmFunctionTemplate [org.hibernate.dialect.function.CountFunction@9147ba2] under count; prior registration was null
2026-08-26T20:30:58.038-04:00 DEBUG 23008 --- [veterinaria] [main] o.h.q.sqm.function.SqmFunctionRegistry   : Registered SqmFunctionTemplate [org.hibernate.dialect.function.EveryAnyEmulation@2ceb68a1] under every; prior registration was null
2026-08-26T20:30:58.039-04:00 DEBUG 23008 --- [veterinaria] [main] o.h.q.sqm.function.SqmFunctionRegistry   : Registered SqmFunctionTemplate [org.hibernate.dialect.function.EveryAnyEmulation@6de33fde] under any; prior registration was null
2026-08-26T20:30:58.040-04:00 DEBUG 23008 --- [veterinaria] [main] o.h.q.sqm.function.SqmFunctionRegistry   : Registered SqmFunctionTemplate [NamedSqmFunctionTemplate(floor)] under floor; prior registration was null
2026-08-26T20:30:58.045-04:00 DEBUG 23008 --- [veterinaria] [main] o.h.q.sqm.function.SqmFunctionRegistry   : Registered SqmFunctionTemplate [NamedSqmFunctionTemplate(ceiling)] under ceiling; prior registration was null
2026-08-26T20:30:58.060-04:00 DEBUG 23008 --- [veterinaria] [main] o.h.q.sqm.function.SqmFunctionRegistry   : Registered SqmFunctionTemplate [NamedSqmFunctionTemplate(mod)] under mod; prior registration was null
2026-08-26T20:30:58.063-04:00 DEBUG 23008 --- [veterinaria] [main] o.h.q.sqm.function.SqmFunctionRegistry   : Registered SqmFunctionTemplate [NamedSqmFunctionTemplate(abs)] under abs; prior registration was null
2026-08-26T20:30:58.064-04:00 DEBUG 23008 --- [veterinaria] [main] o.h.q.sqm.function.SqmFunctionRegistry   : Registered SqmFunctionTemplate [NamedSqmFunctionTemplate(sign)] under sign; prior registration was null
2026-08-26T20:30:58.065-04:00 DEBUG 23008 --- [veterinaria] [main] o.h.q.sqm.function.SqmFunctionRegistry   : Registered SqmFunctionTemplate [NamedSqmFunctionTemplate(sqrt)] under sqrt; prior registration was null
2026-08-26T20:30:58.065-04:00 DEBUG 23008 --- [veterinaria] [main] o.h.q.sqm.function.SqmFunctionRegistry   : Registered SqmFunctionTemplate [NamedSqmFunctionTemplate(ln)] under ln; prior registration was null
2026-08-26T20:30:58.065-04:00 DEBUG 23008 --- [veterinaria] [main] o.h.q.sqm.function.SqmFunctionRegistry   : Registered SqmFunctionTemplate [NamedSqmFunctionTemplate(exp)] under exp; prior registration was null
2026-08-26T20:30:58.065-04:00 DEBUG 23008 --- [veterinaria] [main] o.h.q.sqm.function.SqmFunctionRegistry   : Registered SqmFunctionTemplate [NamedSqmFunctionTemplate(power)] under power; prior registration was null
2026-08-26T20:30:58.066-04:00 DEBUG 23008 --- [veterinaria] [main] o.h.q.sqm.function.SqmFunctionRegistry   : Registered SqmFunctionTemplate [NamedSqmFunctionTemplate(round)] under round; prior registration was null
2026-08-26T20:30:58.067-04:00 DEBUG 23008 --- [veterinaria] [main] o.h.q.sqm.function.SqmFunctionRegistry   : Registered SqmFunctionTemplate [NamedSqmFunctionTemplate(sin)] under sin; prior registration was null
2026-08-26T20:30:58.075-04:00 DEBUG 23008 --- [veterinaria] [main] o.h.q.sqm.function.SqmFunctionRegistry   : Registered SqmFunctionTemplate [NamedSqmFunctionTemplate(cos)] under cos; prior registration was null
2026-08-26T20:30:58.078-04:00 DEBUG 23008 --- [veterinaria] [main] o.h.q.sqm.function.SqmFunctionRegistry   : Registered SqmFunctionTemplate [NamedSqmFunctionTemplate(tan)] under tan; prior registration was null
2026-08-26T20:30:58.087-04:00 DEBUG 23008 --- [veterinaria] [main] o.h.q.sqm.function.SqmFunctionRegistry   : Registered SqmFunctionTemplate [NamedSqmFunctionTemplate(asin)] under asin; prior registration was null
2026-08-26T20:30:58.088-04:00 DEBUG 23008 --- [veterinaria] [main] o.h.q.sqm.function.SqmFunctionRegistry   : Registered SqmFunctionTemplate [NamedSqmFunctionTemplate(acos)] under acos; prior registration was null
2026-08-26T20:30:58.088-04:00 DEBUG 23008 --- [veterinaria] [main] o.h.q.sqm.function.SqmFunctionRegistry   : Registered SqmFunctionTemplate [NamedSqmFunctionTemplate(atan)] under atan; prior registration was null
2026-08-26T20:30:58.089-04:00 DEBUG 23008 --- [veterinaria] [main] o.h.q.sqm.function.SqmFunctionRegistry   : Registered SqmFunctionTemplate [NamedSqmFunctionTemplate(atan2)] under atan2; prior registration was null
2026-08-26T20:30:58.093-04:00 DEBUG 23008 --- [veterinaria] [main] o.h.q.sqm.function.SqmFunctionRegistry   : Registered SqmFunctionTemplate [org.hibernate.query.sqm.function.PatternBasedSqmFunctionDescriptor@43445fc6] under sinh; prior registration was null
2026-08-26T20:30:58.094-04:00 DEBUG 23008 --- [veterinaria] [main] o.h.q.sqm.function.SqmFunctionRegistry   : Registered SqmFunctionTemplate [org.hibernate.query.sqm.function.PatternBasedSqmFunctionDescriptor@431babe6] under cosh; prior registration was null
2026-08-26T20:30:58.096-04:00 DEBUG 23008 --- [veterinaria] [main] o.h.q.sqm.function.SqmFunctionRegistry   : Registered SqmFunctionTemplate [org.hibernate.query.sqm.function.PatternBasedSqmFunctionDescriptor@17befef0] under tanh; prior registration was null
2026-08-26T20:30:58.097-04:00 DEBUG 23008 --- [veterinaria] [main] o.h.q.sqm.function.SqmFunctionRegistry   : Registered SqmFunctionTemplate [org.hibernate.query.sqm.function.PatternBasedSqmFunctionDescriptor@5072e638] under pi; prior registration was null
2026-08-26T20:30:58.097-04:00 DEBUG 23008 --- [veterinaria] [main] o.h.q.sqm.function.SqmFunctionRegistry   : Registered SqmFunctionTemplate [org.hibernate.query.sqm.function.PatternBasedSqmFunctionDescriptor@3129299f] under log; prior registration was null
2026-08-26T20:30:58.099-04:00 DEBUG 23008 --- [veterinaria] [main] o.h.q.sqm.function.SqmFunctionRegistry   : Registered SqmFunctionTemplate [NamedSqmFunctionTemplate(coalesce)] under coalesce; prior registration was null
2026-08-26T20:30:58.099-04:00 DEBUG 23008 --- [veterinaria] [main] o.h.q.sqm.function.SqmFunctionRegistry   : Registered SqmFunctionTemplate [NamedSqmFunctionTemplate(nullif)] under nullif; prior registration was null
2026-08-26T20:30:58.099-04:00 DEBUG 23008 --- [veterinaria] [main] o.h.q.sqm.function.SqmFunctionRegistry   : Registered SqmFunctionTemplate [NamedSqmFunctionTemplate(left)] under left; prior registration was null
2026-08-26T20:30:58.100-04:00 DEBUG 23008 --- [veterinaria] [main] o.h.q.sqm.function.SqmFunctionRegistry   : Registered SqmFunctionTemplate [NamedSqmFunctionTemplate(right)] under right; prior registration was null
2026-08-26T20:30:58.100-04:00 DEBUG 23008 --- [veterinaria] [HikariPool-1 connection adder] com.zaxxer.hikari.pool.HikariPool        : HikariPool-1 - Added connection com.mysql.cj.jdbc.ConnectionImpl@74d91164
2026-08-26T20:30:58.101-04:00 DEBUG 23008 --- [veterinaria] [main] o.h.q.sqm.function.SqmFunctionRegistry   : Registered SqmFunctionTemplate [NamedSqmFunctionTemplate(replace)] under replace; prior registration was null
2026-08-26T20:30:58.102-04:00 DEBUG 23008 --- [veterinaria] [main] o.h.q.sqm.function.SqmFunctionRegistry   : Registered SqmFunctionTemplate [NamedSqmFunctionTemplate(concat)] under concat; prior registration was null
2026-08-26T20:30:58.102-04:00 DEBUG 23008 --- [veterinaria] [main] o.h.q.sqm.function.SqmFunctionRegistry   : Registered SqmFunctionTemplate [NamedSqmFunctionTemplate(lower)] under lower; prior registration was null
2026-08-26T20:30:58.102-04:00 DEBUG 23008 --- [veterinaria] [main] o.h.q.sqm.function.SqmFunctionRegistry   : Registered SqmFunctionTemplate [NamedSqmFunctionTemplate(upper)] under upper; prior registration was null
2026-08-26T20:30:58.103-04:00 DEBUG 23008 --- [veterinaria] [main] o.h.q.sqm.function.SqmFunctionRegistry   : Registered SqmFunctionTemplate [NamedSqmFunctionTemplate(substring)] under substring; prior registration was null
2026-08-26T20:30:58.103-04:00 DEBUG 23008 --- [veterinaria] [main] o.h.q.sqm.function.SqmFunctionRegistry   : Registered SqmFunctionTemplate [NamedSqmFunctionTemplate(locate)] under locate; prior registration was null
2026-08-26T20:30:58.104-04:00 DEBUG 23008 --- [veterinaria] [main] o.h.q.sqm.function.SqmFunctionRegistry   : Registered SqmFunctionTemplate [NamedSqmFunctionTemplate(character_length)] under character_length; prior registration was null
2026-08-26T20:30:58.104-04:00 DEBUG 23008 --- [veterinaria] [main] o.h.q.sqm.function.SqmFunctionRegistry   : Registering alternate key : length -> character_length
2026-08-26T20:30:58.106-04:00 DEBUG 23008 --- [veterinaria] [main] o.h.q.sqm.function.SqmFunctionRegistry   : Registered SqmFunctionTemplate [org.hibernate.dialect.function.LocatePositionEmulation@64665781] under position; prior registration was null
2026-08-26T20:30:58.109-04:00 DEBUG 23008 --- [veterinaria] [main] o.h.q.sqm.function.SqmFunctionRegistry   : Registered SqmFunctionTemplate [org.hibernate.dialect.function.InsertSubstringOverlayEmulation@cf984d9] under overlay; prior registration was null
2026-08-26T20:30:58.111-04:00 DEBUG 23008 --- [veterinaria] [main] o.h.q.sqm.function.SqmFunctionRegistry   : Registered SqmFunctionTemplate [org.hibernate.dialect.function.TrimFunction@4045fd1f] under trim; prior registration was null
2026-08-26T20:30:58.113-04:00 DEBUG 23008 --- [veterinaria] [main] o.h.q.sqm.function.SqmFunctionRegistry   : Registered SqmFunctionTemplate [org.hibernate.dialect.function.CastFunction@10a0a1e] under cast; prior registration was null
2026-08-26T20:30:58.114-04:00 DEBUG 23008 --- [veterinaria] [main] o.h.q.sqm.function.SqmFunctionRegistry   : Registered SqmFunctionTemplate [org.hibernate.query.sqm.function.PatternBasedSqmFunctionDescriptor@2976ef56] under collate; prior registration was null
2026-08-26T20:30:58.116-04:00 DEBUG 23008 --- [veterinaria] [main] o.h.q.sqm.function.SqmFunctionRegistry   : Registered SqmFunctionTemplate [org.hibernate.dialect.function.ExtractFunction@e4b54d3] under extract; prior registration was null
2026-08-26T20:30:58.117-04:00 DEBUG 23008 --- [veterinaria] [main] o.h.q.sqm.function.SqmFunctionRegistry   : Registered SqmFunctionTemplate [NamedSqmFunctionTemplate(least)] under least; prior registration was null
2026-08-26T20:30:58.118-04:00 DEBUG 23008 --- [veterinaria] [main] o.h.q.sqm.function.SqmFunctionRegistry   : Registered SqmFunctionTemplate [NamedSqmFunctionTemplate(greatest)] under greatest; prior registration was null
2026-08-26T20:30:58.119-04:00 DEBUG 23008 --- [veterinaria] [main] o.h.q.sqm.function.SqmFunctionRegistry   : Registered SqmFunctionTemplate [org.hibernate.dialect.function.CoalesceIfnullEmulation@3a709cc7] under ifnull; prior registration was null
2026-08-26T20:30:58.119-04:00 DEBUG 23008 --- [veterinaria] [main] o.h.q.sqm.function.SqmFunctionRegistry   : Registered SqmFunctionTemplate [NamedSqmFunctionTemplate(lpad)] under lpad; prior registration was null
2026-08-26T20:30:58.120-04:00 DEBUG 23008 --- [veterinaria] [main] o.h.q.sqm.function.SqmFunctionRegistry   : Registered SqmFunctionTemplate [NamedSqmFunctionTemplate(rpad)] under rpad; prior registration was null
2026-08-26T20:30:58.122-04:00 DEBUG 23008 --- [veterinaria] [main] o.h.q.sqm.function.SqmFunctionRegistry   : Registered SqmFunctionTemplate [org.hibernate.dialect.function.LpadRpadPadEmulation@e706aa] under pad; prior registration was null
2026-08-26T20:30:58.123-04:00 DEBUG 23008 --- [veterinaria] [main] o.h.q.sqm.function.SqmFunctionRegistry   : Registered SqmFunctionTemplate [org.hibernate.dialect.function.CastStrEmulation@6906be0f] under str; prior registration was null
2026-08-26T20:30:58.124-04:00 DEBUG 23008 --- [veterinaria] [HikariPool-1 connection adder] com.zaxxer.hikari.pool.HikariPool        : HikariPool-1 - After adding stats (total=10, active=0, idle=10, waiting=0)
2026-08-26T20:30:58.127-04:00 DEBUG 23008 --- [veterinaria] [main] o.h.q.sqm.function.SqmFunctionRegistry   : Registered SqmFunctionTemplate [org.hibernate.dialect.function.FormatFunction@5e8f0f98] under format; prior registration was null
2026-08-26T20:30:58.129-04:00 DEBUG 23008 --- [veterinaria] [main] o.h.q.sqm.function.SqmFunctionRegistry   : Registered SqmFunctionTemplate [org.hibernate.dialect.function.TimestampaddFunction@74830d73] under timestampadd; prior registration was null
2026-08-26T20:30:58.131-04:00 DEBUG 23008 --- [veterinaria] [main] o.h.q.sqm.function.SqmFunctionRegistry   : Registered SqmFunctionTemplate [org.hibernate.dialect.function.TimestampdiffFunction@714bffd5] under timestampdiff; prior registration was null
2026-08-26T20:30:58.132-04:00 DEBUG 23008 --- [veterinaria] [main] o.h.q.sqm.function.SqmFunctionRegistry   : Registering alternate key : dateadd -> timestampadd
2026-08-26T20:30:58.132-04:00 DEBUG 23008 --- [veterinaria] [main] o.h.q.sqm.function.SqmFunctionRegistry   : Registering alternate key : datediff -> timestampdiff
2026-08-26T20:30:58.134-04:00 DEBUG 23008 --- [veterinaria] [main] o.h.q.sqm.function.SqmFunctionRegistry   : Registered SqmFunctionTemplate [org.hibernate.dialect.function.CurrentFunction@5f3ddc86] under current_date; prior registration was null
2026-08-26T20:30:58.135-04:00 DEBUG 23008 --- [veterinaria] [main] o.h.q.sqm.function.SqmFunctionRegistry   : Registered SqmFunctionTemplate [org.hibernate.dialect.function.CurrentFunction@78e043e4] under current_time; prior registration was null
2026-08-26T20:30:58.135-04:00 DEBUG 23008 --- [veterinaria] [main] o.h.q.sqm.function.SqmFunctionRegistry   : Registered SqmFunctionTemplate [org.hibernate.dialect.function.CurrentFunction@336d28a1] under current_timestamp; prior registration was null
2026-08-26T20:30:58.135-04:00 DEBUG 23008 --- [veterinaria] [main] o.h.q.sqm.function.SqmFunctionRegistry   : Registering alternate key : current date -> current_date
2026-08-26T20:30:58.135-04:00 DEBUG 23008 --- [veterinaria] [main] o.h.q.sqm.function.SqmFunctionRegistry   : Registering alternate key : current time -> current_time
2026-08-26T20:30:58.136-04:00 DEBUG 23008 --- [veterinaria] [main] o.h.q.sqm.function.SqmFunctionRegistry   : Registering alternate key : current timestamp -> current_timestamp
2026-08-26T20:30:58.136-04:00 DEBUG 23008 --- [veterinaria] [main] o.h.q.sqm.function.SqmFunctionRegistry   : Registered SqmFunctionTemplate [org.hibernate.dialect.function.CurrentFunction@738a39cc] under local_date; prior registration was null
2026-08-26T20:30:58.137-04:00 DEBUG 23008 --- [veterinaria] [main] o.h.q.sqm.function.SqmFunctionRegistry   : Registered SqmFunctionTemplate [org.hibernate.dialect.function.CurrentFunction@42e202d7] under local_time; prior registration was null
2026-08-26T20:30:58.137-04:00 DEBUG 23008 --- [veterinaria] [main] o.h.q.sqm.function.SqmFunctionRegistry   : Registered SqmFunctionTemplate [org.hibernate.dialect.function.CurrentFunction@38e7860c] under local_datetime; prior registration was null
2026-08-26T20:30:58.138-04:00 DEBUG 23008 --- [veterinaria] [main] o.h.q.sqm.function.SqmFunctionRegistry   : Registered SqmFunctionTemplate [org.hibernate.dialect.function.CurrentFunction@62158991] under offset_datetime; prior registration was null
2026-08-26T20:30:58.138-04:00 DEBUG 23008 --- [veterinaria] [main] o.h.q.sqm.function.SqmFunctionRegistry   : Registering alternate key : local date -> local_date
2026-08-26T20:30:58.138-04:00 DEBUG 23008 --- [veterinaria] [main] o.h.q.sqm.function.SqmFunctionRegistry   : Registering alternate key : local time -> local_time
2026-08-26T20:30:58.139-04:00 DEBUG 23008 --- [veterinaria] [main] o.h.q.sqm.function.SqmFunctionRegistry   : Registering alternate key : local datetime -> local_datetime
2026-08-26T20:30:58.139-04:00 DEBUG 23008 --- [veterinaria] [main] o.h.q.sqm.function.SqmFunctionRegistry   : Registering alternate key : offset datetime -> offset_datetime
2026-08-26T20:30:58.139-04:00 DEBUG 23008 --- [veterinaria] [main] o.h.q.sqm.function.SqmFunctionRegistry   : Registered SqmFunctionTemplate [org.hibernate.dialect.function.CurrentFunction@40738846] under instant; prior registration was null
2026-08-26T20:30:58.139-04:00 DEBUG 23008 --- [veterinaria] [main] o.h.q.sqm.function.SqmFunctionRegistry   : Registering alternate key : current_instant -> instant
2026-08-26T20:30:58.140-04:00 DEBUG 23008 --- [veterinaria] [main] o.h.q.sqm.function.SqmFunctionRegistry   : Registered SqmFunctionTemplate [org.hibernate.dialect.function.SqlFunction@4fc3529] under sql; prior registration was null
2026-08-26T20:30:58.140-04:00 DEBUG 23008 --- [veterinaria] [main] o.h.q.sqm.function.SqmFunctionRegistry   : Registered SqmFunctionTemplate [NamedSqmFunctionTemplate(soundex)] under soundex; prior registration was null
2026-08-26T20:30:58.141-04:00 DEBUG 23008 --- [veterinaria] [main] o.h.q.sqm.function.SqmFunctionRegistry   : Registered SqmFunctionTemplate [NamedSqmFunctionTemplate(radians)] under radians; prior registration was null
2026-08-26T20:30:58.141-04:00 DEBUG 23008 --- [veterinaria] [main] o.h.q.sqm.function.SqmFunctionRegistry   : Registered SqmFunctionTemplate [NamedSqmFunctionTemplate(degrees)] under degrees; prior registration was null
2026-08-26T20:30:58.143-04:00 DEBUG 23008 --- [veterinaria] [main] o.h.q.sqm.function.SqmFunctionRegistry   : Registered SqmFunctionTemplate [NamedSqmFunctionTemplate(cot)] under cot; prior registration was null
2026-08-26T20:30:58.144-04:00 DEBUG 23008 --- [veterinaria] [main] o.h.q.sqm.function.SqmFunctionRegistry   : Registered SqmFunctionTemplate [NamedSqmFunctionTemplate(log)] under log; prior registration was org.hibernate.query.sqm.function.PatternBasedSqmFunctionDescriptor@3129299f
2026-08-26T20:30:58.144-04:00 DEBUG 23008 --- [veterinaria] [main] o.h.q.sqm.function.SqmFunctionRegistry   : Registered SqmFunctionTemplate [NamedSqmFunctionTemplate(log2)] under log2; prior registration was null
2026-08-26T20:30:58.145-04:00 DEBUG 23008 --- [veterinaria] [main] o.h.q.sqm.function.SqmFunctionRegistry   : Registered SqmFunctionTemplate [NamedSqmFunctionTemplate(log10)] under log10; prior registration was null
2026-08-26T20:30:58.145-04:00 DEBUG 23008 --- [veterinaria] [main] o.h.q.sqm.function.SqmFunctionRegistry   : Registered SqmFunctionTemplate [NamedSqmFunctionTemplate(ltrim)] under ltrim; prior registration was null
2026-08-26T20:30:58.146-04:00 DEBUG 23008 --- [veterinaria] [main] o.h.q.sqm.function.SqmFunctionRegistry   : Registered SqmFunctionTemplate [NamedSqmFunctionTemplate(rtrim)] under rtrim; prior registration was null
2026-08-26T20:30:58.148-04:00 DEBUG 23008 --- [veterinaria] [main] o.h.q.sqm.function.SqmFunctionRegistry   : Registered SqmFunctionTemplate [NamedSqmFunctionTemplate(octet_length)] under octet_length; prior registration was null
2026-08-26T20:30:58.148-04:00 DEBUG 23008 --- [veterinaria] [main] o.h.q.sqm.function.SqmFunctionRegistry   : Registered SqmFunctionTemplate [NamedSqmFunctionTemplate(reverse)] under reverse; prior registration was null
2026-08-26T20:30:58.148-04:00 DEBUG 23008 --- [veterinaria] [main] o.h.q.sqm.function.SqmFunctionRegistry   : Registered SqmFunctionTemplate [NamedSqmFunctionTemplate(space)] under space; prior registration was null
2026-08-26T20:30:58.149-04:00 DEBUG 23008 --- [veterinaria] [main] o.h.q.sqm.function.SqmFunctionRegistry   : Registered SqmFunctionTemplate [NamedSqmFunctionTemplate(repeat)] under repeat; prior registration was null
2026-08-26T20:30:58.149-04:00 DEBUG 23008 --- [veterinaria] [main] o.h.q.sqm.function.SqmFunctionRegistry   : Registered SqmFunctionTemplate [org.hibernate.query.sqm.function.MultipatternSqmFunctionDescriptor@2965dd88] under lpad; prior registration was NamedSqmFunctionTemplate(lpad)
2026-08-26T20:30:58.150-04:00 DEBUG 23008 --- [veterinaria] [main] o.h.q.sqm.function.SqmFunctionRegistry   : Registered SqmFunctionTemplate [org.hibernate.query.sqm.function.MultipatternSqmFunctionDescriptor@3221588e] under rpad; prior registration was NamedSqmFunctionTemplate(rpad)
2026-08-26T20:30:58.151-04:00 DEBUG 23008 --- [veterinaria] [main] o.h.q.sqm.function.SqmFunctionRegistry   : Registered SqmFunctionTemplate [NamedSqmFunctionTemplate(md5)] under md5; prior registration was null
2026-08-26T20:30:58.151-04:00 DEBUG 23008 --- [veterinaria] [main] o.h.q.sqm.function.SqmFunctionRegistry   : Registered SqmFunctionTemplate [NamedSqmFunctionTemplate(day)] under day; prior registration was null
2026-08-26T20:30:58.152-04:00 DEBUG 23008 --- [veterinaria] [main] o.h.q.sqm.function.SqmFunctionRegistry   : Registered SqmFunctionTemplate [NamedSqmFunctionTemplate(month)] under month; prior registration was null
2026-08-26T20:30:58.152-04:00 DEBUG 23008 --- [veterinaria] [main] o.h.q.sqm.function.SqmFunctionRegistry   : Registered SqmFunctionTemplate [NamedSqmFunctionTemplate(year)] under year; prior registration was null
2026-08-26T20:30:58.152-04:00 DEBUG 23008 --- [veterinaria] [main] o.h.q.sqm.function.SqmFunctionRegistry   : Registered SqmFunctionTemplate [NamedSqmFunctionTemplate(hour)] under hour; prior registration was null
2026-08-26T20:30:58.152-04:00 DEBUG 23008 --- [veterinaria] [main] o.h.q.sqm.function.SqmFunctionRegistry   : Registered SqmFunctionTemplate [NamedSqmFunctionTemplate(minute)] under minute; prior registration was null
2026-08-26T20:30:58.153-04:00 DEBUG 23008 --- [veterinaria] [main] o.h.q.sqm.function.SqmFunctionRegistry   : Registered SqmFunctionTemplate [NamedSqmFunctionTemplate(second)] under second; prior registration was null
2026-08-26T20:30:58.153-04:00 DEBUG 23008 --- [veterinaria] [main] o.h.q.sqm.function.SqmFunctionRegistry   : Registered SqmFunctionTemplate [NamedSqmFunctionTemplate(microsecond)] under microsecond; prior registration was null
2026-08-26T20:30:58.153-04:00 DEBUG 23008 --- [veterinaria] [main] o.h.q.sqm.function.SqmFunctionRegistry   : Registered SqmFunctionTemplate [NamedSqmFunctionTemplate(dayofweek)] under dayofweek; prior registration was null
2026-08-26T20:30:58.154-04:00 DEBUG 23008 --- [veterinaria] [main] o.h.q.sqm.function.SqmFunctionRegistry   : Registered SqmFunctionTemplate [NamedSqmFunctionTemplate(dayofmonth)] under dayofmonth; prior registration was null
2026-08-26T20:30:58.155-04:00 DEBUG 23008 --- [veterinaria] [main] o.h.q.sqm.function.SqmFunctionRegistry   : Registering alternate key : day -> dayofmonth
2026-08-26T20:30:58.155-04:00 DEBUG 23008 --- [veterinaria] [main] o.h.q.sqm.function.SqmFunctionRegistry   : Registered SqmFunctionTemplate [NamedSqmFunctionTemplate(dayofyear)] under dayofyear; prior registration was null
2026-08-26T20:30:58.156-04:00 DEBUG 23008 --- [veterinaria] [main] o.h.q.sqm.function.SqmFunctionRegistry   : Registered SqmFunctionTemplate [NamedSqmFunctionTemplate(week)] under week; prior registration was null
2026-08-26T20:30:58.157-04:00 DEBUG 23008 --- [veterinaria] [main] o.h.q.sqm.function.SqmFunctionRegistry   : Registered SqmFunctionTemplate [NamedSqmFunctionTemplate(quarter)] under quarter; prior registration was null
2026-08-26T20:30:58.158-04:00 DEBUG 23008 --- [veterinaria] [main] o.h.q.sqm.function.SqmFunctionRegistry   : Registered SqmFunctionTemplate [NamedSqmFunctionTemplate(monthname)] under monthname; prior registration was null
2026-08-26T20:30:58.158-04:00 DEBUG 23008 --- [veterinaria] [main] o.h.q.sqm.function.SqmFunctionRegistry   : Registered SqmFunctionTemplate [NamedSqmFunctionTemplate(dayname)] under dayname; prior registration was null
2026-08-26T20:30:58.158-04:00 DEBUG 23008 --- [veterinaria] [main] o.h.q.sqm.function.SqmFunctionRegistry   : Registered SqmFunctionTemplate [NamedSqmFunctionTemplate(last_day)] under last_day; prior registration was null
2026-08-26T20:30:58.158-04:00 DEBUG 23008 --- [veterinaria] [main] o.h.q.sqm.function.SqmFunctionRegistry   : Registered SqmFunctionTemplate [NamedSqmFunctionTemplate(date)] under date; prior registration was null
2026-08-26T20:30:58.158-04:00 DEBUG 23008 --- [veterinaria] [main] o.h.q.sqm.function.SqmFunctionRegistry   : Registered SqmFunctionTemplate [NamedSqmFunctionTemplate(timestamp)] under timestamp; prior registration was null
2026-08-26T20:30:58.159-04:00 DEBUG 23008 --- [veterinaria] [main] o.h.q.sqm.function.SqmFunctionRegistry   : Registered SqmFunctionTemplate [NamedSqmFunctionTemplate(time)] under time; prior registration was null
2026-08-26T20:30:58.159-04:00 DEBUG 23008 --- [veterinaria] [main] o.h.q.sqm.function.SqmFunctionRegistry   : Registered SqmFunctionTemplate [NamedSqmFunctionTemplate(utc_date)] under utc_date; prior registration was null
2026-08-26T20:30:58.159-04:00 DEBUG 23008 --- [veterinaria] [main] o.h.q.sqm.function.SqmFunctionRegistry   : Registered SqmFunctionTemplate [NamedSqmFunctionTemplate(utc_time)] under utc_time; prior registration was null
2026-08-26T20:30:58.160-04:00 DEBUG 23008 --- [veterinaria] [main] o.h.q.sqm.function.SqmFunctionRegistry   : Registered SqmFunctionTemplate [NamedSqmFunctionTemplate(utc_timestamp)] under utc_timestamp; prior registration was null
2026-08-26T20:30:58.160-04:00 DEBUG 23008 --- [veterinaria] [main] o.h.q.sqm.function.SqmFunctionRegistry   : Registered SqmFunctionTemplate [NamedSqmFunctionTemplate(rand)] under rand; prior registration was null
2026-08-26T20:30:58.161-04:00 DEBUG 23008 --- [veterinaria] [main] o.h.q.sqm.function.SqmFunctionRegistry   : Registered SqmFunctionTemplate [NamedSqmFunctionTemplate(crc32)] under crc32; prior registration was null
2026-08-26T20:30:58.161-04:00 DEBUG 23008 --- [veterinaria] [main] o.h.q.sqm.function.SqmFunctionRegistry   : Registered SqmFunctionTemplate [NamedSqmFunctionTemplate(sha1)] under sha1; prior registration was null
2026-08-26T20:30:58.161-04:00 DEBUG 23008 --- [veterinaria] [main] o.h.q.sqm.function.SqmFunctionRegistry   : Registered SqmFunctionTemplate [NamedSqmFunctionTemplate(sha2)] under sha2; prior registration was null
2026-08-26T20:30:58.161-04:00 DEBUG 23008 --- [veterinaria] [main] o.h.q.sqm.function.SqmFunctionRegistry   : Registered SqmFunctionTemplate [NamedSqmFunctionTemplate(sha)] under sha; prior registration was null
2026-08-26T20:30:58.161-04:00 DEBUG 23008 --- [veterinaria] [main] o.h.q.sqm.function.SqmFunctionRegistry   : Registered SqmFunctionTemplate [NamedSqmFunctionTemplate(bit_length)] under bit_length; prior registration was null
2026-08-26T20:30:58.162-04:00 DEBUG 23008 --- [veterinaria] [main] o.h.q.sqm.function.SqmFunctionRegistry   : Registered SqmFunctionTemplate [NamedSqmFunctionTemplate(octet_length)] under octet_length; prior registration was NamedSqmFunctionTemplate(octet_length)
2026-08-26T20:30:58.163-04:00 DEBUG 23008 --- [veterinaria] [main] o.h.q.sqm.function.SqmFunctionRegistry   : Registered SqmFunctionTemplate [NamedSqmFunctionTemplate(ascii)] under ascii; prior registration was null
2026-08-26T20:30:58.165-04:00 DEBUG 23008 --- [veterinaria] [main] o.h.q.sqm.function.SqmFunctionRegistry   : Registered SqmFunctionTemplate [NamedSqmFunctionTemplate(instr)] under instr; prior registration was null
2026-08-26T20:30:58.169-04:00 DEBUG 23008 --- [veterinaria] [main] o.h.q.sqm.function.SqmFunctionRegistry   : Registered SqmFunctionTemplate [NamedSqmFunctionTemplate(substr)] under substr; prior registration was null
2026-08-26T20:30:58.172-04:00 DEBUG 23008 --- [veterinaria] [main] o.h.q.sqm.function.SqmFunctionRegistry   : Registered SqmFunctionTemplate [org.hibernate.query.sqm.function.PatternBasedSqmFunctionDescriptor@51141f64] under position; prior registration was org.hibernate.dialect.function.LocatePositionEmulation@64665781
2026-08-26T20:30:58.173-04:00 DEBUG 23008 --- [veterinaria] [main] o.h.q.sqm.function.SqmFunctionRegistry   : Registered SqmFunctionTemplate [NamedSqmFunctionTemplate(curtime)] under curtime; prior registration was null
2026-08-26T20:30:58.174-04:00 DEBUG 23008 --- [veterinaria] [main] o.h.q.sqm.function.SqmFunctionRegistry   : Registered SqmFunctionTemplate [NamedSqmFunctionTemplate(curdate)] under curdate; prior registration was null
2026-08-26T20:30:58.175-04:00 DEBUG 23008 --- [veterinaria] [main] o.h.q.sqm.function.SqmFunctionRegistry   : Registered SqmFunctionTemplate [NamedSqmFunctionTemplate(now)] under now; prior registration was null
2026-08-26T20:30:58.187-04:00 DEBUG 23008 --- [veterinaria] [main] o.h.q.sqm.function.SqmFunctionRegistry   : Registered SqmFunctionTemplate [org.hibernate.dialect.function.TruncFunction@1e8bccfb] under trunc; prior registration was null
2026-08-26T20:30:58.188-04:00 DEBUG 23008 --- [veterinaria] [main] o.h.q.sqm.function.SqmFunctionRegistry   : Registering alternate key : truncate -> trunc
2026-08-26T20:30:58.189-04:00 DEBUG 23008 --- [veterinaria] [main] o.h.q.sqm.function.SqmFunctionRegistry   : Registered SqmFunctionTemplate [NamedSqmFunctionTemplate(insert)] under insert; prior registration was null
2026-08-26T20:30:58.189-04:00 DEBUG 23008 --- [veterinaria] [main] o.h.q.sqm.function.SqmFunctionRegistry   : Registered SqmFunctionTemplate [org.hibernate.query.sqm.function.PatternBasedSqmFunctionDescriptor@77eb607e] under bitand; prior registration was null
2026-08-26T20:30:58.189-04:00 DEBUG 23008 --- [veterinaria] [main] o.h.q.sqm.function.SqmFunctionRegistry   : Registered SqmFunctionTemplate [org.hibernate.query.sqm.function.PatternBasedSqmFunctionDescriptor@1f1fbc9f] under bitor; prior registration was null
2026-08-26T20:30:58.190-04:00 DEBUG 23008 --- [veterinaria] [main] o.h.q.sqm.function.SqmFunctionRegistry   : Registered SqmFunctionTemplate [org.hibernate.query.sqm.function.PatternBasedSqmFunctionDescriptor@10d4b573] under bitxor; prior registration was null
2026-08-26T20:30:58.190-04:00 DEBUG 23008 --- [veterinaria] [main] o.h.q.sqm.function.SqmFunctionRegistry   : Registered SqmFunctionTemplate [org.hibernate.query.sqm.function.PatternBasedSqmFunctionDescriptor@50785f86] under bitnot; prior registration was null
2026-08-26T20:30:58.190-04:00 DEBUG 23008 --- [veterinaria] [main] o.h.q.sqm.function.SqmFunctionRegistry   : Registered SqmFunctionTemplate [NamedSqmFunctionTemplate(bit_and)] under bit_and; prior registration was null
2026-08-26T20:30:58.190-04:00 DEBUG 23008 --- [veterinaria] [main] o.h.q.sqm.function.SqmFunctionRegistry   : Registered SqmFunctionTemplate [NamedSqmFunctionTemplate(bit_or)] under bit_or; prior registration was null
2026-08-26T20:30:58.191-04:00 DEBUG 23008 --- [veterinaria] [main] o.h.q.sqm.function.SqmFunctionRegistry   : Registered SqmFunctionTemplate [NamedSqmFunctionTemplate(stddev)] under stddev; prior registration was null
2026-08-26T20:30:58.191-04:00 DEBUG 23008 --- [veterinaria] [main] o.h.q.sqm.function.SqmFunctionRegistry   : Registered SqmFunctionTemplate [NamedSqmFunctionTemplate(stddev_pop)] under stddev_pop; prior registration was null
2026-08-26T20:30:58.191-04:00 DEBUG 23008 --- [veterinaria] [main] o.h.q.sqm.function.SqmFunctionRegistry   : Registered SqmFunctionTemplate [NamedSqmFunctionTemplate(stddev_samp)] under stddev_samp; prior registration was null
2026-08-26T20:30:58.193-04:00 DEBUG 23008 --- [veterinaria] [main] o.h.q.sqm.function.SqmFunctionRegistry   : Registered SqmFunctionTemplate [NamedSqmFunctionTemplate(variance)] under variance; prior registration was null
2026-08-26T20:30:58.194-04:00 DEBUG 23008 --- [veterinaria] [main] o.h.q.sqm.function.SqmFunctionRegistry   : Registered SqmFunctionTemplate [NamedSqmFunctionTemplate(var_pop)] under var_pop; prior registration was null
2026-08-26T20:30:58.194-04:00 DEBUG 23008 --- [veterinaria] [main] o.h.q.sqm.function.SqmFunctionRegistry   : Registered SqmFunctionTemplate [NamedSqmFunctionTemplate(var_samp)] under var_samp; prior registration was null
2026-08-26T20:30:58.194-04:00 DEBUG 23008 --- [veterinaria] [main] o.h.q.sqm.function.SqmFunctionRegistry   : Registered SqmFunctionTemplate [NamedSqmFunctionTemplate(datediff)] under datediff; prior registration was null
2026-08-26T20:30:58.195-04:00 DEBUG 23008 --- [veterinaria] [main] o.h.q.sqm.function.SqmFunctionRegistry   : Registered SqmFunctionTemplate [NamedSqmFunctionTemplate(adddate)] under adddate; prior registration was null
2026-08-26T20:30:58.195-04:00 DEBUG 23008 --- [veterinaria] [main] o.h.q.sqm.function.SqmFunctionRegistry   : Registered SqmFunctionTemplate [NamedSqmFunctionTemplate(subdate)] under subdate; prior registration was null
2026-08-26T20:30:58.195-04:00 DEBUG 23008 --- [veterinaria] [main] o.h.q.sqm.function.SqmFunctionRegistry   : Registered SqmFunctionTemplate [NamedSqmFunctionTemplate(addtime)] under addtime; prior registration was null
2026-08-26T20:30:58.195-04:00 DEBUG 23008 --- [veterinaria] [main] o.h.q.sqm.function.SqmFunctionRegistry   : Registered SqmFunctionTemplate [NamedSqmFunctionTemplate(subtime)] under subtime; prior registration was null
2026-08-26T20:30:58.196-04:00 DEBUG 23008 --- [veterinaria] [main] o.h.q.sqm.function.SqmFunctionRegistry   : Registered SqmFunctionTemplate [org.hibernate.dialect.function.FormatFunction@7c3c3d67] under format; prior registration was org.hibernate.dialect.function.FormatFunction@5e8f0f98
2026-08-26T20:30:58.196-04:00 DEBUG 23008 --- [veterinaria] [main] o.h.q.sqm.function.SqmFunctionRegistry   : Registered SqmFunctionTemplate [NamedSqmFunctionTemplate(makedate)] under makedate; prior registration was null
2026-08-26T20:30:58.197-04:00 DEBUG 23008 --- [veterinaria] [main] o.h.q.sqm.function.SqmFunctionRegistry   : Registered SqmFunctionTemplate [NamedSqmFunctionTemplate(maketime)] under maketime; prior registration was null
2026-08-26T20:30:58.197-04:00 DEBUG 23008 --- [veterinaria] [main] o.h.q.sqm.function.SqmFunctionRegistry   : Registered SqmFunctionTemplate [NamedSqmFunctionTemplate(localtime)] under localtime; prior registration was null
2026-08-26T20:30:58.197-04:00 DEBUG 23008 --- [veterinaria] [main] o.h.q.sqm.function.SqmFunctionRegistry   : Registered SqmFunctionTemplate [NamedSqmFunctionTemplate(localtimestamp)] under localtimestamp; prior registration was null
2026-08-26T20:30:58.197-04:00 DEBUG 23008 --- [veterinaria] [main] o.h.q.sqm.function.SqmFunctionRegistry   : Registered SqmFunctionTemplate [NamedSqmFunctionTemplate(localtime)] under local_time; prior registration was org.hibernate.dialect.function.CurrentFunction@42e202d7
2026-08-26T20:30:58.197-04:00 DEBUG 23008 --- [veterinaria] [main] o.h.q.sqm.function.SqmFunctionRegistry   : Registered SqmFunctionTemplate [NamedSqmFunctionTemplate(localtimestamp)] under local_datetime; prior registration was org.hibernate.dialect.function.CurrentFunction@38e7860c
2026-08-26T20:30:58.197-04:00 DEBUG 23008 --- [veterinaria] [main] o.h.q.sqm.function.SqmFunctionRegistry   : Registered SqmFunctionTemplate [NamedSqmFunctionTemplate(localtime)] under localtime; prior registration was NamedSqmFunctionTemplate(localtime)
2026-08-26T20:30:58.197-04:00 DEBUG 23008 --- [veterinaria] [main] o.h.q.sqm.function.SqmFunctionRegistry   : Registered SqmFunctionTemplate [org.hibernate.query.sqm.function.PatternBasedSqmFunctionDescriptor@1e258d3b] under pi; prior registration was org.hibernate.query.sqm.function.PatternBasedSqmFunctionDescriptor@5072e638
2026-08-26T20:30:58.198-04:00 DEBUG 23008 --- [veterinaria] [main] o.h.q.sqm.function.SqmFunctionRegistry   : Registered SqmFunctionTemplate [org.hibernate.query.sqm.function.PatternBasedSqmFunctionDescriptor@2b6fcca1] under chr; prior registration was null
2026-08-26T20:30:58.198-04:00 DEBUG 23008 --- [veterinaria] [main] o.h.q.sqm.function.SqmFunctionRegistry   : Registering alternate key : char -> chr
2026-08-26T20:30:58.198-04:00 DEBUG 23008 --- [veterinaria] [main] o.h.q.sqm.function.SqmFunctionRegistry   : Registered SqmFunctionTemplate [org.hibernate.query.sqm.function.PatternBasedSqmFunctionDescriptor@39f93225] under sysdate; prior registration was null
2026-08-26T20:30:58.198-04:00 DEBUG 23008 --- [veterinaria] [main] o.h.q.sqm.function.SqmFunctionRegistry   : Registered SqmFunctionTemplate [NamedSqmFunctionTemplate(row_number)] under row_number; prior registration was null
2026-08-26T20:30:58.199-04:00 DEBUG 23008 --- [veterinaria] [main] o.h.q.sqm.function.SqmFunctionRegistry   : Registered SqmFunctionTemplate [NamedSqmFunctionTemplate(lag)] under lag; prior registration was null
2026-08-26T20:30:58.199-04:00 DEBUG 23008 --- [veterinaria] [main] o.h.q.sqm.function.SqmFunctionRegistry   : Registered SqmFunctionTemplate [NamedSqmFunctionTemplate(lead)] under lead; prior registration was null
2026-08-26T20:30:58.200-04:00 DEBUG 23008 --- [veterinaria] [main] o.h.q.sqm.function.SqmFunctionRegistry   : Registered SqmFunctionTemplate [NamedSqmFunctionTemplate(first_value)] under first_value; prior registration was null
2026-08-26T20:30:58.202-04:00 DEBUG 23008 --- [veterinaria] [main] o.h.q.sqm.function.SqmFunctionRegistry   : Registered SqmFunctionTemplate [NamedSqmFunctionTemplate(last_value)] under last_value; prior registration was null
2026-08-26T20:30:58.202-04:00 DEBUG 23008 --- [veterinaria] [main] o.h.q.sqm.function.SqmFunctionRegistry   : Registered SqmFunctionTemplate [NamedSqmFunctionTemplate(nth_value)] under nth_value; prior registration was null
2026-08-26T20:30:58.205-04:00 DEBUG 23008 --- [veterinaria] [main] o.h.q.sqm.function.SqmFunctionRegistry   : Registered SqmFunctionTemplate [org.hibernate.dialect.function.HypotheticalSetWindowEmulation@3cad24ae] under rank; prior registration was null
2026-08-26T20:30:58.205-04:00 DEBUG 23008 --- [veterinaria] [main] o.h.q.sqm.function.SqmFunctionRegistry   : Registered SqmFunctionTemplate [org.hibernate.dialect.function.HypotheticalSetWindowEmulation@58021c3c] under dense_rank; prior registration was null
2026-08-26T20:30:58.206-04:00 DEBUG 23008 --- [veterinaria] [main] o.h.q.sqm.function.SqmFunctionRegistry   : Registered SqmFunctionTemplate [org.hibernate.dialect.function.HypotheticalSetWindowEmulation@18cbc3c2] under percent_rank; prior registration was null
2026-08-26T20:30:58.207-04:00 DEBUG 23008 --- [veterinaria] [main] o.h.q.sqm.function.SqmFunctionRegistry   : Registered SqmFunctionTemplate [org.hibernate.dialect.function.HypotheticalSetWindowEmulation@1b25d695] under cume_dist; prior registration was null
2026-08-26T20:30:58.209-04:00 DEBUG 23008 --- [veterinaria] [main] o.h.q.sqm.function.SqmFunctionRegistry   : Registered SqmFunctionTemplate [org.hibernate.dialect.function.ListaggGroupConcatEmulation@75e4fe3c] under listagg; prior registration was null
2026-08-26T20:30:58.211-04:00 DEBUG 23008 --- [veterinaria] [main] org.hibernate.HQL_FUNCTIONS              : abs(NUMERIC arg)
2026-08-26T20:30:58.213-04:00 DEBUG 23008 --- [veterinaria] [main] org.hibernate.HQL_FUNCTIONS              : Double acos(NUMERIC arg)
2026-08-26T20:30:58.213-04:00 DEBUG 23008 --- [veterinaria] [main] org.hibernate.HQL_FUNCTIONS              : adddate(DATE datetime, INTEGER days)
2026-08-26T20:30:58.214-04:00 DEBUG 23008 --- [veterinaria] [main] org.hibernate.HQL_FUNCTIONS              : addtime(TIME datetime, TIME time)
2026-08-26T20:30:58.214-04:00 DEBUG 23008 --- [veterinaria] [main] org.hibernate.HQL_FUNCTIONS              : Boolean any(BOOLEAN arg)
2026-08-26T20:30:58.214-04:00 DEBUG 23008 --- [veterinaria] [main] org.hibernate.HQL_FUNCTIONS              : Integer ascii(STRING arg)
2026-08-26T20:30:58.215-04:00 DEBUG 23008 --- [veterinaria] [main] org.hibernate.HQL_FUNCTIONS              : Double asin(NUMERIC arg)
2026-08-26T20:30:58.215-04:00 DEBUG 23008 --- [veterinaria] [main] org.hibernate.HQL_FUNCTIONS              : Double atan(NUMERIC arg)
2026-08-26T20:30:58.216-04:00 DEBUG 23008 --- [veterinaria] [main] org.hibernate.HQL_FUNCTIONS              : Double atan2(NUMERIC arg0, NUMERIC arg1)
2026-08-26T20:30:58.216-04:00 DEBUG 23008 --- [veterinaria] [main] org.hibernate.HQL_FUNCTIONS              : avg(arg)
2026-08-26T20:30:58.218-04:00 DEBUG 23008 --- [veterinaria] [main] org.hibernate.HQL_FUNCTIONS              : bit_and(arg)
2026-08-26T20:30:58.218-04:00 DEBUG 23008 --- [veterinaria] [main] org.hibernate.HQL_FUNCTIONS              : Integer bit_length(STRING_OR_CLOB arg)
2026-08-26T20:30:58.219-04:00 DEBUG 23008 --- [veterinaria] [main] org.hibernate.HQL_FUNCTIONS              : bit_or(arg)
2026-08-26T20:30:58.221-04:00 DEBUG 23008 --- [veterinaria] [main] org.hibernate.HQL_FUNCTIONS              : bitand(arg0, arg1)
2026-08-26T20:30:58.223-04:00 DEBUG 23008 --- [veterinaria] [main] org.hibernate.HQL_FUNCTIONS              : bitnot(arg)
2026-08-26T20:30:58.223-04:00 DEBUG 23008 --- [veterinaria] [main] org.hibernate.HQL_FUNCTIONS              : bitor(arg0, arg1)
2026-08-26T20:30:58.224-04:00 DEBUG 23008 --- [veterinaria] [main] org.hibernate.HQL_FUNCTIONS              : bitxor(arg0, arg1)
2026-08-26T20:30:58.225-04:00 DEBUG 23008 --- [veterinaria] [main] org.hibernate.HQL_FUNCTIONS              : cast(arg as Type)
2026-08-26T20:30:58.226-04:00 DEBUG 23008 --- [veterinaria] [main] org.hibernate.HQL_FUNCTIONS              : ceiling(NUMERIC arg)
2026-08-26T20:30:58.226-04:00 DEBUG 23008 --- [veterinaria] [main] org.hibernate.HQL_FUNCTIONS              : Character char(INTEGER arg)
2026-08-26T20:30:58.229-04:00 DEBUG 23008 --- [veterinaria] [main] org.hibernate.HQL_FUNCTIONS              : Integer character_length(STRING_OR_CLOB arg)
2026-08-26T20:30:58.230-04:00 DEBUG 23008 --- [veterinaria] [main] org.hibernate.HQL_FUNCTIONS              : Character chr(INTEGER arg)
2026-08-26T20:30:58.231-04:00 DEBUG 23008 --- [veterinaria] [main] org.hibernate.HQL_FUNCTIONS              : coalesce(arg0[, arg1[, ...]])
2026-08-26T20:30:58.232-04:00 DEBUG 23008 --- [veterinaria] [main] org.hibernate.HQL_FUNCTIONS              : String collate(STRING string as COLLATION collation)
2026-08-26T20:30:58.232-04:00 DEBUG 23008 --- [veterinaria] [main] org.hibernate.HQL_FUNCTIONS              : String concat(STRING string0[, STRING string1[, ...]])
2026-08-26T20:30:58.232-04:00 DEBUG 23008 --- [veterinaria] [main] org.hibernate.HQL_FUNCTIONS              : Double cos(NUMERIC arg)
2026-08-26T20:30:58.232-04:00 DEBUG 23008 --- [veterinaria] [main] org.hibernate.HQL_FUNCTIONS              : Double cosh(NUMERIC arg)
2026-08-26T20:30:58.233-04:00 DEBUG 23008 --- [veterinaria] [main] org.hibernate.HQL_FUNCTIONS              : Double cot(NUMERIC arg)
2026-08-26T20:30:58.235-04:00 DEBUG 23008 --- [veterinaria] [main] org.hibernate.HQL_FUNCTIONS              : Long count([distinct ]{arg|*})
2026-08-26T20:30:58.235-04:00 DEBUG 23008 --- [veterinaria] [main] org.hibernate.HQL_FUNCTIONS              : Integer crc32(arg)
2026-08-26T20:30:58.236-04:00 DEBUG 23008 --- [veterinaria] [main] org.hibernate.HQL_FUNCTIONS              : Double cume_dist([arg0[, ...]])
2026-08-26T20:30:58.236-04:00 DEBUG 23008 --- [veterinaria] [main] org.hibernate.HQL_FUNCTIONS              : Date curdate()
2026-08-26T20:30:58.237-04:00 DEBUG 23008 --- [veterinaria] [main] org.hibernate.HQL_FUNCTIONS              : Date current date
2026-08-26T20:30:58.237-04:00 DEBUG 23008 --- [veterinaria] [main] org.hibernate.HQL_FUNCTIONS              : Time current time
2026-08-26T20:30:58.237-04:00 DEBUG 23008 --- [veterinaria] [main] org.hibernate.HQL_FUNCTIONS              : Timestamp current timestamp
2026-08-26T20:30:58.238-04:00 DEBUG 23008 --- [veterinaria] [main] org.hibernate.HQL_FUNCTIONS              : Date current_date
2026-08-26T20:30:58.238-04:00 DEBUG 23008 --- [veterinaria] [main] org.hibernate.HQL_FUNCTIONS              : Instant current_instant
2026-08-26T20:30:58.239-04:00 DEBUG 23008 --- [veterinaria] [main] org.hibernate.HQL_FUNCTIONS              : Time current_time
2026-08-26T20:30:58.239-04:00 DEBUG 23008 --- [veterinaria] [main] org.hibernate.HQL_FUNCTIONS              : Timestamp current_timestamp
2026-08-26T20:30:58.239-04:00 DEBUG 23008 --- [veterinaria] [main] org.hibernate.HQL_FUNCTIONS              : Time curtime()
2026-08-26T20:30:58.239-04:00 DEBUG 23008 --- [veterinaria] [main] org.hibernate.HQL_FUNCTIONS              : Date date(arg)
2026-08-26T20:30:58.239-04:00 DEBUG 23008 --- [veterinaria] [main] org.hibernate.HQL_FUNCTIONS              : dateadd(TEMPORAL_UNIT field, INTEGER magnitude, TEMPORAL datetime)
2026-08-26T20:30:58.239-04:00 DEBUG 23008 --- [veterinaria] [main] org.hibernate.HQL_FUNCTIONS              : Integer datediff(DATE end, DATE start)
2026-08-26T20:30:58.240-04:00 DEBUG 23008 --- [veterinaria] [main] org.hibernate.HQL_FUNCTIONS              : Integer day(DATE arg)
2026-08-26T20:30:58.240-04:00 DEBUG 23008 --- [veterinaria] [main] org.hibernate.HQL_FUNCTIONS              : String dayname(DATE arg)
2026-08-26T20:30:58.240-04:00 DEBUG 23008 --- [veterinaria] [main] org.hibernate.HQL_FUNCTIONS              : Integer dayofmonth(DATE arg)
2026-08-26T20:30:58.240-04:00 DEBUG 23008 --- [veterinaria] [main] org.hibernate.HQL_FUNCTIONS              : Integer dayofweek(DATE arg)
2026-08-26T20:30:58.240-04:00 DEBUG 23008 --- [veterinaria] [main] org.hibernate.HQL_FUNCTIONS              : Integer dayofyear(DATE arg)
2026-08-26T20:30:58.240-04:00 DEBUG 23008 --- [veterinaria] [main] org.hibernate.HQL_FUNCTIONS              : Double degrees(NUMERIC arg)
2026-08-26T20:30:58.240-04:00 DEBUG 23008 --- [veterinaria] [main] org.hibernate.HQL_FUNCTIONS              : Long dense_rank([arg0[, ...]])
2026-08-26T20:30:58.241-04:00 DEBUG 23008 --- [veterinaria] [main] org.hibernate.HQL_FUNCTIONS              : Boolean every(BOOLEAN arg)
2026-08-26T20:30:58.241-04:00 DEBUG 23008 --- [veterinaria] [main] org.hibernate.HQL_FUNCTIONS              : Double exp(NUMERIC arg)
2026-08-26T20:30:58.241-04:00 DEBUG 23008 --- [veterinaria] [main] org.hibernate.HQL_FUNCTIONS              : extract(TEMPORAL_UNIT field from TEMPORAL arg)
2026-08-26T20:30:58.241-04:00 DEBUG 23008 --- [veterinaria] [main] org.hibernate.HQL_FUNCTIONS              : first_valueANY value
2026-08-26T20:30:58.241-04:00 DEBUG 23008 --- [veterinaria] [main] org.hibernate.HQL_FUNCTIONS              : floor(NUMERIC arg)
2026-08-26T20:30:58.241-04:00 DEBUG 23008 --- [veterinaria] [main] org.hibernate.HQL_FUNCTIONS              : String format(TEMPORAL datetime as STRING pattern)
2026-08-26T20:30:58.241-04:00 DEBUG 23008 --- [veterinaria] [main] org.hibernate.HQL_FUNCTIONS              : greatest(COMPARABLE arg0, COMPARABLE arg1[, arg2[, ...]])
2026-08-26T20:30:58.243-04:00 DEBUG 23008 --- [veterinaria] [main] org.hibernate.HQL_FUNCTIONS              : Integer hour(TIME arg)
2026-08-26T20:30:58.244-04:00 DEBUG 23008 --- [veterinaria] [main] org.hibernate.HQL_FUNCTIONS              : ifnull(arg0, arg1)
2026-08-26T20:30:58.245-04:00 DEBUG 23008 --- [veterinaria] [main] org.hibernate.HQL_FUNCTIONS              : String insert(STRING string, INTEGER start, INTEGER length, STRING replacement)
2026-08-26T20:30:58.246-04:00 DEBUG 23008 --- [veterinaria] [main] org.hibernate.HQL_FUNCTIONS              : Instant instant
2026-08-26T20:30:58.247-04:00 DEBUG 23008 --- [veterinaria] [main] org.hibernate.HQL_FUNCTIONS              : Integer instr(STRING string, STRING pattern[, INTEGER start[, INTEGER occurrence]])
2026-08-26T20:30:58.247-04:00 DEBUG 23008 --- [veterinaria] [main] org.hibernate.HQL_FUNCTIONS              : lagANY value[, INTEGER offset[, ANY default]]
2026-08-26T20:30:58.247-04:00 DEBUG 23008 --- [veterinaria] [main] org.hibernate.HQL_FUNCTIONS              : Date last_day(DATE arg)
2026-08-26T20:30:58.248-04:00 DEBUG 23008 --- [veterinaria] [main] org.hibernate.HQL_FUNCTIONS              : last_valueANY value
2026-08-26T20:30:58.248-04:00 DEBUG 23008 --- [veterinaria] [main] org.hibernate.HQL_FUNCTIONS              : leadANY value[, INTEGER offset[, ANY default]]
2026-08-26T20:30:58.248-04:00 DEBUG 23008 --- [veterinaria] [main] org.hibernate.HQL_FUNCTIONS              : least(COMPARABLE arg0, COMPARABLE arg1[, arg2[, ...]])
2026-08-26T20:30:58.248-04:00 DEBUG 23008 --- [veterinaria] [main] org.hibernate.HQL_FUNCTIONS              : String left(STRING string, INTEGER length)
2026-08-26T20:30:58.248-04:00 DEBUG 23008 --- [veterinaria] [main] org.hibernate.HQL_FUNCTIONS              : Integer length(STRING_OR_CLOB arg)
2026-08-26T20:30:58.249-04:00 DEBUG 23008 --- [veterinaria] [main] org.hibernate.HQL_FUNCTIONS              : String listagg(STRING arg0, STRING arg1)
2026-08-26T20:30:58.249-04:00 DEBUG 23008 --- [veterinaria] [main] org.hibernate.HQL_FUNCTIONS              : Double ln(NUMERIC arg)
2026-08-26T20:30:58.249-04:00 DEBUG 23008 --- [veterinaria] [main] org.hibernate.HQL_FUNCTIONS              : LocalDate local date
2026-08-26T20:30:58.249-04:00 DEBUG 23008 --- [veterinaria] [main] org.hibernate.HQL_FUNCTIONS              : LocalDateTime local datetime
2026-08-26T20:30:58.250-04:00 DEBUG 23008 --- [veterinaria] [main] org.hibernate.HQL_FUNCTIONS              : LocalTime local time
2026-08-26T20:30:58.250-04:00 DEBUG 23008 --- [veterinaria] [main] org.hibernate.HQL_FUNCTIONS              : LocalDate local_date
2026-08-26T20:30:58.250-04:00 DEBUG 23008 --- [veterinaria] [main] org.hibernate.HQL_FUNCTIONS              : LocalDateTime local_datetime
2026-08-26T20:30:58.251-04:00 DEBUG 23008 --- [veterinaria] [main] org.hibernate.HQL_FUNCTIONS              : LocalTime local_time
2026-08-26T20:30:58.251-04:00 DEBUG 23008 --- [veterinaria] [main] org.hibernate.HQL_FUNCTIONS              : Timestamp localtime
2026-08-26T20:30:58.251-04:00 DEBUG 23008 --- [veterinaria] [main] org.hibernate.HQL_FUNCTIONS              : Timestamp localtimestamp
2026-08-26T20:30:58.252-04:00 DEBUG 23008 --- [veterinaria] [main] org.hibernate.HQL_FUNCTIONS              : Integer locate(STRING pattern, STRING string[, INTEGER start])
2026-08-26T20:30:58.252-04:00 DEBUG 23008 --- [veterinaria] [main] org.hibernate.HQL_FUNCTIONS              : Double log(NUMERIC arg0[, NUMERIC arg1])
2026-08-26T20:30:58.252-04:00 DEBUG 23008 --- [veterinaria] [main] org.hibernate.HQL_FUNCTIONS              : Double log10(NUMERIC arg)
2026-08-26T20:30:58.252-04:00 DEBUG 23008 --- [veterinaria] [main] org.hibernate.HQL_FUNCTIONS              : Double log2(NUMERIC arg)
2026-08-26T20:30:58.252-04:00 DEBUG 23008 --- [veterinaria] [main] org.hibernate.HQL_FUNCTIONS              : String lower(STRING string)
2026-08-26T20:30:58.253-04:00 DEBUG 23008 --- [veterinaria] [main] org.hibernate.HQL_FUNCTIONS              : String lpad(string, length[, padding])
2026-08-26T20:30:58.253-04:00 DEBUG 23008 --- [veterinaria] [main] org.hibernate.HQL_FUNCTIONS              : String ltrim(STRING string[, STRING characters])
2026-08-26T20:30:58.253-04:00 DEBUG 23008 --- [veterinaria] [main] org.hibernate.HQL_FUNCTIONS              : Date makedate(INTEGER year, INTEGER dayofyear)
2026-08-26T20:30:58.254-04:00 DEBUG 23008 --- [veterinaria] [main] org.hibernate.HQL_FUNCTIONS              : Time maketime(INTEGER hour, INTEGER min, INTEGER sec)
2026-08-26T20:30:58.254-04:00 DEBUG 23008 --- [veterinaria] [main] org.hibernate.HQL_FUNCTIONS              : max(COMPARABLE arg)
2026-08-26T20:30:58.255-04:00 DEBUG 23008 --- [veterinaria] [main] org.hibernate.HQL_FUNCTIONS              : String md5(arg)
2026-08-26T20:30:58.256-04:00 DEBUG 23008 --- [veterinaria] [main] org.hibernate.HQL_FUNCTIONS              : Integer microsecond(TIME arg)
2026-08-26T20:30:58.256-04:00 DEBUG 23008 --- [veterinaria] [main] org.hibernate.HQL_FUNCTIONS              : min(COMPARABLE arg)
2026-08-26T20:30:58.256-04:00 DEBUG 23008 --- [veterinaria] [main] org.hibernate.HQL_FUNCTIONS              : Integer minute(TIME arg)
2026-08-26T20:30:58.256-04:00 DEBUG 23008 --- [veterinaria] [main] org.hibernate.HQL_FUNCTIONS              : Integer mod(INTEGER arg0, INTEGER arg1)
2026-08-26T20:30:58.257-04:00 DEBUG 23008 --- [veterinaria] [main] org.hibernate.HQL_FUNCTIONS              : Integer month(DATE arg)
2026-08-26T20:30:58.257-04:00 DEBUG 23008 --- [veterinaria] [main] org.hibernate.HQL_FUNCTIONS              : String monthname(DATE arg)
2026-08-26T20:30:58.257-04:00 DEBUG 23008 --- [veterinaria] [main] org.hibernate.HQL_FUNCTIONS              : Timestamp now()
2026-08-26T20:30:58.257-04:00 DEBUG 23008 --- [veterinaria] [main] org.hibernate.HQL_FUNCTIONS              : nth_valueANY value, INTEGER nth
2026-08-26T20:30:58.257-04:00 DEBUG 23008 --- [veterinaria] [main] org.hibernate.HQL_FUNCTIONS              : nullif(arg0, arg1)
2026-08-26T20:30:58.257-04:00 DEBUG 23008 --- [veterinaria] [main] org.hibernate.HQL_FUNCTIONS              : Integer octet_length(STRING_OR_CLOB arg)
2026-08-26T20:30:58.258-04:00 DEBUG 23008 --- [veterinaria] [main] org.hibernate.HQL_FUNCTIONS              : OffsetDateTime offset datetime
2026-08-26T20:30:58.258-04:00 DEBUG 23008 --- [veterinaria] [main] org.hibernate.HQL_FUNCTIONS              : OffsetDateTime offset_datetime
2026-08-26T20:30:58.258-04:00 DEBUG 23008 --- [veterinaria] [main] org.hibernate.HQL_FUNCTIONS              : String overlay(STRING string placing STRING replacement from INTEGER start[ for INTEGER length])
2026-08-26T20:30:58.258-04:00 DEBUG 23008 --- [veterinaria] [main] org.hibernate.HQL_FUNCTIONS              : String pad(STRING string with INTEGER length {leading|trailing}[ STRING character])
2026-08-26T20:30:58.258-04:00 DEBUG 23008 --- [veterinaria] [main] org.hibernate.HQL_FUNCTIONS              : Double percent_rank([arg0[, ...]])
2026-08-26T20:30:58.258-04:00 DEBUG 23008 --- [veterinaria] [main] org.hibernate.HQL_FUNCTIONS              : Double pi
2026-08-26T20:30:58.258-04:00 DEBUG 23008 --- [veterinaria] [main] org.hibernate.HQL_FUNCTIONS              : Integer position(STRING pattern in STRING string)
2026-08-26T20:30:58.259-04:00 DEBUG 23008 --- [veterinaria] [main] org.hibernate.HQL_FUNCTIONS              : Double power(NUMERIC arg0, NUMERIC arg1)
2026-08-26T20:30:58.259-04:00 DEBUG 23008 --- [veterinaria] [main] org.hibernate.HQL_FUNCTIONS              : Integer quarter(DATE arg)
2026-08-26T20:30:58.259-04:00 DEBUG 23008 --- [veterinaria] [main] org.hibernate.HQL_FUNCTIONS              : Double radians(NUMERIC arg)
2026-08-26T20:30:58.259-04:00 DEBUG 23008 --- [veterinaria] [main] org.hibernate.HQL_FUNCTIONS              : Double rand([INTEGER seed])
2026-08-26T20:30:58.259-04:00 DEBUG 23008 --- [veterinaria] [main] org.hibernate.HQL_FUNCTIONS              : Long rank([arg0[, ...]])
2026-08-26T20:30:58.260-04:00 DEBUG 23008 --- [veterinaria] [main] org.hibernate.HQL_FUNCTIONS              : String repeat(STRING string, INTEGER times)
2026-08-26T20:30:58.260-04:00 DEBUG 23008 --- [veterinaria] [main] org.hibernate.HQL_FUNCTIONS              : String replace(STRING string, STRING pattern, STRING replacement)
2026-08-26T20:30:58.260-04:00 DEBUG 23008 --- [veterinaria] [main] org.hibernate.HQL_FUNCTIONS              : String reverse(STRING arg)
2026-08-26T20:30:58.260-04:00 DEBUG 23008 --- [veterinaria] [main] org.hibernate.HQL_FUNCTIONS              : String right(STRING string, INTEGER length)
2026-08-26T20:30:58.260-04:00 DEBUG 23008 --- [veterinaria] [main] org.hibernate.HQL_FUNCTIONS              : round(NUMERIC number[, INTEGER places])
2026-08-26T20:30:58.260-04:00 DEBUG 23008 --- [veterinaria] [main] org.hibernate.HQL_FUNCTIONS              : Long row_number()
2026-08-26T20:30:58.260-04:00 DEBUG 23008 --- [veterinaria] [main] org.hibernate.HQL_FUNCTIONS              : String rpad(string, length[, padding])
2026-08-26T20:30:58.261-04:00 DEBUG 23008 --- [veterinaria] [main] org.hibernate.HQL_FUNCTIONS              : String rtrim(STRING string[, STRING characters])
2026-08-26T20:30:58.261-04:00 DEBUG 23008 --- [veterinaria] [main] org.hibernate.HQL_FUNCTIONS              : Integer second(TIME arg)
2026-08-26T20:30:58.261-04:00 DEBUG 23008 --- [veterinaria] [main] org.hibernate.HQL_FUNCTIONS              : String sha(arg)
2026-08-26T20:30:58.262-04:00 DEBUG 23008 --- [veterinaria] [main] org.hibernate.HQL_FUNCTIONS              : String sha1(arg)
2026-08-26T20:30:58.262-04:00 DEBUG 23008 --- [veterinaria] [main] org.hibernate.HQL_FUNCTIONS              : String sha2(arg0, arg1)
2026-08-26T20:30:58.262-04:00 DEBUG 23008 --- [veterinaria] [main] org.hibernate.HQL_FUNCTIONS              : Integer sign(NUMERIC arg)
2026-08-26T20:30:58.262-04:00 DEBUG 23008 --- [veterinaria] [main] org.hibernate.HQL_FUNCTIONS              : Double sin(NUMERIC arg)
2026-08-26T20:30:58.263-04:00 DEBUG 23008 --- [veterinaria] [main] org.hibernate.HQL_FUNCTIONS              : Double sinh(NUMERIC arg)
2026-08-26T20:30:58.263-04:00 DEBUG 23008 --- [veterinaria] [main] org.hibernate.HQL_FUNCTIONS              : String soundex(arg)
2026-08-26T20:30:58.263-04:00 DEBUG 23008 --- [veterinaria] [main] org.hibernate.HQL_FUNCTIONS              : String space(INTEGER arg)
2026-08-26T20:30:58.264-04:00 DEBUG 23008 --- [veterinaria] [main] org.hibernate.HQL_FUNCTIONS              : Object sql
2026-08-26T20:30:58.264-04:00 DEBUG 23008 --- [veterinaria] [main] org.hibernate.HQL_FUNCTIONS              : Double sqrt(NUMERIC arg)
2026-08-26T20:30:58.264-04:00 DEBUG 23008 --- [veterinaria] [main] org.hibernate.HQL_FUNCTIONS              : Double stddev(NUMERIC arg)
2026-08-26T20:30:58.264-04:00 DEBUG 23008 --- [veterinaria] [main] org.hibernate.HQL_FUNCTIONS              : Double stddev_pop(NUMERIC arg)
2026-08-26T20:30:58.264-04:00 DEBUG 23008 --- [veterinaria] [main] org.hibernate.HQL_FUNCTIONS              : Double stddev_samp(NUMERIC arg)
2026-08-26T20:30:58.264-04:00 DEBUG 23008 --- [veterinaria] [main] org.hibernate.HQL_FUNCTIONS              : String str(arg)
2026-08-26T20:30:58.264-04:00 DEBUG 23008 --- [veterinaria] [main] org.hibernate.HQL_FUNCTIONS              : subdate(DATE datetime, INTEGER days)
2026-08-26T20:30:58.265-04:00 DEBUG 23008 --- [veterinaria] [main] org.hibernate.HQL_FUNCTIONS              : String substr(STRING string, INTEGER start[, INTEGER length])
2026-08-26T20:30:58.265-04:00 DEBUG 23008 --- [veterinaria] [main] org.hibernate.HQL_FUNCTIONS              : String substring(STRING string{ from|,} INTEGER start[{ for|,} INTEGER length])
2026-08-26T20:30:58.265-04:00 DEBUG 23008 --- [veterinaria] [main] org.hibernate.HQL_FUNCTIONS              : subtime(TIME datetime, TIME time)
2026-08-26T20:30:58.265-04:00 DEBUG 23008 --- [veterinaria] [main] org.hibernate.HQL_FUNCTIONS              : sum(arg)
2026-08-26T20:30:58.265-04:00 DEBUG 23008 --- [veterinaria] [main] org.hibernate.HQL_FUNCTIONS              : Timestamp sysdate()
2026-08-26T20:30:58.265-04:00 DEBUG 23008 --- [veterinaria] [main] org.hibernate.HQL_FUNCTIONS              : Double tan(NUMERIC arg)
2026-08-26T20:30:58.265-04:00 DEBUG 23008 --- [veterinaria] [main] org.hibernate.HQL_FUNCTIONS              : Double tanh(NUMERIC arg)
2026-08-26T20:30:58.265-04:00 DEBUG 23008 --- [veterinaria] [main] org.hibernate.HQL_FUNCTIONS              : String time(arg)
2026-08-26T20:30:58.265-04:00 DEBUG 23008 --- [veterinaria] [main] org.hibernate.HQL_FUNCTIONS              : Timestamp timestamp(arg0[, arg1])
2026-08-26T20:30:58.265-04:00 DEBUG 23008 --- [veterinaria] [main] org.hibernate.HQL_FUNCTIONS              : timestampadd(TEMPORAL_UNIT field, INTEGER magnitude, TEMPORAL datetime)
2026-08-26T20:30:58.266-04:00 DEBUG 23008 --- [veterinaria] [main] org.hibernate.HQL_FUNCTIONS              : basicType@12(java.lang.Long,-5)|basicType@17(java.lang.Double,8) timestampdiff(TEMPORAL_UNIT field, TEMPORAL start, TEMPORAL end)
2026-08-26T20:30:58.266-04:00 DEBUG 23008 --- [veterinaria] [main] org.hibernate.HQL_FUNCTIONS              : String trim([[{leading|trailing|both} ][STRING arg0 ]from] STRING arg1)
2026-08-26T20:30:58.266-04:00 DEBUG 23008 --- [veterinaria] [main] org.hibernate.HQL_FUNCTIONS              : trunc( ... )
2026-08-26T20:30:58.266-04:00 DEBUG 23008 --- [veterinaria] [main] org.hibernate.HQL_FUNCTIONS              : truncate( ... )
2026-08-26T20:30:58.266-04:00 DEBUG 23008 --- [veterinaria] [main] org.hibernate.HQL_FUNCTIONS              : String upper(STRING string)
2026-08-26T20:30:58.266-04:00 DEBUG 23008 --- [veterinaria] [main] org.hibernate.HQL_FUNCTIONS              : Date utc_date
2026-08-26T20:30:58.266-04:00 DEBUG 23008 --- [veterinaria] [main] org.hibernate.HQL_FUNCTIONS              : Time utc_time
2026-08-26T20:30:58.267-04:00 DEBUG 23008 --- [veterinaria] [main] org.hibernate.HQL_FUNCTIONS              : Timestamp utc_timestamp
2026-08-26T20:30:58.267-04:00 DEBUG 23008 --- [veterinaria] [main] org.hibernate.HQL_FUNCTIONS              : Double var_pop(NUMERIC arg)
2026-08-26T20:30:58.267-04:00 DEBUG 23008 --- [veterinaria] [main] org.hibernate.HQL_FUNCTIONS              : Double var_samp(NUMERIC arg)
2026-08-26T20:30:58.268-04:00 DEBUG 23008 --- [veterinaria] [main] org.hibernate.HQL_FUNCTIONS              : Double variance(NUMERIC arg)
2026-08-26T20:30:58.268-04:00 DEBUG 23008 --- [veterinaria] [main] org.hibernate.HQL_FUNCTIONS              : Integer week(DATE arg)
2026-08-26T20:30:58.268-04:00 DEBUG 23008 --- [veterinaria] [main] org.hibernate.HQL_FUNCTIONS              : Integer year(DATE arg)
2026-08-26T20:30:58.275-04:00 DEBUG 23008 --- [veterinaria] [main] org.hibernate.orm.query.plan.cache       : Starting QueryInterpretationCache(2048)
2026-08-26T20:30:58.282-04:00 TRACE 23008 --- [veterinaria] [main] o.h.s.i.AbstractServiceRegistryImpl      : Initializing service [role=org.hibernate.engine.query.spi.NativeQueryInterpreter]
2026-08-26T20:30:58.378-04:00 DEBUG 23008 --- [veterinaria] [main] .h.s.i.SessionFactoryServiceRegistryImpl : EventListenerRegistry access via ServiceRegistry is deprecated.  Use `sessionFactory.getEventEngine().getListenerRegistry()` instead
2026-08-26T20:30:58.378-04:00 TRACE 23008 --- [veterinaria] [main] o.h.s.i.AbstractServiceRegistryImpl      : Initializing service [role=org.hibernate.engine.jdbc.mutation.spi.MutationExecutorService]
2026-08-26T20:30:58.379-04:00 TRACE 23008 --- [veterinaria] [main] o.h.s.i.AbstractServiceRegistryImpl      : Initializing service [role=org.hibernate.event.spi.EntityCopyObserverFactory]
2026-08-26T20:30:58.379-04:00 DEBUG 23008 --- [veterinaria] [main] h.e.i.EntityCopyObserverFactoryInitiator : Configured EntityCopyObserver strategy: disallow
2026-08-26T20:30:58.380-04:00 TRACE 23008 --- [veterinaria] [main] o.h.s.i.AbstractServiceRegistryImpl      : Initializing service [role=org.hibernate.sql.results.jdbc.spi.JdbcValuesMappingProducerProvider]
2026-08-26T20:30:58.387-04:00 TRACE 23008 --- [veterinaria] [main] o.h.s.i.AbstractServiceRegistryImpl      : Initializing service [role=org.hibernate.engine.jdbc.batch.spi.BatchBuilder]
2026-08-26T20:30:58.391-04:00 TRACE 23008 --- [veterinaria] [main] org.hibernate.orm.jdbc.batch             : Using standard BatchBuilder (1)
2026-08-26T20:30:58.401-04:00 TRACE 23008 --- [veterinaria] [main] o.h.s.i.AbstractServiceRegistryImpl      : Initializing service [role=org.hibernate.persister.spi.PersisterFactory]
2026-08-26T20:30:58.403-04:00 TRACE 23008 --- [veterinaria] [main] o.h.s.i.AbstractServiceRegistryImpl      : Initializing service [role=org.hibernate.persister.spi.PersisterClassResolver]
2026-08-26T20:30:58.406-04:00 DEBUG 23008 --- [veterinaria] [main] o.hibernate.orm.model.mapping.creation   : Starting post-init callbacks
2026-08-26T20:30:58.415-04:00 TRACE 23008 --- [veterinaria] [main] o.h.metamodel.internal.MetadataContext   : Wrapping up metadata context...
2026-08-26T20:30:58.420-04:00 TRACE 23008 --- [veterinaria] [main] o.h.s.i.AbstractServiceRegistryImpl      : Initializing service [role=org.hibernate.engine.transaction.jta.platform.spi.JtaPlatform]
2026-08-26T20:30:58.420-04:00  INFO 23008 --- [veterinaria] [main] o.h.e.t.j.p.i.JtaPlatformInitiator       : HHH000489: No JTA platform available (set 'hibernate.transaction.jta.platform' to enable JTA platform integration)
2026-08-26T20:30:58.421-04:00 DEBUG 23008 --- [veterinaria] [main] o.h.type.spi.TypeConfiguration$Scope     : Scoping TypeConfiguration [org.hibernate.type.spi.TypeConfiguration@1d7f2f0a] to SessionFactoryImplementor [org.hibernate.internal.SessionFactoryImpl@66048ac4]
2026-08-26T20:30:58.423-04:00 DEBUG 23008 --- [veterinaria] [main] o.h.query.named.NamedObjectRepository    : Checking 0 named HQL queries
2026-08-26T20:30:58.423-04:00 DEBUG 23008 --- [veterinaria] [main] o.h.query.named.NamedObjectRepository    : Checking 0 named SQL queries
2026-08-26T20:30:58.424-04:00 DEBUG 23008 --- [veterinaria] [main] .h.t.s.s.SchemaManagementToolCoordinator : No actions found; doing nothing
2026-08-26T20:30:58.426-04:00 DEBUG 23008 --- [veterinaria] [main] o.h.internal.SessionFactoryRegistry      : Initializing SessionFactoryRegistry : org.hibernate.internal.SessionFactoryRegistry@5ee581db
2026-08-26T20:30:58.426-04:00 DEBUG 23008 --- [veterinaria] [main] o.h.internal.SessionFactoryRegistry      : Registering SessionFactory: c03840a4-f301-4e7f-bc92-10c8915b9289 (<unnamed>)
2026-08-26T20:30:58.426-04:00 DEBUG 23008 --- [veterinaria] [main] o.h.internal.SessionFactoryRegistry      : Not binding SessionFactory to JNDI, no JNDI name configured
2026-08-26T20:30:58.426-04:00 TRACE 23008 --- [veterinaria] [main] o.h.type.spi.TypeConfiguration$Scope     : Handling #sessionFactoryCreated from [org.hibernate.internal.SessionFactoryImpl@66048ac4] for TypeConfiguration
2026-08-26T20:30:58.427-04:00 DEBUG 23008 --- [veterinaria] [main] o.hibernate.internal.SessionFactoryImpl  : Instantiated SessionFactory
2026-08-26T20:30:58.427-04:00  INFO 23008 --- [veterinaria] [main] j.LocalContainerEntityManagerFactoryBean : Initialized JPA EntityManagerFactory for persistence unit 'default'
2026-08-26T20:30:58.481-04:00  WARN 23008 --- [veterinaria] [main] JpaBaseConfiguration$JpaWebConfiguration : spring.jpa.open-in-view is enabled by default. Therefore, database queries may be performed during view rendering. Explicitly configure spring.jpa.open-in-view to disable this warning
2026-08-26T20:30:58.590-04:00 TRACE 23008 --- [veterinaria] [main] s.w.s.m.m.a.RequestMappingHandlerMapping : 
	o.s.b.a.w.s.e.BasicErrorController:
	{ [/error]}: error(HttpServletRequest)
	{ [/error], produces [text/html]}: errorHtml(HttpServletRequest,HttpServletResponse)
2026-08-26T20:30:58.595-04:00 DEBUG 23008 --- [veterinaria] [main] s.w.s.m.m.a.RequestMappingHandlerMapping : 2 mappings in 'requestMappingHandlerMapping'
2026-08-26T20:30:58.605-04:00 DEBUG 23008 --- [veterinaria] [main] o.s.w.s.h.BeanNameUrlHandlerMapping      : Detected 0 mappings in 'beanNameHandlerMapping'
2026-08-26T20:30:58.715-04:00 TRACE 23008 --- [veterinaria] [main] o.s.w.s.f.support.RouterFunctionMapping  : 0 RouterFunction(s) in 'routerFunctionMapping'
2026-08-26T20:30:58.731-04:00 TRACE 23008 --- [veterinaria] [main] o.s.w.s.handler.SimpleUrlHandlerMapping  : Mapped [/webjars/**] onto ResourceHttpRequestHandler [classpath [META-INF/resources/webjars/]]
2026-08-26T20:30:58.742-04:00 TRACE 23008 --- [veterinaria] [main] o.s.w.s.handler.SimpleUrlHandlerMapping  : Mapped [/**] onto ResourceHttpRequestHandler [classpath [META-INF/resources/], classpath [resources/], classpath [static/], classpath [public/], ServletContext [/]]
2026-08-26T20:30:58.742-04:00 DEBUG 23008 --- [veterinaria] [main] o.s.w.s.handler.SimpleUrlHandlerMapping  : Patterns [/webjars/**, /**] in 'resourceHandlerMapping'
2026-08-26T20:30:58.786-04:00 DEBUG 23008 --- [veterinaria] [main] s.w.s.m.m.a.RequestMappingHandlerAdapter : ControllerAdvice beans: 0 @ModelAttribute, 0 @InitBinder, 1 RequestBodyAdvice, 1 ResponseBodyAdvice
2026-08-26T20:30:58.821-04:00 DEBUG 23008 --- [veterinaria] [main] .m.m.a.ExceptionHandlerExceptionResolver : ControllerAdvice beans: 0 @ExceptionHandler, 1 ResponseBodyAdvice
2026-08-26T20:30:58.980-04:00  WARN 23008 --- [veterinaria] [main] .s.s.UserDetailsServiceAutoConfiguration : 

Using generated security password: 99a37890-f399-431b-b111-73f381594684

This generated password is for development use only. Your security configuration must be updated before running your application in production.

2026-08-26T20:30:59.104-04:00  INFO 23008 --- [veterinaria] [main] o.s.s.web.DefaultSecurityFilterChain     : Will secure any request with [org.springframework.security.web.session.DisableEncodeUrlFilter@468f2a6f, org.springframework.security.web.context.request.async.WebAsyncManagerIntegrationFilter@6a3a56de, org.springframework.security.web.context.SecurityContextHolderFilter@3051e476, org.springframework.security.web.header.HeaderWriterFilter@6719f206, org.springframework.web.filter.CorsFilter@2ed84be9, org.springframework.security.web.csrf.CsrfFilter@3c20e9d6, org.springframework.security.web.authentication.logout.LogoutFilter@70aa03c0, org.springframework.security.web.authentication.UsernamePasswordAuthenticationFilter@1e406cbe, org.springframework.security.web.authentication.ui.DefaultLoginPageGeneratingFilter@67f266bd, org.springframework.security.web.authentication.ui.DefaultLogoutPageGeneratingFilter@400e741, org.springframework.security.web.authentication.www.BasicAuthenticationFilter@2431050d, org.springframework.security.web.savedrequest.RequestCacheAwareFilter@6d9ee75a, org.springframework.security.web.servletapi.SecurityContextHolderAwareRequestFilter@9825465, org.springframework.security.web.authentication.AnonymousAuthenticationFilter@3be369fc, org.springframework.security.web.access.ExceptionTranslationFilter@5ffdd510, org.springframework.security.web.access.intercept.AuthorizationFilter@1bf10539]
2026-08-26T20:30:59.173-04:00  INFO 23008 --- [veterinaria] [main] o.s.b.w.embedded.tomcat.TomcatWebServer  : Tomcat started on port 8080 (http) with context path ''
2026-08-26T20:30:59.182-04:00  INFO 23008 --- [veterinaria] [main] c.d.v.App.VeterinariaApplication         : Started VeterinariaApplication in 5.751 seconds (process running for 6.495)
2026-08-26T20:31:11.839-04:00  INFO 23008 --- [veterinaria] [http-nio-8080-exec-1] o.a.c.c.C.[Tomcat].[localhost].[/]       : Initializing Spring DispatcherServlet 'dispatcherServlet'
2026-08-26T20:31:11.839-04:00  INFO 23008 --- [veterinaria] [http-nio-8080-exec-1] o.s.web.servlet.DispatcherServlet        : Initializing Servlet 'dispatcherServlet'
2026-08-26T20:31:11.839-04:00 TRACE 23008 --- [veterinaria] [http-nio-8080-exec-1] o.s.web.servlet.DispatcherServlet        : Detected org.springframework.web.multipart.support.StandardServletMultipartResolver@36349e29
2026-08-26T20:31:11.840-04:00 TRACE 23008 --- [veterinaria] [http-nio-8080-exec-1] o.s.web.servlet.DispatcherServlet        : Detected org.springframework.web.servlet.i18n.AcceptHeaderLocaleResolver@5cd71ee2
2026-08-26T20:31:11.840-04:00 TRACE 23008 --- [veterinaria] [http-nio-8080-exec-1] o.s.web.servlet.DispatcherServlet        : Detected org.springframework.web.servlet.theme.FixedThemeResolver@48f4f03e
2026-08-26T20:31:11.841-04:00 TRACE 23008 --- [veterinaria] [http-nio-8080-exec-1] o.s.web.servlet.DispatcherServlet        : Detected DefaultRequestToViewNameTranslator
2026-08-26T20:31:11.842-04:00 TRACE 23008 --- [veterinaria] [http-nio-8080-exec-1] o.s.web.servlet.DispatcherServlet        : Detected SessionFlashMapManager
2026-08-26T20:31:11.842-04:00 DEBUG 23008 --- [veterinaria] [http-nio-8080-exec-1] o.s.web.servlet.DispatcherServlet        : enableLoggingRequestDetails='false': request parameters and headers will be masked to prevent unsafe logging of potentially sensitive data
2026-08-26T20:31:11.842-04:00  INFO 23008 --- [veterinaria] [http-nio-8080-exec-1] o.s.web.servlet.DispatcherServlet        : Completed initialization in 3 ms
2026-08-26T20:31:27.573-04:00 DEBUG 23008 --- [veterinaria] [HikariPool-1 housekeeper] com.zaxxer.hikari.pool.HikariPool        : HikariPool-1 - Pool stats (total=10, active=0, idle=10, waiting=0)
2026-08-26T20:31:27.573-04:00 DEBUG 23008 --- [veterinaria] [HikariPool-1 housekeeper] com.zaxxer.hikari.pool.HikariPool        : HikariPool-1 - Fill pool skipped, pool has sufficient level or currently being filled (queueDepth=0).
2026-08-26T20:31:57.582-04:00 DEBUG 23008 --- [veterinaria] [HikariPool-1 housekeeper] com.zaxxer.hikari.pool.HikariPool        : HikariPool-1 - Pool stats (total=10, active=0, idle=10, waiting=0)
2026-08-26T20:31:57.582-04:00 DEBUG 23008 --- [veterinaria] [HikariPool-1 housekeeper] com.zaxxer.hikari.pool.HikariPool        : HikariPool-1 - Fill pool skipped, pool has sufficient level or currently being filled (queueDepth=0).
2026-08-26T20:32:27.593-04:00 DEBUG 23008 --- [veterinaria] [HikariPool-1 housekeeper] com.zaxxer.hikari.pool.HikariPool        : HikariPool-1 - Pool stats (total=10, active=0, idle=10, waiting=0)
2026-08-26T20:32:27.593-04:00 DEBUG 23008 --- [veterinaria] [HikariPool-1 housekeeper] com.zaxxer.hikari.pool.HikariPool        : HikariPool-1 - Fill pool skipped, pool has sufficient level or currently being filled (queueDepth=0).
2026-08-26T20:32:57.605-04:00 DEBUG 23008 --- [veterinaria] [HikariPool-1 housekeeper] com.zaxxer.hikari.pool.HikariPool        : HikariPool-1 - Pool stats (total=10, active=0, idle=10, waiting=0)
2026-08-26T20:32:57.605-04:00 DEBUG 23008 --- [veterinaria] [HikariPool-1 housekeeper] com.zaxxer.hikari.pool.HikariPool        : HikariPool-1 - Fill pool skipped, pool has sufficient level or currently being filled (queueDepth=0).
2026-08-26T20:33:27.614-04:00 DEBUG 23008 --- [veterinaria] [HikariPool-1 housekeeper] com.zaxxer.hikari.pool.HikariPool        : HikariPool-1 - Pool stats (total=10, active=0, idle=10, waiting=0)
2026-08-26T20:33:27.614-04:00 DEBUG 23008 --- [veterinaria] [HikariPool-1 housekeeper] com.zaxxer.hikari.pool.HikariPool        : HikariPool-1 - Fill pool skipped, pool has sufficient level or currently being filled (queueDepth=0).
2026-08-26T20:33:57.619-04:00 DEBUG 23008 --- [veterinaria] [HikariPool-1 housekeeper] com.zaxxer.hikari.pool.HikariPool        : HikariPool-1 - Pool stats (total=10, active=0, idle=10, waiting=0)
2026-08-26T20:33:57.619-04:00 DEBUG 23008 --- [veterinaria] [HikariPool-1 housekeeper] com.zaxxer.hikari.pool.HikariPool        : HikariPool-1 - Fill pool skipped, pool has sufficient level or currently being filled (queueDepth=0).
2026-08-26T20:34:27.629-04:00 DEBUG 23008 --- [veterinaria] [HikariPool-1 housekeeper] com.zaxxer.hikari.pool.HikariPool        : HikariPool-1 - Pool stats (total=10, active=0, idle=10, waiting=0)
2026-08-26T20:34:27.629-04:00 DEBUG 23008 --- [veterinaria] [HikariPool-1 housekeeper] com.zaxxer.hikari.pool.HikariPool        : HikariPool-1 - Fill pool skipped, pool has sufficient level or currently being filled (queueDepth=0).
2026-08-26T20:34:57.660-04:00 DEBUG 23008 --- [veterinaria] [HikariPool-1 housekeeper] com.zaxxer.hikari.pool.HikariPool        : HikariPool-1 - Pool stats (total=10, active=0, idle=10, waiting=0)
2026-08-26T20:34:57.670-04:00 DEBUG 23008 --- [veterinaria] [HikariPool-1 housekeeper] com.zaxxer.hikari.pool.HikariPool        : HikariPool-1 - Fill pool skipped, pool has sufficient level or currently being filled (queueDepth=0).
2026-08-26T20:35:27.692-04:00 DEBUG 23008 --- [veterinaria] [HikariPool-1 housekeeper] com.zaxxer.hikari.pool.HikariPool        : HikariPool-1 - Pool stats (total=10, active=0, idle=10, waiting=0)
2026-08-26T20:35:27.692-04:00 DEBUG 23008 --- [veterinaria] [HikariPool-1 housekeeper] com.zaxxer.hikari.pool.HikariPool        : HikariPool-1 - Fill pool skipped, pool has sufficient level or currently being filled (queueDepth=0).
2026-08-26T20:35:57.697-04:00 DEBUG 23008 --- [veterinaria] [HikariPool-1 housekeeper] com.zaxxer.hikari.pool.HikariPool        : HikariPool-1 - Pool stats (total=10, active=0, idle=10, waiting=0)
2026-08-26T20:35:57.698-04:00 DEBUG 23008 --- [veterinaria] [HikariPool-1 housekeeper] com.zaxxer.hikari.pool.HikariPool        : HikariPool-1 - Fill pool skipped, pool has sufficient level or currently being filled (queueDepth=0).
2026-08-26T20:36:27.703-04:00 DEBUG 23008 --- [veterinaria] [HikariPool-1 housekeeper] com.zaxxer.hikari.pool.HikariPool        : HikariPool-1 - Pool stats (total=10, active=0, idle=10, waiting=0)
2026-08-26T20:36:27.703-04:00 DEBUG 23008 --- [veterinaria] [HikariPool-1 housekeeper] com.zaxxer.hikari.pool.HikariPool        : HikariPool-1 - Fill pool skipped, pool has sufficient level or currently being filled (queueDepth=0).
2026-08-26T20:36:57.705-04:00 DEBUG 23008 --- [veterinaria] [HikariPool-1 housekeeper] com.zaxxer.hikari.pool.HikariPool        : HikariPool-1 - Pool stats (total=10, active=0, idle=10, waiting=0)
2026-08-26T20:36:57.705-04:00 DEBUG 23008 --- [veterinaria] [HikariPool-1 housekeeper] com.zaxxer.hikari.pool.HikariPool        : HikariPool-1 - Fill pool skipped, pool has sufficient level or currently being filled (queueDepth=0).
2026-08-26T20:37:27.707-04:00 DEBUG 23008 --- [veterinaria] [HikariPool-1 housekeeper] com.zaxxer.hikari.pool.HikariPool        : HikariPool-1 - Pool stats (total=10, active=0, idle=10, waiting=0)
2026-08-26T20:37:27.707-04:00 DEBUG 23008 --- [veterinaria] [HikariPool-1 housekeeper] com.zaxxer.hikari.pool.HikariPool        : HikariPool-1 - Fill pool skipped, pool has sufficient level or currently being filled (queueDepth=0).
2026-08-26T20:37:40.818-04:00 TRACE 23008 --- [veterinaria] [http-nio-8080-exec-4] s.w.s.m.m.a.RequestMappingHandlerMapping : 2 matching mappings: [{ [/error]}, { [/error], produces [text/html]}]
2026-08-26T20:37:57.722-04:00 DEBUG 23008 --- [veterinaria] [HikariPool-1 housekeeper] com.zaxxer.hikari.pool.HikariPool        : HikariPool-1 - Pool stats (total=10, active=0, idle=10, waiting=0)
2026-08-26T20:37:57.722-04:00 DEBUG 23008 --- [veterinaria] [HikariPool-1 housekeeper] com.zaxxer.hikari.pool.HikariPool        : HikariPool-1 - Fill pool skipped, pool has sufficient level or currently being filled (queueDepth=0).
2026-08-26T20:38:27.729-04:00 DEBUG 23008 --- [veterinaria] [HikariPool-1 housekeeper] com.zaxxer.hikari.pool.HikariPool        : HikariPool-1 - Pool stats (total=10, active=0, idle=10, waiting=0)
2026-08-26T20:38:27.729-04:00 DEBUG 23008 --- [veterinaria] [HikariPool-1 housekeeper] com.zaxxer.hikari.pool.HikariPool        : HikariPool-1 - Fill pool skipped, pool has sufficient level or currently being filled (queueDepth=0).
2026-08-26T20:38:57.734-04:00 DEBUG 23008 --- [veterinaria] [HikariPool-1 housekeeper] com.zaxxer.hikari.pool.HikariPool        : HikariPool-1 - Pool stats (total=10, active=0, idle=10, waiting=0)
2026-08-26T20:38:57.735-04:00 DEBUG 23008 --- [veterinaria] [HikariPool-1 housekeeper] com.zaxxer.hikari.pool.HikariPool        : HikariPool-1 - Fill pool skipped, pool has sufficient level or currently being filled (queueDepth=0).
2026-08-26T20:39:27.744-04:00 DEBUG 23008 --- [veterinaria] [HikariPool-1 housekeeper] com.zaxxer.hikari.pool.HikariPool        : HikariPool-1 - Pool stats (total=10, active=0, idle=10, waiting=0)
2026-08-26T20:39:27.744-04:00 DEBUG 23008 --- [veterinaria] [HikariPool-1 housekeeper] com.zaxxer.hikari.pool.HikariPool        : HikariPool-1 - Fill pool skipped, pool has sufficient level or currently being filled (queueDepth=0).
2026-08-26T20:39:57.754-04:00 DEBUG 23008 --- [veterinaria] [HikariPool-1 housekeeper] com.zaxxer.hikari.pool.HikariPool        : HikariPool-1 - Pool stats (total=10, active=0, idle=10, waiting=0)
2026-08-26T20:39:57.754-04:00 DEBUG 23008 --- [veterinaria] [HikariPool-1 housekeeper] com.zaxxer.hikari.pool.HikariPool        : HikariPool-1 - Fill pool skipped, pool has sufficient level or currently being filled (queueDepth=0).
2026-08-26T20:40:27.759-04:00 DEBUG 23008 --- [veterinaria] [HikariPool-1 housekeeper] com.zaxxer.hikari.pool.HikariPool        : HikariPool-1 - Pool stats (total=10, active=0, idle=10, waiting=0)
2026-08-26T20:40:27.759-04:00 DEBUG 23008 --- [veterinaria] [HikariPool-1 housekeeper] com.zaxxer.hikari.pool.HikariPool        : HikariPool-1 - Fill pool skipped, pool has sufficient level or currently being filled (queueDepth=0).
2026-08-26T20:40:57.772-04:00 DEBUG 23008 --- [veterinaria] [HikariPool-1 housekeeper] com.zaxxer.hikari.pool.HikariPool        : HikariPool-1 - Pool stats (total=10, active=0, idle=10, waiting=0)
2026-08-26T20:40:57.773-04:00 DEBUG 23008 --- [veterinaria] [HikariPool-1 housekeeper] com.zaxxer.hikari.pool.HikariPool        : HikariPool-1 - Fill pool skipped, pool has sufficient level or currently being filled (queueDepth=0).
2026-08-26T20:41:27.786-04:00 DEBUG 23008 --- [veterinaria] [HikariPool-1 housekeeper] com.zaxxer.hikari.pool.HikariPool        : HikariPool-1 - Pool stats (total=10, active=0, idle=10, waiting=0)
2026-08-26T20:41:27.787-04:00 DEBUG 23008 --- [veterinaria] [HikariPool-1 housekeeper] com.zaxxer.hikari.pool.HikariPool        : HikariPool-1 - Fill pool skipped, pool has sufficient level or currently being filled (queueDepth=0).
2026-08-26T20:41:57.796-04:00 DEBUG 23008 --- [veterinaria] [HikariPool-1 housekeeper] com.zaxxer.hikari.pool.HikariPool        : HikariPool-1 - Pool stats (total=10, active=0, idle=10, waiting=0)
2026-08-26T20:41:57.796-04:00 DEBUG 23008 --- [veterinaria] [HikariPool-1 housekeeper] com.zaxxer.hikari.pool.HikariPool        : HikariPool-1 - Fill pool skipped, pool has sufficient level or currently being filled (queueDepth=0).
2026-08-26T20:42:27.806-04:00 DEBUG 23008 --- [veterinaria] [HikariPool-1 housekeeper] com.zaxxer.hikari.pool.HikariPool        : HikariPool-1 - Pool stats (total=10, active=0, idle=10, waiting=0)
2026-08-26T20:42:27.806-04:00 DEBUG 23008 --- [veterinaria] [HikariPool-1 housekeeper] com.zaxxer.hikari.pool.HikariPool        : HikariPool-1 - Fill pool skipped, pool has sufficient level or currently being filled (queueDepth=0).
2026-08-26T20:42:57.814-04:00 DEBUG 23008 --- [veterinaria] [HikariPool-1 housekeeper] com.zaxxer.hikari.pool.HikariPool        : HikariPool-1 - Pool stats (total=10, active=0, idle=10, waiting=0)
2026-08-26T20:42:57.815-04:00 DEBUG 23008 --- [veterinaria] [HikariPool-1 housekeeper] com.zaxxer.hikari.pool.HikariPool        : HikariPool-1 - Fill pool skipped, pool has sufficient level or currently being filled (queueDepth=0).
2026-08-26T20:43:27.823-04:00 DEBUG 23008 --- [veterinaria] [HikariPool-1 housekeeper] com.zaxxer.hikari.pool.HikariPool        : HikariPool-1 - Pool stats (total=10, active=0, idle=10, waiting=0)
2026-08-26T20:43:27.823-04:00 DEBUG 23008 --- [veterinaria] [HikariPool-1 housekeeper] com.zaxxer.hikari.pool.HikariPool        : HikariPool-1 - Fill pool skipped, pool has sufficient level or currently being filled (queueDepth=0).
2026-08-26T20:43:57.832-04:00 DEBUG 23008 --- [veterinaria] [HikariPool-1 housekeeper] com.zaxxer.hikari.pool.HikariPool        : HikariPool-1 - Pool stats (total=10, active=0, idle=10, waiting=0)
2026-08-26T20:43:57.832-04:00 DEBUG 23008 --- [veterinaria] [HikariPool-1 housekeeper] com.zaxxer.hikari.pool.HikariPool        : HikariPool-1 - Fill pool skipped, pool has sufficient level or currently being filled (queueDepth=0).
2026-08-26T20:44:27.853-04:00 DEBUG 23008 --- [veterinaria] [HikariPool-1 housekeeper] com.zaxxer.hikari.pool.HikariPool        : HikariPool-1 - Pool stats (total=10, active=0, idle=10, waiting=0)
2026-08-26T20:44:27.855-04:00 DEBUG 23008 --- [veterinaria] [HikariPool-1 housekeeper] com.zaxxer.hikari.pool.HikariPool        : HikariPool-1 - Fill pool skipped, pool has sufficient level or currently being filled (queueDepth=0).
2026-08-26T20:44:57.871-04:00 DEBUG 23008 --- [veterinaria] [HikariPool-1 housekeeper] com.zaxxer.hikari.pool.HikariPool        : HikariPool-1 - Pool stats (total=10, active=0, idle=10, waiting=0)
2026-08-26T20:44:57.871-04:00 DEBUG 23008 --- [veterinaria] [HikariPool-1 housekeeper] com.zaxxer.hikari.pool.HikariPool        : HikariPool-1 - Fill pool skipped, pool has sufficient level or currently being filled (queueDepth=0).
2026-08-26T20:45:27.887-04:00 DEBUG 23008 --- [veterinaria] [HikariPool-1 housekeeper] com.zaxxer.hikari.pool.HikariPool        : HikariPool-1 - Pool stats (total=10, active=0, idle=10, waiting=0)
2026-08-26T20:45:27.887-04:00 DEBUG 23008 --- [veterinaria] [HikariPool-1 housekeeper] com.zaxxer.hikari.pool.HikariPool        : HikariPool-1 - Fill pool skipped, pool has sufficient level or currently being filled (queueDepth=0).
2026-08-26T20:45:57.888-04:00 DEBUG 23008 --- [veterinaria] [HikariPool-1 housekeeper] com.zaxxer.hikari.pool.HikariPool        : HikariPool-1 - Pool stats (total=10, active=0, idle=10, waiting=0)
2026-08-26T20:45:57.888-04:00 DEBUG 23008 --- [veterinaria] [HikariPool-1 housekeeper] com.zaxxer.hikari.pool.HikariPool        : HikariPool-1 - Fill pool skipped, pool has sufficient level or currently being filled (queueDepth=0).
2026-08-26T20:46:27.897-04:00 DEBUG 23008 --- [veterinaria] [HikariPool-1 housekeeper] com.zaxxer.hikari.pool.HikariPool        : HikariPool-1 - Pool stats (total=10, active=0, idle=10, waiting=0)
2026-08-26T20:46:27.897-04:00 DEBUG 23008 --- [veterinaria] [HikariPool-1 housekeeper] com.zaxxer.hikari.pool.HikariPool        : HikariPool-1 - Fill pool skipped, pool has sufficient level or currently being filled (queueDepth=0).
2026-08-26T20:46:57.914-04:00 DEBUG 23008 --- [veterinaria] [HikariPool-1 housekeeper] com.zaxxer.hikari.pool.HikariPool        : HikariPool-1 - Pool stats (total=10, active=0, idle=10, waiting=0)
2026-08-26T20:46:57.915-04:00 DEBUG 23008 --- [veterinaria] [HikariPool-1 housekeeper] com.zaxxer.hikari.pool.HikariPool        : HikariPool-1 - Fill pool skipped, pool has sufficient level or currently being filled (queueDepth=0).
2026-08-26T20:47:27.925-04:00 DEBUG 23008 --- [veterinaria] [HikariPool-1 housekeeper] com.zaxxer.hikari.pool.HikariPool        : HikariPool-1 - Pool stats (total=10, active=0, idle=10, waiting=0)
2026-08-26T20:47:27.938-04:00 DEBUG 23008 --- [veterinaria] [HikariPool-1 housekeeper] com.zaxxer.hikari.pool.HikariPool        : HikariPool-1 - Fill pool skipped, pool has sufficient level or currently being filled (queueDepth=0).
2026-08-26T20:47:57.953-04:00 DEBUG 23008 --- [veterinaria] [HikariPool-1 housekeeper] com.zaxxer.hikari.pool.HikariPool        : HikariPool-1 - Pool stats (total=10, active=0, idle=10, waiting=0)
2026-08-26T20:47:57.953-04:00 DEBUG 23008 --- [veterinaria] [HikariPool-1 housekeeper] com.zaxxer.hikari.pool.HikariPool        : HikariPool-1 - Fill pool skipped, pool has sufficient level or currently being filled (queueDepth=0).
2026-08-26T20:48:27.957-04:00 DEBUG 23008 --- [veterinaria] [HikariPool-1 housekeeper] com.zaxxer.hikari.pool.HikariPool        : HikariPool-1 - Pool stats (total=10, active=0, idle=10, waiting=0)
2026-08-26T20:48:27.957-04:00 DEBUG 23008 --- [veterinaria] [HikariPool-1 housekeeper] com.zaxxer.hikari.pool.HikariPool        : HikariPool-1 - Fill pool skipped, pool has sufficient level or currently being filled (queueDepth=0).
2026-08-26T20:48:57.969-04:00 DEBUG 23008 --- [veterinaria] [HikariPool-1 housekeeper] com.zaxxer.hikari.pool.HikariPool        : HikariPool-1 - Pool stats (total=10, active=0, idle=10, waiting=0)
2026-08-26T20:48:57.970-04:00 DEBUG 23008 --- [veterinaria] [HikariPool-1 housekeeper] com.zaxxer.hikari.pool.HikariPool        : HikariPool-1 - Fill pool skipped, pool has sufficient level or currently being filled (queueDepth=0).
2026-08-26T20:49:27.975-04:00 DEBUG 23008 --- [veterinaria] [HikariPool-1 housekeeper] com.zaxxer.hikari.pool.HikariPool        : HikariPool-1 - Pool stats (total=10, active=0, idle=10, waiting=0)
2026-08-26T20:49:27.975-04:00 DEBUG 23008 --- [veterinaria] [HikariPool-1 housekeeper] com.zaxxer.hikari.pool.HikariPool        : HikariPool-1 - Fill pool skipped, pool has sufficient level or currently being filled (queueDepth=0).
2026-08-26T20:49:57.980-04:00 DEBUG 23008 --- [veterinaria] [HikariPool-1 housekeeper] com.zaxxer.hikari.pool.HikariPool        : HikariPool-1 - Pool stats (total=10, active=0, idle=10, waiting=0)
2026-08-26T20:49:57.980-04:00 DEBUG 23008 --- [veterinaria] [HikariPool-1 housekeeper] com.zaxxer.hikari.pool.HikariPool        : HikariPool-1 - Fill pool skipped, pool has sufficient level or currently being filled (queueDepth=0).
2026-08-26T20:50:27.981-04:00 DEBUG 23008 --- [veterinaria] [HikariPool-1 housekeeper] com.zaxxer.hikari.pool.HikariPool        : HikariPool-1 - Pool stats (total=10, active=0, idle=10, waiting=0)
2026-08-26T20:50:27.981-04:00 DEBUG 23008 --- [veterinaria] [HikariPool-1 housekeeper] com.zaxxer.hikari.pool.HikariPool        : HikariPool-1 - Fill pool skipped, pool has sufficient level or currently being filled (queueDepth=0).
2026-08-26T20:50:57.990-04:00 DEBUG 23008 --- [veterinaria] [HikariPool-1 housekeeper] com.zaxxer.hikari.pool.HikariPool        : HikariPool-1 - Pool stats (total=10, active=0, idle=10, waiting=0)
2026-08-26T20:50:57.990-04:00 DEBUG 23008 --- [veterinaria] [HikariPool-1 housekeeper] com.zaxxer.hikari.pool.HikariPool        : HikariPool-1 - Fill pool skipped, pool has sufficient level or currently being filled (queueDepth=0).
2026-08-26T20:51:28.004-04:00 DEBUG 23008 --- [veterinaria] [HikariPool-1 housekeeper] com.zaxxer.hikari.pool.HikariPool        : HikariPool-1 - Pool stats (total=10, active=0, idle=10, waiting=0)
2026-08-26T20:51:28.006-04:00 DEBUG 23008 --- [veterinaria] [HikariPool-1 housekeeper] com.zaxxer.hikari.pool.HikariPool        : HikariPool-1 - Fill pool skipped, pool has sufficient level or currently being filled (queueDepth=0).
2026-08-26T20:51:58.015-04:00 DEBUG 23008 --- [veterinaria] [HikariPool-1 housekeeper] com.zaxxer.hikari.pool.HikariPool        : HikariPool-1 - Pool stats (total=10, active=0, idle=10, waiting=0)
2026-08-26T20:51:58.015-04:00 DEBUG 23008 --- [veterinaria] [HikariPool-1 housekeeper] com.zaxxer.hikari.pool.HikariPool        : HikariPool-1 - Fill pool skipped, pool has sufficient level or currently being filled (queueDepth=0).
2026-08-26T20:52:28.031-04:00 DEBUG 23008 --- [veterinaria] [HikariPool-1 housekeeper] com.zaxxer.hikari.pool.HikariPool        : HikariPool-1 - Pool stats (total=10, active=0, idle=10, waiting=0)
2026-08-26T20:52:28.031-04:00 DEBUG 23008 --- [veterinaria] [HikariPool-1 housekeeper] com.zaxxer.hikari.pool.HikariPool        : HikariPool-1 - Fill pool skipped, pool has sufficient level or currently being filled (queueDepth=0).
2026-08-26T20:52:58.031-04:00 DEBUG 23008 --- [veterinaria] [HikariPool-1 housekeeper] com.zaxxer.hikari.pool.HikariPool        : HikariPool-1 - Pool stats (total=10, active=0, idle=10, waiting=0)
2026-08-26T20:52:58.031-04:00 DEBUG 23008 --- [veterinaria] [HikariPool-1 housekeeper] com.zaxxer.hikari.pool.HikariPool        : HikariPool-1 - Fill pool skipped, pool has sufficient level or currently being filled (queueDepth=0).
2026-08-26T20:53:28.047-04:00 DEBUG 23008 --- [veterinaria] [HikariPool-1 housekeeper] com.zaxxer.hikari.pool.HikariPool        : HikariPool-1 - Pool stats (total=10, active=0, idle=10, waiting=0)
2026-08-26T20:53:28.048-04:00 DEBUG 23008 --- [veterinaria] [HikariPool-1 housekeeper] com.zaxxer.hikari.pool.HikariPool        : HikariPool-1 - Fill pool skipped, pool has sufficient level or currently being filled (queueDepth=0).
2026-08-26T20:53:58.061-04:00 DEBUG 23008 --- [veterinaria] [HikariPool-1 housekeeper] com.zaxxer.hikari.pool.HikariPool        : HikariPool-1 - Pool stats (total=10, active=0, idle=10, waiting=0)
2026-08-26T20:53:58.061-04:00 DEBUG 23008 --- [veterinaria] [HikariPool-1 housekeeper] com.zaxxer.hikari.pool.HikariPool        : HikariPool-1 - Fill pool skipped, pool has sufficient level or currently being filled (queueDepth=0).
2026-08-26T20:54:28.064-04:00 DEBUG 23008 --- [veterinaria] [HikariPool-1 housekeeper] com.zaxxer.hikari.pool.HikariPool        : HikariPool-1 - Pool stats (total=10, active=0, idle=10, waiting=0)
2026-08-26T20:54:28.064-04:00 DEBUG 23008 --- [veterinaria] [HikariPool-1 housekeeper] com.zaxxer.hikari.pool.HikariPool        : HikariPool-1 - Fill pool skipped, pool has sufficient level or currently being filled (queueDepth=0).
2026-08-26T20:54:58.075-04:00 DEBUG 23008 --- [veterinaria] [HikariPool-1 housekeeper] com.zaxxer.hikari.pool.HikariPool        : HikariPool-1 - Pool stats (total=10, active=0, idle=10, waiting=0)
2026-08-26T20:54:58.076-04:00 DEBUG 23008 --- [veterinaria] [HikariPool-1 housekeeper] com.zaxxer.hikari.pool.HikariPool        : HikariPool-1 - Fill pool skipped, pool has sufficient level or currently being filled (queueDepth=0).
2026-08-26T20:55:12.163-04:00 TRACE 23008 --- [veterinaria] [http-nio-8080-exec-9] s.w.s.m.m.a.RequestMappingHandlerMapping : 2 matching mappings: [{ [/error]}, { [/error], produces [text/html]}]
2026-08-26T20:55:28.089-04:00 DEBUG 23008 --- [veterinaria] [HikariPool-1 housekeeper] com.zaxxer.hikari.pool.HikariPool        : HikariPool-1 - Pool stats (total=10, active=0, idle=10, waiting=0)
2026-08-26T20:55:28.089-04:00 DEBUG 23008 --- [veterinaria] [HikariPool-1 housekeeper] com.zaxxer.hikari.pool.HikariPool        : HikariPool-1 - Fill pool skipped, pool has sufficient level or currently being filled (queueDepth=0).
2026-08-26T20:55:58.094-04:00 DEBUG 23008 --- [veterinaria] [HikariPool-1 housekeeper] com.zaxxer.hikari.pool.HikariPool        : HikariPool-1 - Pool stats (total=10, active=0, idle=10, waiting=0)
2026-08-26T20:55:58.094-04:00 DEBUG 23008 --- [veterinaria] [HikariPool-1 housekeeper] com.zaxxer.hikari.pool.HikariPool        : HikariPool-1 - Fill pool skipped, pool has sufficient level or currently being filled (queueDepth=0).
2026-08-26T20:56:28.110-04:00 DEBUG 23008 --- [veterinaria] [HikariPool-1 housekeeper] com.zaxxer.hikari.pool.HikariPool        : HikariPool-1 - Pool stats (total=10, active=0, idle=10, waiting=0)
2026-08-26T20:56:28.110-04:00 DEBUG 23008 --- [veterinaria] [HikariPool-1 housekeeper] com.zaxxer.hikari.pool.HikariPool        : HikariPool-1 - Fill pool skipped, pool has sufficient level or currently being filled (queueDepth=0).
2026-08-26T20:56:58.111-04:00 DEBUG 23008 --- [veterinaria] [HikariPool-1 housekeeper] com.zaxxer.hikari.pool.HikariPool        : HikariPool-1 - Pool stats (total=10, active=0, idle=10, waiting=0)
2026-08-26T20:56:58.111-04:00 DEBUG 23008 --- [veterinaria] [HikariPool-1 housekeeper] com.zaxxer.hikari.pool.HikariPool        : HikariPool-1 - Fill pool skipped, pool has sufficient level or currently being filled (queueDepth=0).
2026-08-26T20:57:28.118-04:00 DEBUG 23008 --- [veterinaria] [HikariPool-1 housekeeper] com.zaxxer.hikari.pool.HikariPool        : HikariPool-1 - Pool stats (total=10, active=0, idle=10, waiting=0)
2026-08-26T20:57:28.118-04:00 DEBUG 23008 --- [veterinaria] [HikariPool-1 housekeeper] com.zaxxer.hikari.pool.HikariPool        : HikariPool-1 - Fill pool skipped, pool has sufficient level or currently being filled (queueDepth=0).
2026-08-26T20:57:58.131-04:00 DEBUG 23008 --- [veterinaria] [HikariPool-1 housekeeper] com.zaxxer.hikari.pool.HikariPool        : HikariPool-1 - Pool stats (total=10, active=0, idle=10, waiting=0)
2026-08-26T20:57:58.131-04:00 DEBUG 23008 --- [veterinaria] [HikariPool-1 housekeeper] com.zaxxer.hikari.pool.HikariPool        : HikariPool-1 - Fill pool skipped, pool has sufficient level or currently being filled (queueDepth=0).
2026-08-26T20:58:28.142-04:00 DEBUG 23008 --- [veterinaria] [HikariPool-1 housekeeper] com.zaxxer.hikari.pool.HikariPool        : HikariPool-1 - Pool stats (total=10, active=0, idle=10, waiting=0)
2026-08-26T20:58:28.142-04:00 DEBUG 23008 --- [veterinaria] [HikariPool-1 housekeeper] com.zaxxer.hikari.pool.HikariPool        : HikariPool-1 - Fill pool skipped, pool has sufficient level or currently being filled (queueDepth=0).
2026-08-26T20:58:28.725-04:00 TRACE 23008 --- [veterinaria] [http-nio-8080-exec-2] s.w.s.m.m.a.RequestMappingHandlerMapping : 2 matching mappings: [{ [/error]}, { [/error], produces [text/html]}]
2026-08-26T20:58:58.148-04:00 DEBUG 23008 --- [veterinaria] [HikariPool-1 housekeeper] com.zaxxer.hikari.pool.HikariPool        : HikariPool-1 - Pool stats (total=10, active=0, idle=10, waiting=0)
2026-08-26T20:58:58.148-04:00 DEBUG 23008 --- [veterinaria] [HikariPool-1 housekeeper] com.zaxxer.hikari.pool.HikariPool        : HikariPool-1 - Fill pool skipped, pool has sufficient level or currently being filled (queueDepth=0).
2026-08-26T20:59:28.161-04:00 DEBUG 23008 --- [veterinaria] [HikariPool-1 housekeeper] com.zaxxer.hikari.pool.HikariPool        : HikariPool-1 - Pool stats (total=10, active=0, idle=10, waiting=0)
2026-08-26T20:59:28.161-04:00 DEBUG 23008 --- [veterinaria] [HikariPool-1 housekeeper] com.zaxxer.hikari.pool.HikariPool        : HikariPool-1 - Fill pool skipped, pool has sufficient level or currently being filled (queueDepth=0).
2026-08-26T20:59:58.169-04:00 DEBUG 23008 --- [veterinaria] [HikariPool-1 housekeeper] com.zaxxer.hikari.pool.HikariPool        : HikariPool-1 - Pool stats (total=10, active=0, idle=10, waiting=0)
2026-08-26T20:59:58.170-04:00 DEBUG 23008 --- [veterinaria] [HikariPool-1 housekeeper] com.zaxxer.hikari.pool.HikariPool        : HikariPool-1 - Fill pool skipped, pool has sufficient level or currently being filled (queueDepth=0).
2026-08-26T21:00:25.699-04:00 DEBUG 23008 --- [veterinaria] [HikariPool-1 connection closer] com.zaxxer.hikari.pool.PoolBase          : HikariPool-1 - Closing connection com.mysql.cj.jdbc.ConnectionImpl@1f4202f7: (connection has passed maxLifetime)
2026-08-26T21:00:25.803-04:00 DEBUG 23008 --- [veterinaria] [HikariPool-1 connection adder] com.zaxxer.hikari.pool.HikariPool        : HikariPool-1 - Added connection com.mysql.cj.jdbc.ConnectionImpl@35eca342
2026-08-26T21:00:26.414-04:00 DEBUG 23008 --- [veterinaria] [HikariPool-1 connection closer] com.zaxxer.hikari.pool.PoolBase          : HikariPool-1 - Closing connection com.mysql.cj.jdbc.ConnectionImpl@74d91164: (connection has passed maxLifetime)
2026-08-26T21:00:26.440-04:00 DEBUG 23008 --- [veterinaria] [HikariPool-1 connection adder] com.zaxxer.hikari.pool.HikariPool        : HikariPool-1 - Added connection com.mysql.cj.jdbc.ConnectionImpl@74d1a979
2026-08-26T21:00:26.964-04:00 DEBUG 23008 --- [veterinaria] [HikariPool-1 connection closer] com.zaxxer.hikari.pool.PoolBase          : HikariPool-1 - Closing connection com.mysql.cj.jdbc.ConnectionImpl@1140438b: (connection has passed maxLifetime)
2026-08-26T21:00:27.180-04:00 DEBUG 23008 --- [veterinaria] [HikariPool-1 connection adder] com.zaxxer.hikari.pool.HikariPool        : HikariPool-1 - Added connection com.mysql.cj.jdbc.ConnectionImpl@45ef7b1e
2026-08-26T21:00:27.424-04:00 DEBUG 23008 --- [veterinaria] [HikariPool-1 connection closer] com.zaxxer.hikari.pool.PoolBase          : HikariPool-1 - Closing connection com.mysql.cj.jdbc.ConnectionImpl@12f0c645: (connection has passed maxLifetime)
2026-08-26T21:00:27.456-04:00 DEBUG 23008 --- [veterinaria] [HikariPool-1 connection adder] com.zaxxer.hikari.pool.HikariPool        : HikariPool-1 - Added connection com.mysql.cj.jdbc.ConnectionImpl@14fe5636
2026-08-26T21:00:28.174-04:00 DEBUG 23008 --- [veterinaria] [HikariPool-1 housekeeper] com.zaxxer.hikari.pool.HikariPool        : HikariPool-1 - Pool stats (total=10, active=0, idle=10, waiting=0)
2026-08-26T21:00:28.174-04:00 DEBUG 23008 --- [veterinaria] [HikariPool-1 housekeeper] com.zaxxer.hikari.pool.HikariPool        : HikariPool-1 - Fill pool skipped, pool has sufficient level or currently being filled (queueDepth=0).
2026-08-26T21:00:32.622-04:00 DEBUG 23008 --- [veterinaria] [HikariPool-1 connection closer] com.zaxxer.hikari.pool.PoolBase          : HikariPool-1 - Closing connection com.mysql.cj.jdbc.ConnectionImpl@55618f96: (connection has passed maxLifetime)
2026-08-26T21:00:32.641-04:00 DEBUG 23008 --- [veterinaria] [HikariPool-1 connection adder] com.zaxxer.hikari.pool.HikariPool        : HikariPool-1 - Added connection com.mysql.cj.jdbc.ConnectionImpl@17dab9d9
2026-08-26T21:00:32.824-04:00 DEBUG 23008 --- [veterinaria] [HikariPool-1 connection closer] com.zaxxer.hikari.pool.PoolBase          : HikariPool-1 - Closing connection com.mysql.cj.jdbc.ConnectionImpl@6f9b6713: (connection has passed maxLifetime)
2026-08-26T21:00:32.842-04:00 DEBUG 23008 --- [veterinaria] [HikariPool-1 connection adder] com.zaxxer.hikari.pool.HikariPool        : HikariPool-1 - Added connection com.mysql.cj.jdbc.ConnectionImpl@252d04b0
2026-08-26T21:00:37.324-04:00 DEBUG 23008 --- [veterinaria] [HikariPool-1 connection closer] com.zaxxer.hikari.pool.PoolBase          : HikariPool-1 - Closing connection com.mysql.cj.jdbc.ConnectionImpl@4e899267: (connection has passed maxLifetime)
2026-08-26T21:00:37.348-04:00 DEBUG 23008 --- [veterinaria] [HikariPool-1 connection adder] com.zaxxer.hikari.pool.HikariPool        : HikariPool-1 - Added connection com.mysql.cj.jdbc.ConnectionImpl@5ddb8c57
2026-08-26T21:00:38.506-04:00 DEBUG 23008 --- [veterinaria] [HikariPool-1 connection closer] com.zaxxer.hikari.pool.PoolBase          : HikariPool-1 - Closing connection com.mysql.cj.jdbc.ConnectionImpl@4ac7a84f: (connection has passed maxLifetime)
2026-08-26T21:00:38.525-04:00 DEBUG 23008 --- [veterinaria] [HikariPool-1 connection adder] com.zaxxer.hikari.pool.HikariPool        : HikariPool-1 - Added connection com.mysql.cj.jdbc.ConnectionImpl@7b8dd640
2026-08-26T21:00:44.307-04:00 DEBUG 23008 --- [veterinaria] [HikariPool-1 connection closer] com.zaxxer.hikari.pool.PoolBase          : HikariPool-1 - Closing connection com.mysql.cj.jdbc.ConnectionImpl@5e3d2765: (connection has passed maxLifetime)
2026-08-26T21:00:44.334-04:00 DEBUG 23008 --- [veterinaria] [HikariPool-1 connection adder] com.zaxxer.hikari.pool.HikariPool        : HikariPool-1 - Added connection com.mysql.cj.jdbc.ConnectionImpl@3d27dc1b
2026-08-26T21:00:48.895-04:00 DEBUG 23008 --- [veterinaria] [HikariPool-1 connection closer] com.zaxxer.hikari.pool.PoolBase          : HikariPool-1 - Closing connection com.mysql.cj.jdbc.ConnectionImpl@2ea66d28: (connection has passed maxLifetime)
2026-08-26T21:00:48.914-04:00 DEBUG 23008 --- [veterinaria] [HikariPool-1 connection adder] com.zaxxer.hikari.pool.HikariPool        : HikariPool-1 - Added connection com.mysql.cj.jdbc.ConnectionImpl@7c1ad620
2026-08-26T21:00:58.182-04:00 DEBUG 23008 --- [veterinaria] [HikariPool-1 housekeeper] com.zaxxer.hikari.pool.HikariPool        : HikariPool-1 - Pool stats (total=10, active=0, idle=10, waiting=0)
2026-08-26T21:00:58.182-04:00 DEBUG 23008 --- [veterinaria] [HikariPool-1 housekeeper] com.zaxxer.hikari.pool.HikariPool        : HikariPool-1 - Fill pool skipped, pool has sufficient level or currently being filled (queueDepth=0).
2026-08-26T21:01:28.186-04:00 DEBUG 23008 --- [veterinaria] [HikariPool-1 housekeeper] com.zaxxer.hikari.pool.HikariPool        : HikariPool-1 - Pool stats (total=10, active=0, idle=10, waiting=0)
2026-08-26T21:01:28.186-04:00 DEBUG 23008 --- [veterinaria] [HikariPool-1 housekeeper] com.zaxxer.hikari.pool.HikariPool        : HikariPool-1 - Fill pool skipped, pool has sufficient level or currently being filled (queueDepth=0).
2026-08-26T21:01:58.192-04:00 DEBUG 23008 --- [veterinaria] [HikariPool-1 housekeeper] com.zaxxer.hikari.pool.HikariPool        : HikariPool-1 - Pool stats (total=10, active=0, idle=10, waiting=0)
2026-08-26T21:01:58.198-04:00 DEBUG 23008 --- [veterinaria] [HikariPool-1 housekeeper] com.zaxxer.hikari.pool.HikariPool        : HikariPool-1 - Fill pool skipped, pool has sufficient level or currently being filled (queueDepth=0).
2026-08-26T21:02:28.201-04:00 DEBUG 23008 --- [veterinaria] [HikariPool-1 housekeeper] com.zaxxer.hikari.pool.HikariPool        : HikariPool-1 - Pool stats (total=10, active=0, idle=10, waiting=0)
2026-08-26T21:02:28.202-04:00 DEBUG 23008 --- [veterinaria] [HikariPool-1 housekeeper] com.zaxxer.hikari.pool.HikariPool        : HikariPool-1 - Fill pool skipped, pool has sufficient level or currently being filled (queueDepth=0).
2026-08-26T21:02:58.203-04:00 DEBUG 23008 --- [veterinaria] [HikariPool-1 housekeeper] com.zaxxer.hikari.pool.HikariPool        : HikariPool-1 - Pool stats (total=10, active=0, idle=10, waiting=0)
2026-08-26T21:02:58.205-04:00 DEBUG 23008 --- [veterinaria] [HikariPool-1 housekeeper] com.zaxxer.hikari.pool.HikariPool        : HikariPool-1 - Fill pool skipped, pool has sufficient level or currently being filled (queueDepth=0).
2026-08-26T21:03:28.214-04:00 DEBUG 23008 --- [veterinaria] [HikariPool-1 housekeeper] com.zaxxer.hikari.pool.HikariPool        : HikariPool-1 - Pool stats (total=10, active=0, idle=10, waiting=0)
2026-08-26T21:03:28.214-04:00 DEBUG 23008 --- [veterinaria] [HikariPool-1 housekeeper] com.zaxxer.hikari.pool.HikariPool        : HikariPool-1 - Fill pool skipped, pool has sufficient level or currently being filled (queueDepth=0).
2026-08-26T21:03:58.217-04:00 DEBUG 23008 --- [veterinaria] [HikariPool-1 housekeeper] com.zaxxer.hikari.pool.HikariPool        : HikariPool-1 - Pool stats (total=10, active=0, idle=10, waiting=0)
2026-08-26T21:03:58.217-04:00 DEBUG 23008 --- [veterinaria] [HikariPool-1 housekeeper] com.zaxxer.hikari.pool.HikariPool        : HikariPool-1 - Fill pool skipped, pool has sufficient level or currently being filled (queueDepth=0).
2026-08-26T21:04:28.230-04:00 DEBUG 23008 --- [veterinaria] [HikariPool-1 housekeeper] com.zaxxer.hikari.pool.HikariPool        : HikariPool-1 - Pool stats (total=10, active=0, idle=10, waiting=0)
2026-08-26T21:04:28.230-04:00 DEBUG 23008 --- [veterinaria] [HikariPool-1 housekeeper] com.zaxxer.hikari.pool.HikariPool        : HikariPool-1 - Fill pool skipped, pool has sufficient level or currently being filled (queueDepth=0).
2026-08-26T21:04:58.244-04:00 DEBUG 23008 --- [veterinaria] [HikariPool-1 housekeeper] com.zaxxer.hikari.pool.HikariPool        : HikariPool-1 - Pool stats (total=10, active=0, idle=10, waiting=0)
2026-08-26T21:04:58.244-04:00 DEBUG 23008 --- [veterinaria] [HikariPool-1 housekeeper] com.zaxxer.hikari.pool.HikariPool        : HikariPool-1 - Fill pool skipped, pool has sufficient level or currently being filled (queueDepth=0).
2026-08-26T21:05:28.250-04:00 DEBUG 23008 --- [veterinaria] [HikariPool-1 housekeeper] com.zaxxer.hikari.pool.HikariPool        : HikariPool-1 - Pool stats (total=10, active=0, idle=10, waiting=0)
2026-08-26T21:05:28.250-04:00 DEBUG 23008 --- [veterinaria] [HikariPool-1 housekeeper] com.zaxxer.hikari.pool.HikariPool        : HikariPool-1 - Fill pool skipped, pool has sufficient level or currently being filled (queueDepth=0).
2026-08-26T21:05:58.254-04:00 DEBUG 23008 --- [veterinaria] [HikariPool-1 housekeeper] com.zaxxer.hikari.pool.HikariPool        : HikariPool-1 - Pool stats (total=10, active=0, idle=10, waiting=0)
2026-08-26T21:05:58.255-04:00 DEBUG 23008 --- [veterinaria] [HikariPool-1 housekeeper] com.zaxxer.hikari.pool.HikariPool        : HikariPool-1 - Fill pool skipped, pool has sufficient level or currently being filled (queueDepth=0).
2026-08-26T21:06:28.256-04:00 DEBUG 23008 --- [veterinaria] [HikariPool-1 housekeeper] com.zaxxer.hikari.pool.HikariPool        : HikariPool-1 - Pool stats (total=10, active=0, idle=10, waiting=0)
2026-08-26T21:06:28.256-04:00 DEBUG 23008 --- [veterinaria] [HikariPool-1 housekeeper] com.zaxxer.hikari.pool.HikariPool        : HikariPool-1 - Fill pool skipped, pool has sufficient level or currently being filled (queueDepth=0).
2026-08-26T21:06:58.272-04:00 DEBUG 23008 --- [veterinaria] [HikariPool-1 housekeeper] com.zaxxer.hikari.pool.HikariPool        : HikariPool-1 - Pool stats (total=10, active=0, idle=10, waiting=0)
2026-08-26T21:06:58.272-04:00 DEBUG 23008 --- [veterinaria] [HikariPool-1 housekeeper] com.zaxxer.hikari.pool.HikariPool        : HikariPool-1 - Fill pool skipped, pool has sufficient level or currently being filled (queueDepth=0).
2026-08-26T21:07:28.285-04:00 DEBUG 23008 --- [veterinaria] [HikariPool-1 housekeeper] com.zaxxer.hikari.pool.HikariPool        : HikariPool-1 - Pool stats (total=10, active=0, idle=10, waiting=0)
2026-08-26T21:07:28.285-04:00 DEBUG 23008 --- [veterinaria] [HikariPool-1 housekeeper] com.zaxxer.hikari.pool.HikariPool        : HikariPool-1 - Fill pool skipped, pool has sufficient level or currently being filled (queueDepth=0).
2026-08-26T21:07:58.288-04:00 DEBUG 23008 --- [veterinaria] [HikariPool-1 housekeeper] com.zaxxer.hikari.pool.HikariPool        : HikariPool-1 - Pool stats (total=10, active=0, idle=10, waiting=0)
2026-08-26T21:07:58.289-04:00 DEBUG 23008 --- [veterinaria] [HikariPool-1 housekeeper] com.zaxxer.hikari.pool.HikariPool        : HikariPool-1 - Fill pool skipped, pool has sufficient level or currently being filled (queueDepth=0).
2026-08-26T21:08:28.296-04:00 DEBUG 23008 --- [veterinaria] [HikariPool-1 housekeeper] com.zaxxer.hikari.pool.HikariPool        : HikariPool-1 - Pool stats (total=10, active=0, idle=10, waiting=0)
2026-08-26T21:08:28.297-04:00 DEBUG 23008 --- [veterinaria] [HikariPool-1 housekeeper] com.zaxxer.hikari.pool.HikariPool        : HikariPool-1 - Fill pool skipped, pool has sufficient level or currently being filled (queueDepth=0).
2026-08-26T21:08:58.304-04:00 DEBUG 23008 --- [veterinaria] [HikariPool-1 housekeeper] com.zaxxer.hikari.pool.HikariPool        : HikariPool-1 - Pool stats (total=10, active=0, idle=10, waiting=0)
2026-08-26T21:08:58.304-04:00 DEBUG 23008 --- [veterinaria] [HikariPool-1 housekeeper] com.zaxxer.hikari.pool.HikariPool        : HikariPool-1 - Fill pool skipped, pool has sufficient level or currently being filled (queueDepth=0).
2026-08-26T21:09:28.307-04:00 DEBUG 23008 --- [veterinaria] [HikariPool-1 housekeeper] com.zaxxer.hikari.pool.HikariPool        : HikariPool-1 - Pool stats (total=10, active=0, idle=10, waiting=0)
2026-08-26T21:09:28.307-04:00 DEBUG 23008 --- [veterinaria] [HikariPool-1 housekeeper] com.zaxxer.hikari.pool.HikariPool        : HikariPool-1 - Fill pool skipped, pool has sufficient level or currently being filled (queueDepth=0).
2026-08-26T21:09:58.321-04:00 DEBUG 23008 --- [veterinaria] [HikariPool-1 housekeeper] com.zaxxer.hikari.pool.HikariPool        : HikariPool-1 - Pool stats (total=10, active=0, idle=10, waiting=0)
2026-08-26T21:09:58.321-04:00 DEBUG 23008 --- [veterinaria] [HikariPool-1 housekeeper] com.zaxxer.hikari.pool.HikariPool        : HikariPool-1 - Fill pool skipped, pool has sufficient level or currently being filled (queueDepth=0).
2026-08-26T21:10:28.334-04:00 DEBUG 23008 --- [veterinaria] [HikariPool-1 housekeeper] com.zaxxer.hikari.pool.HikariPool        : HikariPool-1 - Pool stats (total=10, active=0, idle=10, waiting=0)
2026-08-26T21:10:28.334-04:00 DEBUG 23008 --- [veterinaria] [HikariPool-1 housekeeper] com.zaxxer.hikari.pool.HikariPool        : HikariPool-1 - Fill pool skipped, pool has sufficient level or currently being filled (queueDepth=0).
2026-08-26T21:10:58.340-04:00 DEBUG 23008 --- [veterinaria] [HikariPool-1 housekeeper] com.zaxxer.hikari.pool.HikariPool        : HikariPool-1 - Pool stats (total=10, active=0, idle=10, waiting=0)
2026-08-26T21:10:58.340-04:00 DEBUG 23008 --- [veterinaria] [HikariPool-1 housekeeper] com.zaxxer.hikari.pool.HikariPool        : HikariPool-1 - Fill pool skipped, pool has sufficient level or currently being filled (queueDepth=0).
2026-08-26T21:11:28.346-04:00 DEBUG 23008 --- [veterinaria] [HikariPool-1 housekeeper] com.zaxxer.hikari.pool.HikariPool        : HikariPool-1 - Pool stats (total=10, active=0, idle=10, waiting=0)
2026-08-26T21:11:28.346-04:00 DEBUG 23008 --- [veterinaria] [HikariPool-1 housekeeper] com.zaxxer.hikari.pool.HikariPool        : HikariPool-1 - Fill pool skipped, pool has sufficient level or currently being filled (queueDepth=0).
2026-08-26T21:11:58.366-04:00 DEBUG 23008 --- [veterinaria] [HikariPool-1 housekeeper] com.zaxxer.hikari.pool.HikariPool        : HikariPool-1 - Pool stats (total=10, active=0, idle=10, waiting=0)
2026-08-26T21:11:58.382-04:00 DEBUG 23008 --- [veterinaria] [HikariPool-1 housekeeper] com.zaxxer.hikari.pool.HikariPool        : HikariPool-1 - Fill pool skipped, pool has sufficient level or currently being filled (queueDepth=0).
2026-08-26T21:12:28.392-04:00 DEBUG 23008 --- [veterinaria] [HikariPool-1 housekeeper] com.zaxxer.hikari.pool.HikariPool        : HikariPool-1 - Pool stats (total=10, active=0, idle=10, waiting=0)
2026-08-26T21:12:28.392-04:00 DEBUG 23008 --- [veterinaria] [HikariPool-1 housekeeper] com.zaxxer.hikari.pool.HikariPool        : HikariPool-1 - Fill pool skipped, pool has sufficient level or currently being filled (queueDepth=0).
2026-08-26T21:12:58.404-04:00 DEBUG 23008 --- [veterinaria] [HikariPool-1 housekeeper] com.zaxxer.hikari.pool.HikariPool        : HikariPool-1 - Pool stats (total=10, active=0, idle=10, waiting=0)
2026-08-26T21:12:58.405-04:00 DEBUG 23008 --- [veterinaria] [HikariPool-1 housekeeper] com.zaxxer.hikari.pool.HikariPool        : HikariPool-1 - Fill pool skipped, pool has sufficient level or currently being filled (queueDepth=0).
2026-08-26T21:13:28.419-04:00 DEBUG 23008 --- [veterinaria] [HikariPool-1 housekeeper] com.zaxxer.hikari.pool.HikariPool        : HikariPool-1 - Pool stats (total=10, active=0, idle=10, waiting=0)
2026-08-26T21:13:28.419-04:00 DEBUG 23008 --- [veterinaria] [HikariPool-1 housekeeper] com.zaxxer.hikari.pool.HikariPool        : HikariPool-1 - Fill pool skipped, pool has sufficient level or currently being filled (queueDepth=0).
2026-08-26T21:13:58.426-04:00 DEBUG 23008 --- [veterinaria] [HikariPool-1 housekeeper] com.zaxxer.hikari.pool.HikariPool        : HikariPool-1 - Pool stats (total=10, active=0, idle=10, waiting=0)
2026-08-26T21:13:58.426-04:00 DEBUG 23008 --- [veterinaria] [HikariPool-1 housekeeper] com.zaxxer.hikari.pool.HikariPool        : HikariPool-1 - Fill pool skipped, pool has sufficient level or currently being filled (queueDepth=0).
2026-08-26T21:14:28.428-04:00 DEBUG 23008 --- [veterinaria] [HikariPool-1 housekeeper] com.zaxxer.hikari.pool.HikariPool        : HikariPool-1 - Pool stats (total=10, active=0, idle=10, waiting=0)
2026-08-26T21:14:28.428-04:00 DEBUG 23008 --- [veterinaria] [HikariPool-1 housekeeper] com.zaxxer.hikari.pool.HikariPool        : HikariPool-1 - Fill pool skipped, pool has sufficient level or currently being filled (queueDepth=0).
2026-08-26T21:14:58.432-04:00 DEBUG 23008 --- [veterinaria] [HikariPool-1 housekeeper] com.zaxxer.hikari.pool.HikariPool        : HikariPool-1 - Pool stats (total=10, active=0, idle=10, waiting=0)
2026-08-26T21:14:58.432-04:00 DEBUG 23008 --- [veterinaria] [HikariPool-1 housekeeper] com.zaxxer.hikari.pool.HikariPool        : HikariPool-1 - Fill pool skipped, pool has sufficient level or currently being filled (queueDepth=0).
2026-08-26T21:15:28.439-04:00 DEBUG 23008 --- [veterinaria] [HikariPool-1 housekeeper] com.zaxxer.hikari.pool.HikariPool        : HikariPool-1 - Pool stats (total=10, active=0, idle=10, waiting=0)
2026-08-26T21:15:28.440-04:00 DEBUG 23008 --- [veterinaria] [HikariPool-1 housekeeper] com.zaxxer.hikari.pool.HikariPool        : HikariPool-1 - Fill pool skipped, pool has sufficient level or currently being filled (queueDepth=0).
2026-08-26T21:15:58.453-04:00 DEBUG 23008 --- [veterinaria] [HikariPool-1 housekeeper] com.zaxxer.hikari.pool.HikariPool        : HikariPool-1 - Pool stats (total=10, active=0, idle=10, waiting=0)
2026-08-26T21:15:58.456-04:00 DEBUG 23008 --- [veterinaria] [HikariPool-1 housekeeper] com.zaxxer.hikari.pool.HikariPool        : HikariPool-1 - Fill pool skipped, pool has sufficient level or currently being filled (queueDepth=0).
2026-08-26T21:16:28.467-04:00 DEBUG 23008 --- [veterinaria] [HikariPool-1 housekeeper] com.zaxxer.hikari.pool.HikariPool        : HikariPool-1 - Pool stats (total=10, active=0, idle=10, waiting=0)
2026-08-26T21:16:28.467-04:00 DEBUG 23008 --- [veterinaria] [HikariPool-1 housekeeper] com.zaxxer.hikari.pool.HikariPool        : HikariPool-1 - Fill pool skipped, pool has sufficient level or currently being filled (queueDepth=0).
2026-08-26T21:16:58.471-04:00 DEBUG 23008 --- [veterinaria] [HikariPool-1 housekeeper] com.zaxxer.hikari.pool.HikariPool        : HikariPool-1 - Pool stats (total=10, active=0, idle=10, waiting=0)
2026-08-26T21:16:58.473-04:00 DEBUG 23008 --- [veterinaria] [HikariPool-1 housekeeper] com.zaxxer.hikari.pool.HikariPool        : HikariPool-1 - Fill pool skipped, pool has sufficient level or currently being filled (queueDepth=0).
2026-08-26T21:17:28.485-04:00 DEBUG 23008 --- [veterinaria] [HikariPool-1 housekeeper] com.zaxxer.hikari.pool.HikariPool        : HikariPool-1 - Pool stats (total=10, active=0, idle=10, waiting=0)
2026-08-26T21:17:28.853-04:00 DEBUG 23008 --- [veterinaria] [HikariPool-1 housekeeper] com.zaxxer.hikari.pool.HikariPool        : HikariPool-1 - Fill pool skipped, pool has sufficient level or currently being filled (queueDepth=0).
2026-08-26T21:50:59.883-04:00  INFO 20624 --- [veterinaria] [main] c.d.v.App.VeterinariaApplication         : Starting VeterinariaApplication using Java 20.0.2 with PID 20624 (C:\Users\rodri\OneDrive\Escritorio\Uni\Bimestre VI\Seguridad y calidad en el desarrollo\Semana 2\veterinaria-s2\veterinaria\target\classes started by rodri in C:\Users\rodri\OneDrive\Escritorio\Uni\Bimestre VI\Seguridad y calidad en el desarrollo\Semana 2\veterinaria-s2)
2026-08-26T21:50:59.887-04:00  INFO 20624 --- [veterinaria] [main] c.d.v.App.VeterinariaApplication         : No active profile set, falling back to 1 default profile: "default"
2026-08-26T21:51:00.989-04:00  INFO 20624 --- [veterinaria] [main] .s.d.r.c.RepositoryConfigurationDelegate : Bootstrapping Spring Data JPA repositories in DEFAULT mode.
2026-08-26T21:51:01.027-04:00  INFO 20624 --- [veterinaria] [main] .s.d.r.c.RepositoryConfigurationDelegate : Finished Spring Data repository scanning in 23 ms. Found 0 JPA repository interfaces.
2026-08-26T21:51:02.126-04:00  INFO 20624 --- [veterinaria] [main] o.s.b.w.embedded.tomcat.TomcatWebServer  : Tomcat initialized with port 8080 (http)
2026-08-26T21:51:02.155-04:00  INFO 20624 --- [veterinaria] [main] o.apache.catalina.core.StandardService   : Starting service [Tomcat]
2026-08-26T21:51:02.156-04:00  INFO 20624 --- [veterinaria] [main] o.apache.catalina.core.StandardEngine    : Starting Servlet engine: [Apache Tomcat/10.1.20]
2026-08-26T21:51:02.272-04:00  INFO 20624 --- [veterinaria] [main] o.a.c.c.C.[Tomcat].[localhost].[/]       : Initializing Spring embedded WebApplicationContext
2026-08-26T21:51:02.273-04:00  INFO 20624 --- [veterinaria] [main] w.s.c.ServletWebServerApplicationContext : Root WebApplicationContext: initialization completed in 2299 ms
2026-08-26T21:51:02.429-04:00 DEBUG 20624 --- [veterinaria] [main] com.zaxxer.hikari.HikariConfig           : Driver class com.mysql.cj.jdbc.Driver found in Thread context class loader jdk.internal.loader.ClassLoaders$AppClassLoader@33909752
2026-08-26T21:51:02.718-04:00 DEBUG 20624 --- [veterinaria] [main] o.hibernate.jpa.internal.util.LogHelper  : PersistenceUnitInfo [
	name: default
	persistence provider classname: null
	classloader: jdk.internal.loader.ClassLoaders$AppClassLoader@33909752
	excludeUnlistedClasses: true
	JTA datasource: null
	Non JTA datasource: HikariDataSource (null)
	Transaction type: RESOURCE_LOCAL
	PU root URL: file:/C:/Users/rodri/OneDrive/Escritorio/Uni/Bimestre%20VI/Seguridad%20y%20calidad%20en%20el%20desarrollo/Semana%202/veterinaria-s2/veterinaria/target/classes/
	Shared Cache Mode: UNSPECIFIED
	Validation Mode: AUTO
	Jar files URLs []
	Managed classes names []
	Mapping files names []
	Properties []
2026-08-26T21:51:02.769-04:00 DEBUG 20624 --- [veterinaria] [main] o.h.i.internal.IntegratorServiceImpl     : Adding Integrator [org.hibernate.boot.beanvalidation.BeanValidationIntegrator].
2026-08-26T21:51:02.861-04:00 DEBUG 20624 --- [veterinaria] [main] o.h.i.internal.IntegratorServiceImpl     : Adding Integrator [org.hibernate.cache.internal.CollectionCacheInvalidator].
2026-08-26T21:51:02.929-04:00 TRACE 20624 --- [veterinaria] [main] o.h.b.r.s.internal.StrategySelectorImpl  : Registering named strategy selector [org.hibernate.resource.transaction.spi.TransactionCoordinatorBuilder] : [jdbc] -> [org.hibernate.resource.transaction.backend.jdbc.internal.JdbcResourceLocalTransactionCoordinatorBuilderImpl]
2026-08-26T21:51:02.931-04:00 TRACE 20624 --- [veterinaria] [main] o.h.b.r.s.internal.StrategySelectorImpl  : Registering named strategy selector [org.hibernate.resource.transaction.spi.TransactionCoordinatorBuilder] : [jta] -> [org.hibernate.resource.transaction.backend.jta.internal.JtaTransactionCoordinatorBuilderImpl]
2026-08-26T21:51:02.931-04:00 TRACE 20624 --- [veterinaria] [main] o.h.b.r.s.internal.StrategySelectorImpl  : Registering named strategy selector [org.hibernate.resource.transaction.spi.TransactionCoordinatorBuilder] : [org.hibernate.transaction.JDBCTransactionFactory] -> [org.hibernate.resource.transaction.backend.jdbc.internal.JdbcResourceLocalTransactionCoordinatorBuilderImpl]
2026-08-26T21:51:02.932-04:00 TRACE 20624 --- [veterinaria] [main] o.h.b.r.s.internal.StrategySelectorImpl  : Registering named strategy selector [org.hibernate.resource.transaction.spi.TransactionCoordinatorBuilder] : [org.hibernate.transaction.JTATransactionFactory] -> [org.hibernate.resource.transaction.backend.jta.internal.JtaTransactionCoordinatorBuilderImpl]
2026-08-26T21:51:02.933-04:00 TRACE 20624 --- [veterinaria] [main] o.h.b.r.s.internal.StrategySelectorImpl  : Registering named strategy selector [org.hibernate.resource.transaction.spi.TransactionCoordinatorBuilder] : [org.hibernate.transaction.CMTTransactionFactory] -> [org.hibernate.resource.transaction.backend.jta.internal.JtaTransactionCoordinatorBuilderImpl]
2026-08-26T21:51:02.936-04:00 TRACE 20624 --- [veterinaria] [main] o.h.b.r.s.internal.StrategySelectorImpl  : Registering named strategy selector [org.hibernate.query.sqm.mutation.spi.SqmMultiTableInsertStrategy] : [cte] -> [org.hibernate.query.sqm.mutation.internal.cte.CteInsertStrategy]
2026-08-26T21:51:02.938-04:00 TRACE 20624 --- [veterinaria] [main] o.h.b.r.s.internal.StrategySelectorImpl  : Registering named strategy selector [org.hibernate.query.sqm.mutation.spi.SqmMultiTableInsertStrategy] : [global_temporary] -> [org.hibernate.query.sqm.mutation.internal.temptable.GlobalTemporaryTableInsertStrategy]
2026-08-26T21:51:02.940-04:00 TRACE 20624 --- [veterinaria] [main] o.h.b.r.s.internal.StrategySelectorImpl  : Registering named strategy selector [org.hibernate.query.sqm.mutation.spi.SqmMultiTableInsertStrategy] : [local_temporary] -> [org.hibernate.query.sqm.mutation.internal.temptable.LocalTemporaryTableInsertStrategy]
2026-08-26T21:51:02.943-04:00 TRACE 20624 --- [veterinaria] [main] o.h.b.r.s.internal.StrategySelectorImpl  : Registering named strategy selector [org.hibernate.query.sqm.mutation.spi.SqmMultiTableInsertStrategy] : [persistent] -> [org.hibernate.query.sqm.mutation.internal.temptable.PersistentTableInsertStrategy]
2026-08-26T21:51:02.945-04:00 TRACE 20624 --- [veterinaria] [main] o.h.b.r.s.internal.StrategySelectorImpl  : Registering named strategy selector [org.hibernate.query.sqm.mutation.spi.SqmMultiTableMutationStrategy] : [cte] -> [org.hibernate.query.sqm.mutation.internal.cte.CteMutationStrategy]
2026-08-26T21:51:02.947-04:00 TRACE 20624 --- [veterinaria] [main] o.h.b.r.s.internal.StrategySelectorImpl  : Registering named strategy selector [org.hibernate.query.sqm.mutation.spi.SqmMultiTableMutationStrategy] : [global_temporary] -> [org.hibernate.query.sqm.mutation.internal.temptable.GlobalTemporaryTableMutationStrategy]
2026-08-26T21:51:02.948-04:00 TRACE 20624 --- [veterinaria] [main] o.h.b.r.s.internal.StrategySelectorImpl  : Registering named strategy selector [org.hibernate.query.sqm.mutation.spi.SqmMultiTableMutationStrategy] : [local_temporary] -> [org.hibernate.query.sqm.mutation.internal.temptable.LocalTemporaryTableMutationStrategy]
2026-08-26T21:51:02.949-04:00 TRACE 20624 --- [veterinaria] [main] o.h.b.r.s.internal.StrategySelectorImpl  : Registering named strategy selector [org.hibernate.query.sqm.mutation.spi.SqmMultiTableMutationStrategy] : [persistent] -> [org.hibernate.query.sqm.mutation.internal.temptable.PersistentTableMutationStrategy]
2026-08-26T21:51:02.951-04:00 TRACE 20624 --- [veterinaria] [main] o.h.b.r.s.internal.StrategySelectorImpl  : Registering named strategy selector [org.hibernate.boot.model.naming.ImplicitNamingStrategy] : [default] -> [org.hibernate.boot.model.naming.ImplicitNamingStrategyJpaCompliantImpl]
2026-08-26T21:51:02.952-04:00 TRACE 20624 --- [veterinaria] [main] o.h.b.r.s.internal.StrategySelectorImpl  : Registering named strategy selector [org.hibernate.boot.model.naming.ImplicitNamingStrategy] : [jpa] -> [org.hibernate.boot.model.naming.ImplicitNamingStrategyJpaCompliantImpl]
2026-08-26T21:51:02.954-04:00 TRACE 20624 --- [veterinaria] [main] o.h.b.r.s.internal.StrategySelectorImpl  : Registering named strategy selector [org.hibernate.boot.model.naming.ImplicitNamingStrategy] : [legacy-jpa] -> [org.hibernate.boot.model.naming.ImplicitNamingStrategyLegacyJpaImpl]
2026-08-26T21:51:02.956-04:00 TRACE 20624 --- [veterinaria] [main] o.h.b.r.s.internal.StrategySelectorImpl  : Registering named strategy selector [org.hibernate.boot.model.naming.ImplicitNamingStrategy] : [legacy-hbm] -> [org.hibernate.boot.model.naming.ImplicitNamingStrategyLegacyHbmImpl]
2026-08-26T21:51:02.958-04:00 TRACE 20624 --- [veterinaria] [main] o.h.b.r.s.internal.StrategySelectorImpl  : Registering named strategy selector [org.hibernate.boot.model.naming.ImplicitNamingStrategy] : [component-path] -> [org.hibernate.boot.model.naming.ImplicitNamingStrategyComponentPathImpl]
2026-08-26T21:51:02.961-04:00 TRACE 20624 --- [veterinaria] [main] o.h.b.r.s.internal.StrategySelectorImpl  : Registering named strategy selector [org.hibernate.id.enhanced.ImplicitDatabaseObjectNamingStrategy] : [standard] -> [org.hibernate.id.enhanced.StandardNamingStrategy]
2026-08-26T21:51:02.963-04:00 TRACE 20624 --- [veterinaria] [main] o.h.b.r.s.internal.StrategySelectorImpl  : Registering named strategy selector [org.hibernate.id.enhanced.ImplicitDatabaseObjectNamingStrategy] : [single] -> [org.hibernate.id.enhanced.SingleNamingStrategy]
2026-08-26T21:51:02.964-04:00 TRACE 20624 --- [veterinaria] [main] o.h.b.r.s.internal.StrategySelectorImpl  : Registering named strategy selector [org.hibernate.id.enhanced.ImplicitDatabaseObjectNamingStrategy] : [legacy] -> [org.hibernate.id.enhanced.LegacyNamingStrategy]
2026-08-26T21:51:02.966-04:00 TRACE 20624 --- [veterinaria] [main] o.h.b.r.s.internal.StrategySelectorImpl  : Registering named strategy selector [org.hibernate.boot.model.relational.ColumnOrderingStrategy] : [default] -> [org.hibernate.boot.model.relational.ColumnOrderingStrategyStandard]
2026-08-26T21:51:02.968-04:00 TRACE 20624 --- [veterinaria] [main] o.h.b.r.s.internal.StrategySelectorImpl  : Registering named strategy selector [org.hibernate.boot.model.relational.ColumnOrderingStrategy] : [legacy] -> [org.hibernate.boot.model.relational.ColumnOrderingStrategyLegacy]
2026-08-26T21:51:02.970-04:00 TRACE 20624 --- [veterinaria] [main] o.h.b.r.s.internal.StrategySelectorImpl  : Registering named strategy selector [org.hibernate.cache.spi.CacheKeysFactory] : [default] -> [org.hibernate.cache.internal.DefaultCacheKeysFactory]
2026-08-26T21:51:02.972-04:00 TRACE 20624 --- [veterinaria] [main] o.h.b.r.s.internal.StrategySelectorImpl  : Registering named strategy selector [org.hibernate.cache.spi.CacheKeysFactory] : [simple] -> [org.hibernate.cache.internal.SimpleCacheKeysFactory]
2026-08-26T21:51:02.975-04:00 TRACE 20624 --- [veterinaria] [main] o.h.b.r.s.internal.StrategySelectorImpl  : Registering named strategy selector [org.hibernate.type.format.FormatMapper] : [jackson] -> [org.hibernate.type.format.jackson.JacksonJsonFormatMapper]
2026-08-26T21:51:02.977-04:00 TRACE 20624 --- [veterinaria] [main] o.h.b.r.s.internal.StrategySelectorImpl  : Registering named strategy selector [org.hibernate.type.format.FormatMapper] : [jsonb] -> [org.hibernate.type.format.jakartajson.JsonBJsonFormatMapper]
2026-08-26T21:51:02.978-04:00 TRACE 20624 --- [veterinaria] [main] o.h.b.r.s.internal.StrategySelectorImpl  : Registering named strategy selector [org.hibernate.type.format.FormatMapper] : [jackson-xml] -> [org.hibernate.type.format.jackson.JacksonXmlFormatMapper]
2026-08-26T21:51:02.980-04:00 TRACE 20624 --- [veterinaria] [main] o.h.b.r.s.internal.StrategySelectorImpl  : Registering named strategy selector [org.hibernate.type.format.FormatMapper] : [jaxb] -> [org.hibernate.type.format.jaxb.JaxbXmlFormatMapper]
2026-08-26T21:51:03.034-04:00  INFO 20624 --- [veterinaria] [main] org.hibernate.Version                    : HHH000412: Hibernate ORM core version 6.4.4.Final
2026-08-26T21:51:03.035-04:00 DEBUG 20624 --- [veterinaria] [main] org.hibernate.cfg.Environment            : HHH000206: 'hibernate.properties' not found
2026-08-26T21:51:03.062-04:00 TRACE 20624 --- [veterinaria] [main] o.h.s.i.AbstractServiceRegistryImpl      : Initializing service [role=org.hibernate.id.factory.IdentifierGeneratorFactory]
2026-08-26T21:51:03.065-04:00 TRACE 20624 --- [veterinaria] [main] o.h.s.i.AbstractServiceRegistryImpl      : Initializing service [role=org.hibernate.engine.config.spi.ConfigurationService]
2026-08-26T21:51:03.068-04:00 TRACE 20624 --- [veterinaria] [main] o.h.s.i.AbstractServiceRegistryImpl      : Initializing service [role=org.hibernate.resource.beans.spi.ManagedBeanRegistry]
2026-08-26T21:51:03.078-04:00 DEBUG 20624 --- [veterinaria] [main] org.hibernate.orm.idgen.factory          : Registering IdentifierGenerator strategy [uuid2] -> [org.hibernate.id.UUIDGenerator]
2026-08-26T21:51:03.079-04:00 DEBUG 20624 --- [veterinaria] [main] org.hibernate.orm.idgen.factory          : Registering IdentifierGenerator strategy [guid] -> [org.hibernate.id.GUIDGenerator]
2026-08-26T21:51:03.081-04:00 DEBUG 20624 --- [veterinaria] [main] org.hibernate.orm.idgen.factory          : Registering IdentifierGenerator strategy [uuid] -> [org.hibernate.id.UUIDHexGenerator]
2026-08-26T21:51:03.081-04:00 DEBUG 20624 --- [veterinaria] [main] org.hibernate.orm.idgen.factory          : Registering IdentifierGenerator strategy [uuid.hex] -> [org.hibernate.id.UUIDHexGenerator]
2026-08-26T21:51:03.082-04:00 DEBUG 20624 --- [veterinaria] [main] org.hibernate.orm.idgen.factory          : Registering IdentifierGenerator strategy [assigned] -> [org.hibernate.id.Assigned]
2026-08-26T21:51:03.084-04:00 DEBUG 20624 --- [veterinaria] [main] org.hibernate.orm.idgen.factory          : Registering IdentifierGenerator strategy [identity] -> [org.hibernate.id.IdentityGenerator]
2026-08-26T21:51:03.085-04:00 DEBUG 20624 --- [veterinaria] [main] org.hibernate.orm.idgen.factory          : Registering IdentifierGenerator strategy [select] -> [org.hibernate.id.SelectGenerator]
2026-08-26T21:51:03.087-04:00 DEBUG 20624 --- [veterinaria] [main] org.hibernate.orm.idgen.factory          : Registering IdentifierGenerator strategy [sequence] -> [org.hibernate.id.enhanced.SequenceStyleGenerator]
2026-08-26T21:51:03.088-04:00 DEBUG 20624 --- [veterinaria] [main] org.hibernate.orm.idgen.factory          : Registering IdentifierGenerator strategy [increment] -> [org.hibernate.id.IncrementGenerator]
2026-08-26T21:51:03.090-04:00 DEBUG 20624 --- [veterinaria] [main] org.hibernate.orm.idgen.factory          : Registering IdentifierGenerator strategy [foreign] -> [org.hibernate.id.ForeignGenerator]
2026-08-26T21:51:03.090-04:00 DEBUG 20624 --- [veterinaria] [main] org.hibernate.orm.idgen.factory          : Registering IdentifierGenerator strategy [enhanced-sequence] -> [org.hibernate.id.enhanced.SequenceStyleGenerator]
2026-08-26T21:51:03.091-04:00 DEBUG 20624 --- [veterinaria] [main] org.hibernate.orm.idgen.factory          : Registering IdentifierGenerator strategy [enhanced-table] -> [org.hibernate.id.enhanced.TableGenerator]
2026-08-26T21:51:03.103-04:00 TRACE 20624 --- [veterinaria] [main] o.h.s.i.AbstractServiceRegistryImpl      : Initializing service [role=org.hibernate.engine.jdbc.connections.spi.MultiTenantConnectionProvider]
2026-08-26T21:51:03.104-04:00 TRACE 20624 --- [veterinaria] [main] o.h.s.i.AbstractServiceRegistryImpl      : Initializing service [role=org.hibernate.cache.spi.RegionFactory]
2026-08-26T21:51:03.105-04:00 DEBUG 20624 --- [veterinaria] [main] o.h.c.internal.RegionFactoryInitiator    : Cannot default RegionFactory based on registered strategies as `[]` RegionFactory strategies were registered
2026-08-26T21:51:03.106-04:00  INFO 20624 --- [veterinaria] [main] o.h.c.internal.RegionFactoryInitiator    : HHH000026: Second-level cache disabled
2026-08-26T21:51:03.225-04:00 DEBUG 20624 --- [veterinaria] [main] org.hibernate.type.BasicTypeRegistry     : Adding type registration boolean -> org.hibernate.type.BasicTypeReference@9b47400
2026-08-26T21:51:03.225-04:00 DEBUG 20624 --- [veterinaria] [main] org.hibernate.type.BasicTypeRegistry     : Adding type registration boolean -> org.hibernate.type.BasicTypeReference@9b47400
2026-08-26T21:51:03.226-04:00 DEBUG 20624 --- [veterinaria] [main] org.hibernate.type.BasicTypeRegistry     : Adding type registration java.lang.Boolean -> org.hibernate.type.BasicTypeReference@9b47400
2026-08-26T21:51:03.226-04:00 DEBUG 20624 --- [veterinaria] [main] org.hibernate.type.BasicTypeRegistry     : Adding type registration numeric_boolean -> org.hibernate.type.BasicTypeReference@747835f5
2026-08-26T21:51:03.226-04:00 DEBUG 20624 --- [veterinaria] [main] org.hibernate.type.BasicTypeRegistry     : Adding type registration org.hibernate.type.NumericBooleanConverter -> org.hibernate.type.BasicTypeReference@747835f5
2026-08-26T21:51:03.226-04:00 DEBUG 20624 --- [veterinaria] [main] org.hibernate.type.BasicTypeRegistry     : Adding type registration true_false -> org.hibernate.type.BasicTypeReference@594131f2
2026-08-26T21:51:03.227-04:00 DEBUG 20624 --- [veterinaria] [main] org.hibernate.type.BasicTypeRegistry     : Adding type registration org.hibernate.type.TrueFalseConverter -> org.hibernate.type.BasicTypeReference@594131f2
2026-08-26T21:51:03.227-04:00 DEBUG 20624 --- [veterinaria] [main] org.hibernate.type.BasicTypeRegistry     : Adding type registration yes_no -> org.hibernate.type.BasicTypeReference@51d0ec6f
2026-08-26T21:51:03.227-04:00 DEBUG 20624 --- [veterinaria] [main] org.hibernate.type.BasicTypeRegistry     : Adding type registration org.hibernate.type.YesNoConverter -> org.hibernate.type.BasicTypeReference@51d0ec6f
2026-08-26T21:51:03.227-04:00 DEBUG 20624 --- [veterinaria] [main] org.hibernate.type.BasicTypeRegistry     : Adding type registration byte -> org.hibernate.type.BasicTypeReference@7bee8621
2026-08-26T21:51:03.227-04:00 DEBUG 20624 --- [veterinaria] [main] org.hibernate.type.BasicTypeRegistry     : Adding type registration byte -> org.hibernate.type.BasicTypeReference@7bee8621
2026-08-26T21:51:03.227-04:00 DEBUG 20624 --- [veterinaria] [main] org.hibernate.type.BasicTypeRegistry     : Adding type registration java.lang.Byte -> org.hibernate.type.BasicTypeReference@7bee8621
2026-08-26T21:51:03.228-04:00 DEBUG 20624 --- [veterinaria] [main] org.hibernate.type.BasicTypeRegistry     : Adding type registration binary -> org.hibernate.type.BasicTypeReference@4e0cc334
2026-08-26T21:51:03.228-04:00 DEBUG 20624 --- [veterinaria] [main] org.hibernate.type.BasicTypeRegistry     : Adding type registration byte[] -> org.hibernate.type.BasicTypeReference@4e0cc334
2026-08-26T21:51:03.228-04:00 DEBUG 20624 --- [veterinaria] [main] org.hibernate.type.BasicTypeRegistry     : Adding type registration [B -> org.hibernate.type.BasicTypeReference@4e0cc334
2026-08-26T21:51:03.228-04:00 DEBUG 20624 --- [veterinaria] [main] org.hibernate.type.BasicTypeRegistry     : Adding type registration binary_wrapper -> org.hibernate.type.BasicTypeReference@1e12a5a6
2026-08-26T21:51:03.228-04:00 DEBUG 20624 --- [veterinaria] [main] org.hibernate.type.BasicTypeRegistry     : Adding type registration wrapper-binary -> org.hibernate.type.BasicTypeReference@1e12a5a6
2026-08-26T21:51:03.228-04:00 DEBUG 20624 --- [veterinaria] [main] org.hibernate.type.BasicTypeRegistry     : Adding type registration image -> org.hibernate.type.BasicTypeReference@4877919f
2026-08-26T21:51:03.228-04:00 DEBUG 20624 --- [veterinaria] [main] org.hibernate.type.BasicTypeRegistry     : Adding type registration blob -> org.hibernate.type.BasicTypeReference@47a7c93e
2026-08-26T21:51:03.229-04:00 DEBUG 20624 --- [veterinaria] [main] org.hibernate.type.BasicTypeRegistry     : Adding type registration java.sql.Blob -> org.hibernate.type.BasicTypeReference@47a7c93e
2026-08-26T21:51:03.229-04:00 DEBUG 20624 --- [veterinaria] [main] org.hibernate.type.BasicTypeRegistry     : Adding type registration materialized_blob -> org.hibernate.type.BasicTypeReference@6f9ab79d
2026-08-26T21:51:03.229-04:00 DEBUG 20624 --- [veterinaria] [main] org.hibernate.type.BasicTypeRegistry     : Adding type registration materialized_blob_wrapper -> org.hibernate.type.BasicTypeReference@64ae105d
2026-08-26T21:51:03.229-04:00 DEBUG 20624 --- [veterinaria] [main] org.hibernate.type.BasicTypeRegistry     : Adding type registration short -> org.hibernate.type.BasicTypeReference@10a18e3e
2026-08-26T21:51:03.229-04:00 DEBUG 20624 --- [veterinaria] [main] org.hibernate.type.BasicTypeRegistry     : Adding type registration short -> org.hibernate.type.BasicTypeReference@10a18e3e
2026-08-26T21:51:03.229-04:00 DEBUG 20624 --- [veterinaria] [main] org.hibernate.type.BasicTypeRegistry     : Adding type registration java.lang.Short -> org.hibernate.type.BasicTypeReference@10a18e3e
2026-08-26T21:51:03.230-04:00 DEBUG 20624 --- [veterinaria] [main] org.hibernate.type.BasicTypeRegistry     : Adding type registration integer -> org.hibernate.type.BasicTypeReference@69364b2d
2026-08-26T21:51:03.230-04:00 DEBUG 20624 --- [veterinaria] [main] org.hibernate.type.BasicTypeRegistry     : Adding type registration int -> org.hibernate.type.BasicTypeReference@69364b2d
2026-08-26T21:51:03.230-04:00 DEBUG 20624 --- [veterinaria] [main] org.hibernate.type.BasicTypeRegistry     : Adding type registration java.lang.Integer -> org.hibernate.type.BasicTypeReference@69364b2d
2026-08-26T21:51:03.230-04:00 DEBUG 20624 --- [veterinaria] [main] org.hibernate.type.BasicTypeRegistry     : Adding type registration long -> org.hibernate.type.BasicTypeReference@53aa2fc9
2026-08-26T21:51:03.230-04:00 DEBUG 20624 --- [veterinaria] [main] org.hibernate.type.BasicTypeRegistry     : Adding type registration long -> org.hibernate.type.BasicTypeReference@53aa2fc9
2026-08-26T21:51:03.230-04:00 DEBUG 20624 --- [veterinaria] [main] org.hibernate.type.BasicTypeRegistry     : Adding type registration java.lang.Long -> org.hibernate.type.BasicTypeReference@53aa2fc9
2026-08-26T21:51:03.230-04:00 DEBUG 20624 --- [veterinaria] [main] org.hibernate.type.BasicTypeRegistry     : Adding type registration float -> org.hibernate.type.BasicTypeReference@4792f119
2026-08-26T21:51:03.231-04:00 DEBUG 20624 --- [veterinaria] [main] org.hibernate.type.BasicTypeRegistry     : Adding type registration float -> org.hibernate.type.BasicTypeReference@4792f119
2026-08-26T21:51:03.231-04:00 DEBUG 20624 --- [veterinaria] [main] org.hibernate.type.BasicTypeRegistry     : Adding type registration java.lang.Float -> org.hibernate.type.BasicTypeReference@4792f119
2026-08-26T21:51:03.231-04:00 DEBUG 20624 --- [veterinaria] [main] org.hibernate.type.BasicTypeRegistry     : Adding type registration double -> org.hibernate.type.BasicTypeReference@5bde57ab
2026-08-26T21:51:03.231-04:00 DEBUG 20624 --- [veterinaria] [main] org.hibernate.type.BasicTypeRegistry     : Adding type registration double -> org.hibernate.type.BasicTypeReference@5bde57ab
2026-08-26T21:51:03.231-04:00 DEBUG 20624 --- [veterinaria] [main] org.hibernate.type.BasicTypeRegistry     : Adding type registration java.lang.Double -> org.hibernate.type.BasicTypeReference@5bde57ab
2026-08-26T21:51:03.231-04:00 DEBUG 20624 --- [veterinaria] [main] org.hibernate.type.BasicTypeRegistry     : Adding type registration big_integer -> org.hibernate.type.BasicTypeReference@ea00de
2026-08-26T21:51:03.232-04:00 DEBUG 20624 --- [veterinaria] [main] org.hibernate.type.BasicTypeRegistry     : Adding type registration java.math.BigInteger -> org.hibernate.type.BasicTypeReference@ea00de
2026-08-26T21:51:03.232-04:00 DEBUG 20624 --- [veterinaria] [main] org.hibernate.type.BasicTypeRegistry     : Adding type registration big_decimal -> org.hibernate.type.BasicTypeReference@23ca36d
2026-08-26T21:51:03.232-04:00 DEBUG 20624 --- [veterinaria] [main] org.hibernate.type.BasicTypeRegistry     : Adding type registration java.math.BigDecimal -> org.hibernate.type.BasicTypeReference@23ca36d
2026-08-26T21:51:03.233-04:00 DEBUG 20624 --- [veterinaria] [main] org.hibernate.type.BasicTypeRegistry     : Adding type registration character -> org.hibernate.type.BasicTypeReference@52f6900a
2026-08-26T21:51:03.233-04:00 DEBUG 20624 --- [veterinaria] [main] org.hibernate.type.BasicTypeRegistry     : Adding type registration char -> org.hibernate.type.BasicTypeReference@52f6900a
2026-08-26T21:51:03.234-04:00 DEBUG 20624 --- [veterinaria] [main] org.hibernate.type.BasicTypeRegistry     : Adding type registration java.lang.Character -> org.hibernate.type.BasicTypeReference@52f6900a
2026-08-26T21:51:03.234-04:00 DEBUG 20624 --- [veterinaria] [main] org.hibernate.type.BasicTypeRegistry     : Adding type registration character_nchar -> org.hibernate.type.BasicTypeReference@7bbcf6f0
2026-08-26T21:51:03.234-04:00 DEBUG 20624 --- [veterinaria] [main] org.hibernate.type.BasicTypeRegistry     : Adding type registration string -> org.hibernate.type.BasicTypeReference@2b80e5a9
2026-08-26T21:51:03.235-04:00 DEBUG 20624 --- [veterinaria] [main] org.hibernate.type.BasicTypeRegistry     : Adding type registration java.lang.String -> org.hibernate.type.BasicTypeReference@2b80e5a9
2026-08-26T21:51:03.235-04:00 DEBUG 20624 --- [veterinaria] [main] org.hibernate.type.BasicTypeRegistry     : Adding type registration nstring -> org.hibernate.type.BasicTypeReference@4cc01c7f
2026-08-26T21:51:03.235-04:00 DEBUG 20624 --- [veterinaria] [main] org.hibernate.type.BasicTypeRegistry     : Adding type registration characters -> org.hibernate.type.BasicTypeReference@2a50b32d
2026-08-26T21:51:03.235-04:00 DEBUG 20624 --- [veterinaria] [main] org.hibernate.type.BasicTypeRegistry     : Adding type registration char[] -> org.hibernate.type.BasicTypeReference@2a50b32d
2026-08-26T21:51:03.235-04:00 DEBUG 20624 --- [veterinaria] [main] org.hibernate.type.BasicTypeRegistry     : Adding type registration [C -> org.hibernate.type.BasicTypeReference@2a50b32d
2026-08-26T21:51:03.236-04:00 DEBUG 20624 --- [veterinaria] [main] org.hibernate.type.BasicTypeRegistry     : Adding type registration wrapper-characters -> org.hibernate.type.BasicTypeReference@36c7cbe1
2026-08-26T21:51:03.236-04:00 DEBUG 20624 --- [veterinaria] [main] org.hibernate.type.BasicTypeRegistry     : Adding type registration text -> org.hibernate.type.BasicTypeReference@1ac6dd3d
2026-08-26T21:51:03.236-04:00 DEBUG 20624 --- [veterinaria] [main] org.hibernate.type.BasicTypeRegistry     : Adding type registration ntext -> org.hibernate.type.BasicTypeReference@562919fe
2026-08-26T21:51:03.236-04:00 DEBUG 20624 --- [veterinaria] [main] org.hibernate.type.BasicTypeRegistry     : Adding type registration clob -> org.hibernate.type.BasicTypeReference@794f11cd
2026-08-26T21:51:03.237-04:00 DEBUG 20624 --- [veterinaria] [main] org.hibernate.type.BasicTypeRegistry     : Adding type registration java.sql.Clob -> org.hibernate.type.BasicTypeReference@794f11cd
2026-08-26T21:51:03.237-04:00 DEBUG 20624 --- [veterinaria] [main] org.hibernate.type.BasicTypeRegistry     : Adding type registration nclob -> org.hibernate.type.BasicTypeReference@715f45c6
2026-08-26T21:51:03.237-04:00 DEBUG 20624 --- [veterinaria] [main] org.hibernate.type.BasicTypeRegistry     : Adding type registration java.sql.NClob -> org.hibernate.type.BasicTypeReference@715f45c6
2026-08-26T21:51:03.238-04:00 DEBUG 20624 --- [veterinaria] [main] org.hibernate.type.BasicTypeRegistry     : Adding type registration materialized_clob -> org.hibernate.type.BasicTypeReference@5d5c41e5
2026-08-26T21:51:03.238-04:00 DEBUG 20624 --- [veterinaria] [main] org.hibernate.type.BasicTypeRegistry     : Adding type registration materialized_clob_char_array -> org.hibernate.type.BasicTypeReference@43245559
2026-08-26T21:51:03.238-04:00 DEBUG 20624 --- [veterinaria] [main] org.hibernate.type.BasicTypeRegistry     : Adding type registration materialized_clob_character_array -> org.hibernate.type.BasicTypeReference@42e4e589
2026-08-26T21:51:03.238-04:00 DEBUG 20624 --- [veterinaria] [main] org.hibernate.type.BasicTypeRegistry     : Adding type registration materialized_nclob -> org.hibernate.type.BasicTypeReference@499ee966
2026-08-26T21:51:03.239-04:00 DEBUG 20624 --- [veterinaria] [main] org.hibernate.type.BasicTypeRegistry     : Adding type registration materialized_nclob_character_array -> org.hibernate.type.BasicTypeReference@76f2dad9
2026-08-26T21:51:03.239-04:00 DEBUG 20624 --- [veterinaria] [main] org.hibernate.type.BasicTypeRegistry     : Adding type registration materialized_nclob_char_array -> org.hibernate.type.BasicTypeReference@171dc7c3
2026-08-26T21:51:03.239-04:00 DEBUG 20624 --- [veterinaria] [main] org.hibernate.type.BasicTypeRegistry     : Adding type registration Duration -> org.hibernate.type.BasicTypeReference@72b0a004
2026-08-26T21:51:03.239-04:00 DEBUG 20624 --- [veterinaria] [main] org.hibernate.type.BasicTypeRegistry     : Adding type registration java.time.Duration -> org.hibernate.type.BasicTypeReference@72b0a004
2026-08-26T21:51:03.239-04:00 DEBUG 20624 --- [veterinaria] [main] org.hibernate.type.BasicTypeRegistry     : Adding type registration LocalDateTime -> org.hibernate.type.BasicTypeReference@4cdba2ed
2026-08-26T21:51:03.240-04:00 DEBUG 20624 --- [veterinaria] [main] org.hibernate.type.BasicTypeRegistry     : Adding type registration java.time.LocalDateTime -> org.hibernate.type.BasicTypeReference@4cdba2ed
2026-08-26T21:51:03.240-04:00 DEBUG 20624 --- [veterinaria] [main] org.hibernate.type.BasicTypeRegistry     : Adding type registration LocalDate -> org.hibernate.type.BasicTypeReference@2c1f8dbd
2026-08-26T21:51:03.240-04:00 DEBUG 20624 --- [veterinaria] [main] org.hibernate.type.BasicTypeRegistry     : Adding type registration java.time.LocalDate -> org.hibernate.type.BasicTypeReference@2c1f8dbd
2026-08-26T21:51:03.240-04:00 DEBUG 20624 --- [veterinaria] [main] org.hibernate.type.BasicTypeRegistry     : Adding type registration LocalTime -> org.hibernate.type.BasicTypeReference@55c57422
2026-08-26T21:51:03.240-04:00 DEBUG 20624 --- [veterinaria] [main] org.hibernate.type.BasicTypeRegistry     : Adding type registration java.time.LocalTime -> org.hibernate.type.BasicTypeReference@55c57422
2026-08-26T21:51:03.240-04:00 DEBUG 20624 --- [veterinaria] [main] org.hibernate.type.BasicTypeRegistry     : Adding type registration OffsetDateTime -> org.hibernate.type.BasicTypeReference@22825e1e
2026-08-26T21:51:03.241-04:00 DEBUG 20624 --- [veterinaria] [main] org.hibernate.type.BasicTypeRegistry     : Adding type registration java.time.OffsetDateTime -> org.hibernate.type.BasicTypeReference@22825e1e
2026-08-26T21:51:03.241-04:00 DEBUG 20624 --- [veterinaria] [main] org.hibernate.type.BasicTypeRegistry     : Adding type registration OffsetDateTimeWithTimezone -> org.hibernate.type.BasicTypeReference@335f5c69
2026-08-26T21:51:03.242-04:00 DEBUG 20624 --- [veterinaria] [main] org.hibernate.type.BasicTypeRegistry     : Adding type registration OffsetDateTimeWithoutTimezone -> org.hibernate.type.BasicTypeReference@1d6751e3
2026-08-26T21:51:03.242-04:00 DEBUG 20624 --- [veterinaria] [main] org.hibernate.type.BasicTypeRegistry     : Adding type registration OffsetTime -> org.hibernate.type.BasicTypeReference@2d258eff
2026-08-26T21:51:03.242-04:00 DEBUG 20624 --- [veterinaria] [main] org.hibernate.type.BasicTypeRegistry     : Adding type registration java.time.OffsetTime -> org.hibernate.type.BasicTypeReference@2d258eff
2026-08-26T21:51:03.242-04:00 DEBUG 20624 --- [veterinaria] [main] org.hibernate.type.BasicTypeRegistry     : Adding type registration OffsetTimeUtc -> org.hibernate.type.BasicTypeReference@64502326
2026-08-26T21:51:03.242-04:00 DEBUG 20624 --- [veterinaria] [main] org.hibernate.type.BasicTypeRegistry     : Adding type registration OffsetTimeWithTimezone -> org.hibernate.type.BasicTypeReference@6dca31eb
2026-08-26T21:51:03.242-04:00 DEBUG 20624 --- [veterinaria] [main] org.hibernate.type.BasicTypeRegistry     : Adding type registration OffsetTimeWithoutTimezone -> org.hibernate.type.BasicTypeReference@4a058df8
2026-08-26T21:51:03.243-04:00 DEBUG 20624 --- [veterinaria] [main] org.hibernate.type.BasicTypeRegistry     : Adding type registration ZonedDateTime -> org.hibernate.type.BasicTypeReference@4b56b031
2026-08-26T21:51:03.243-04:00 DEBUG 20624 --- [veterinaria] [main] org.hibernate.type.BasicTypeRegistry     : Adding type registration java.time.ZonedDateTime -> org.hibernate.type.BasicTypeReference@4b56b031
2026-08-26T21:51:03.243-04:00 DEBUG 20624 --- [veterinaria] [main] org.hibernate.type.BasicTypeRegistry     : Adding type registration ZonedDateTimeWithTimezone -> org.hibernate.type.BasicTypeReference@2e7af36e
2026-08-26T21:51:03.243-04:00 DEBUG 20624 --- [veterinaria] [main] org.hibernate.type.BasicTypeRegistry     : Adding type registration ZonedDateTimeWithoutTimezone -> org.hibernate.type.BasicTypeReference@1283ca23
2026-08-26T21:51:03.243-04:00 DEBUG 20624 --- [veterinaria] [main] org.hibernate.type.BasicTypeRegistry     : Adding type registration date -> org.hibernate.type.BasicTypeReference@740fefc6
2026-08-26T21:51:03.244-04:00 DEBUG 20624 --- [veterinaria] [main] org.hibernate.type.BasicTypeRegistry     : Adding type registration java.sql.Date -> org.hibernate.type.BasicTypeReference@740fefc6
2026-08-26T21:51:03.244-04:00 DEBUG 20624 --- [veterinaria] [main] org.hibernate.type.BasicTypeRegistry     : Adding type registration time -> org.hibernate.type.BasicTypeReference@aa61e4e
2026-08-26T21:51:03.244-04:00 DEBUG 20624 --- [veterinaria] [main] org.hibernate.type.BasicTypeRegistry     : Adding type registration java.sql.Time -> org.hibernate.type.BasicTypeReference@aa61e4e
2026-08-26T21:51:03.244-04:00 DEBUG 20624 --- [veterinaria] [main] org.hibernate.type.BasicTypeRegistry     : Adding type registration timestamp -> org.hibernate.type.BasicTypeReference@733e6df7
2026-08-26T21:51:03.245-04:00 DEBUG 20624 --- [veterinaria] [main] org.hibernate.type.BasicTypeRegistry     : Adding type registration java.sql.Timestamp -> org.hibernate.type.BasicTypeReference@733e6df7
2026-08-26T21:51:03.245-04:00 DEBUG 20624 --- [veterinaria] [main] org.hibernate.type.BasicTypeRegistry     : Adding type registration java.util.Date -> org.hibernate.type.BasicTypeReference@733e6df7
2026-08-26T21:51:03.246-04:00 DEBUG 20624 --- [veterinaria] [main] org.hibernate.type.BasicTypeRegistry     : Adding type registration calendar -> org.hibernate.type.BasicTypeReference@7fe07361
2026-08-26T21:51:03.247-04:00 DEBUG 20624 --- [veterinaria] [main] org.hibernate.type.BasicTypeRegistry     : Adding type registration java.util.Calendar -> org.hibernate.type.BasicTypeReference@7fe07361
2026-08-26T21:51:03.247-04:00 DEBUG 20624 --- [veterinaria] [main] org.hibernate.type.BasicTypeRegistry     : Adding type registration java.util.GregorianCalendar -> org.hibernate.type.BasicTypeReference@7fe07361
2026-08-26T21:51:03.247-04:00 DEBUG 20624 --- [veterinaria] [main] org.hibernate.type.BasicTypeRegistry     : Adding type registration calendar_date -> org.hibernate.type.BasicTypeReference@741ac284
2026-08-26T21:51:03.247-04:00 DEBUG 20624 --- [veterinaria] [main] org.hibernate.type.BasicTypeRegistry     : Adding type registration calendar_time -> org.hibernate.type.BasicTypeReference@4ef4f627
2026-08-26T21:51:03.248-04:00 DEBUG 20624 --- [veterinaria] [main] org.hibernate.type.BasicTypeRegistry     : Adding type registration instant -> org.hibernate.type.BasicTypeReference@4ea56bdb
2026-08-26T21:51:03.248-04:00 DEBUG 20624 --- [veterinaria] [main] org.hibernate.type.BasicTypeRegistry     : Adding type registration java.time.Instant -> org.hibernate.type.BasicTypeReference@4ea56bdb
2026-08-26T21:51:03.248-04:00 DEBUG 20624 --- [veterinaria] [main] org.hibernate.type.BasicTypeRegistry     : Adding type registration uuid -> org.hibernate.type.BasicTypeReference@32227215
2026-08-26T21:51:03.248-04:00 DEBUG 20624 --- [veterinaria] [main] org.hibernate.type.BasicTypeRegistry     : Adding type registration java.util.UUID -> org.hibernate.type.BasicTypeReference@32227215
2026-08-26T21:51:03.248-04:00 DEBUG 20624 --- [veterinaria] [main] org.hibernate.type.BasicTypeRegistry     : Adding type registration pg-uuid -> org.hibernate.type.BasicTypeReference@32227215
2026-08-26T21:51:03.250-04:00 DEBUG 20624 --- [veterinaria] [main] org.hibernate.type.BasicTypeRegistry     : Adding type registration uuid-binary -> org.hibernate.type.BasicTypeReference@108e9837
2026-08-26T21:51:03.250-04:00 DEBUG 20624 --- [veterinaria] [main] org.hibernate.type.BasicTypeRegistry     : Adding type registration uuid-char -> org.hibernate.type.BasicTypeReference@79a201cf
2026-08-26T21:51:03.251-04:00 DEBUG 20624 --- [veterinaria] [main] org.hibernate.type.BasicTypeRegistry     : Adding type registration class -> org.hibernate.type.BasicTypeReference@1cbc5693
2026-08-26T21:51:03.251-04:00 DEBUG 20624 --- [veterinaria] [main] org.hibernate.type.BasicTypeRegistry     : Adding type registration java.lang.Class -> org.hibernate.type.BasicTypeReference@1cbc5693
2026-08-26T21:51:03.252-04:00 DEBUG 20624 --- [veterinaria] [main] org.hibernate.type.BasicTypeRegistry     : Adding type registration currency -> org.hibernate.type.BasicTypeReference@3d2f3dcb
2026-08-26T21:51:03.252-04:00 DEBUG 20624 --- [veterinaria] [main] org.hibernate.type.BasicTypeRegistry     : Adding type registration Currency -> org.hibernate.type.BasicTypeReference@3d2f3dcb
2026-08-26T21:51:03.252-04:00 DEBUG 20624 --- [veterinaria] [main] org.hibernate.type.BasicTypeRegistry     : Adding type registration java.util.Currency -> org.hibernate.type.BasicTypeReference@3d2f3dcb
2026-08-26T21:51:03.253-04:00 DEBUG 20624 --- [veterinaria] [main] org.hibernate.type.BasicTypeRegistry     : Adding type registration locale -> org.hibernate.type.BasicTypeReference@59845579
2026-08-26T21:51:03.253-04:00 DEBUG 20624 --- [veterinaria] [main] org.hibernate.type.BasicTypeRegistry     : Adding type registration java.util.Locale -> org.hibernate.type.BasicTypeReference@59845579
2026-08-26T21:51:03.253-04:00 DEBUG 20624 --- [veterinaria] [main] org.hibernate.type.BasicTypeRegistry     : Adding type registration serializable -> org.hibernate.type.BasicTypeReference@30c19bff
2026-08-26T21:51:03.253-04:00 DEBUG 20624 --- [veterinaria] [main] org.hibernate.type.BasicTypeRegistry     : Adding type registration java.io.Serializable -> org.hibernate.type.BasicTypeReference@30c19bff
2026-08-26T21:51:03.253-04:00 DEBUG 20624 --- [veterinaria] [main] org.hibernate.type.BasicTypeRegistry     : Adding type registration timezone -> org.hibernate.type.BasicTypeReference@4e375bba
2026-08-26T21:51:03.253-04:00 DEBUG 20624 --- [veterinaria] [main] org.hibernate.type.BasicTypeRegistry     : Adding type registration java.util.TimeZone -> org.hibernate.type.BasicTypeReference@4e375bba
2026-08-26T21:51:03.254-04:00 DEBUG 20624 --- [veterinaria] [main] org.hibernate.type.BasicTypeRegistry     : Adding type registration ZoneOffset -> org.hibernate.type.BasicTypeReference@ab2e6d2
2026-08-26T21:51:03.254-04:00 DEBUG 20624 --- [veterinaria] [main] org.hibernate.type.BasicTypeRegistry     : Adding type registration java.time.ZoneOffset -> org.hibernate.type.BasicTypeReference@ab2e6d2
2026-08-26T21:51:03.254-04:00 DEBUG 20624 --- [veterinaria] [main] org.hibernate.type.BasicTypeRegistry     : Adding type registration url -> org.hibernate.type.BasicTypeReference@71664560
2026-08-26T21:51:03.254-04:00 DEBUG 20624 --- [veterinaria] [main] org.hibernate.type.BasicTypeRegistry     : Adding type registration java.net.URL -> org.hibernate.type.BasicTypeReference@71664560
2026-08-26T21:51:03.254-04:00 DEBUG 20624 --- [veterinaria] [main] org.hibernate.type.BasicTypeRegistry     : Adding type registration vector -> org.hibernate.type.BasicTypeReference@4d4436d0
2026-08-26T21:51:03.255-04:00 DEBUG 20624 --- [veterinaria] [main] org.hibernate.type.BasicTypeRegistry     : Adding type registration row_version -> org.hibernate.type.BasicTypeReference@39da5e49
2026-08-26T21:51:03.264-04:00 DEBUG 20624 --- [veterinaria] [main] org.hibernate.type.BasicTypeRegistry     : Adding type registration object -> org.hibernate.type.JavaObjectType@54ffa561
2026-08-26T21:51:03.264-04:00 DEBUG 20624 --- [veterinaria] [main] org.hibernate.type.BasicTypeRegistry     : Adding type registration java.lang.Object -> org.hibernate.type.JavaObjectType@54ffa561
2026-08-26T21:51:03.266-04:00 DEBUG 20624 --- [veterinaria] [main] org.hibernate.type.BasicTypeRegistry     : Adding type registration null -> org.hibernate.type.NullType@415d88de
2026-08-26T21:51:03.267-04:00 DEBUG 20624 --- [veterinaria] [main] org.hibernate.type.BasicTypeRegistry     : Adding type registration imm_date -> org.hibernate.type.BasicTypeReference@a0bf272
2026-08-26T21:51:03.268-04:00 DEBUG 20624 --- [veterinaria] [main] org.hibernate.type.BasicTypeRegistry     : Adding type registration imm_time -> org.hibernate.type.BasicTypeReference@4a89ef44
2026-08-26T21:51:03.268-04:00 DEBUG 20624 --- [veterinaria] [main] org.hibernate.type.BasicTypeRegistry     : Adding type registration imm_timestamp -> org.hibernate.type.BasicTypeReference@310a7859
2026-08-26T21:51:03.268-04:00 DEBUG 20624 --- [veterinaria] [main] org.hibernate.type.BasicTypeRegistry     : Adding type registration imm_calendar -> org.hibernate.type.BasicTypeReference@1cbc1dde
2026-08-26T21:51:03.268-04:00 DEBUG 20624 --- [veterinaria] [main] org.hibernate.type.BasicTypeRegistry     : Adding type registration imm_calendar_date -> org.hibernate.type.BasicTypeReference@4971f459
2026-08-26T21:51:03.268-04:00 DEBUG 20624 --- [veterinaria] [main] org.hibernate.type.BasicTypeRegistry     : Adding type registration imm_calendar_time -> org.hibernate.type.BasicTypeReference@4c07d1fc
2026-08-26T21:51:03.268-04:00 DEBUG 20624 --- [veterinaria] [main] org.hibernate.type.BasicTypeRegistry     : Adding type registration imm_binary -> org.hibernate.type.BasicTypeReference@2eada095
2026-08-26T21:51:03.268-04:00 DEBUG 20624 --- [veterinaria] [main] org.hibernate.type.BasicTypeRegistry     : Adding type registration imm_serializable -> org.hibernate.type.BasicTypeReference@52831a73
2026-08-26T21:51:03.272-04:00 TRACE 20624 --- [veterinaria] [main] o.h.q.sqm.function.SqmFunctionRegistry   : SqmFunctionRegistry created
2026-08-26T21:51:03.274-04:00 TRACE 20624 --- [veterinaria] [main] o.h.s.i.AbstractServiceRegistryImpl      : Initializing service [role=org.hibernate.boot.cfgxml.spi.CfgXmlAccessService]
2026-08-26T21:51:03.278-04:00 DEBUG 20624 --- [veterinaria] [main] o.h.boot.internal.BootstrapContextImpl   : Injecting JPA temp ClassLoader [org.springframework.instrument.classloading.SimpleThrowawayClassLoader@1e1237ab] into BootstrapContext; was [null]
2026-08-26T21:51:03.279-04:00 DEBUG 20624 --- [veterinaria] [main] o.h.boot.internal.ClassLoaderAccessImpl  : ClassLoaderAccessImpl#injectTempClassLoader(org.springframework.instrument.classloading.SimpleThrowawayClassLoader@1e1237ab) [was null]
2026-08-26T21:51:03.279-04:00 DEBUG 20624 --- [veterinaria] [main] o.h.boot.internal.BootstrapContextImpl   : Injecting ScanEnvironment [org.hibernate.jpa.boot.internal.StandardJpaScanEnvironmentImpl@226de93c] into BootstrapContext; was [null]
2026-08-26T21:51:03.280-04:00 DEBUG 20624 --- [veterinaria] [main] o.h.boot.internal.BootstrapContextImpl   : Injecting ScanOptions [org.hibernate.boot.archive.scan.internal.StandardScanOptions@72028a45] into BootstrapContext; was [org.hibernate.boot.archive.scan.internal.StandardScanOptions@74667e6a]
2026-08-26T21:51:03.526-04:00  INFO 20624 --- [veterinaria] [main] o.s.o.j.p.SpringPersistenceUnitInfo      : No LoadTimeWeaver setup: ignoring JPA class transformer
2026-08-26T21:51:03.527-04:00 DEBUG 20624 --- [veterinaria] [main] o.h.boot.internal.BootstrapContextImpl   : Injecting JPA temp ClassLoader [null] into BootstrapContext; was [org.springframework.instrument.classloading.SimpleThrowawayClassLoader@1e1237ab]
2026-08-26T21:51:03.527-04:00 DEBUG 20624 --- [veterinaria] [main] o.h.boot.internal.ClassLoaderAccessImpl  : ClassLoaderAccessImpl#injectTempClassLoader(null) [was org.springframework.instrument.classloading.SimpleThrowawayClassLoader@1e1237ab]
2026-08-26T21:51:03.542-04:00 TRACE 20624 --- [veterinaria] [main] o.h.s.i.AbstractServiceRegistryImpl      : Initializing service [role=org.hibernate.engine.jdbc.env.spi.JdbcEnvironment]
2026-08-26T21:51:03.543-04:00 TRACE 20624 --- [veterinaria] [main] o.h.s.i.AbstractServiceRegistryImpl      : Initializing service [role=org.hibernate.engine.jdbc.dialect.spi.DialectFactory]
2026-08-26T21:51:03.544-04:00 TRACE 20624 --- [veterinaria] [main] o.h.s.i.AbstractServiceRegistryImpl      : Initializing service [role=org.hibernate.engine.jdbc.dialect.spi.DialectResolver]
2026-08-26T21:51:03.549-04:00 TRACE 20624 --- [veterinaria] [main] o.h.s.i.AbstractServiceRegistryImpl      : Initializing service [role=org.hibernate.engine.jdbc.connections.spi.MultiTenantConnectionProvider]
2026-08-26T21:51:03.549-04:00 TRACE 20624 --- [veterinaria] [main] o.h.s.i.AbstractServiceRegistryImpl      : Initializing service [role=org.hibernate.engine.jdbc.connections.spi.ConnectionProvider]
2026-08-26T21:51:03.550-04:00 TRACE 20624 --- [veterinaria] [main] o.h.s.i.AbstractServiceRegistryImpl      : Initializing service [role=org.hibernate.engine.jdbc.connections.spi.MultiTenantConnectionProvider]
2026-08-26T21:51:03.552-04:00 TRACE 20624 --- [veterinaria] [main] o.h.s.i.AbstractServiceRegistryImpl      : Initializing service [role=org.hibernate.engine.jndi.spi.JndiService]
2026-08-26T21:51:03.561-04:00 TRACE 20624 --- [veterinaria] [main] o.h.s.i.AbstractServiceRegistryImpl      : Initializing service [role=org.hibernate.resource.transaction.spi.TransactionCoordinatorBuilder]
2026-08-26T21:51:03.581-04:00 DEBUG 20624 --- [veterinaria] [main] com.zaxxer.hikari.HikariConfig           : HikariPool-1 - configuration:
2026-08-26T21:51:03.589-04:00 DEBUG 20624 --- [veterinaria] [main] com.zaxxer.hikari.HikariConfig           : allowPoolSuspension.............false
2026-08-26T21:51:03.589-04:00 DEBUG 20624 --- [veterinaria] [main] com.zaxxer.hikari.HikariConfig           : autoCommit......................true
2026-08-26T21:51:03.590-04:00 DEBUG 20624 --- [veterinaria] [main] com.zaxxer.hikari.HikariConfig           : catalog.........................none
2026-08-26T21:51:03.593-04:00 DEBUG 20624 --- [veterinaria] [main] com.zaxxer.hikari.HikariConfig           : connectionInitSql...............none
2026-08-26T21:51:03.593-04:00 DEBUG 20624 --- [veterinaria] [main] com.zaxxer.hikari.HikariConfig           : connectionTestQuery.............none
2026-08-26T21:51:03.595-04:00 DEBUG 20624 --- [veterinaria] [main] com.zaxxer.hikari.HikariConfig           : connectionTimeout...............30000
2026-08-26T21:51:03.596-04:00 DEBUG 20624 --- [veterinaria] [main] com.zaxxer.hikari.HikariConfig           : dataSource......................none
2026-08-26T21:51:03.597-04:00 DEBUG 20624 --- [veterinaria] [main] com.zaxxer.hikari.HikariConfig           : dataSourceClassName.............none
2026-08-26T21:51:03.598-04:00 DEBUG 20624 --- [veterinaria] [main] com.zaxxer.hikari.HikariConfig           : dataSourceJNDI..................none
2026-08-26T21:51:03.599-04:00 DEBUG 20624 --- [veterinaria] [main] com.zaxxer.hikari.HikariConfig           : dataSourceProperties............{password=<masked>}
2026-08-26T21:51:03.600-04:00 DEBUG 20624 --- [veterinaria] [main] com.zaxxer.hikari.HikariConfig           : driverClassName................."com.mysql.cj.jdbc.Driver"
2026-08-26T21:51:03.602-04:00 DEBUG 20624 --- [veterinaria] [main] com.zaxxer.hikari.HikariConfig           : exceptionOverrideClassName......none
2026-08-26T21:51:03.602-04:00 DEBUG 20624 --- [veterinaria] [main] com.zaxxer.hikari.HikariConfig           : healthCheckProperties...........{}
2026-08-26T21:51:03.603-04:00 DEBUG 20624 --- [veterinaria] [main] com.zaxxer.hikari.HikariConfig           : healthCheckRegistry.............none
2026-08-26T21:51:03.604-04:00 DEBUG 20624 --- [veterinaria] [main] com.zaxxer.hikari.HikariConfig           : idleTimeout.....................600000
2026-08-26T21:51:03.604-04:00 DEBUG 20624 --- [veterinaria] [main] com.zaxxer.hikari.HikariConfig           : initializationFailTimeout.......1
2026-08-26T21:51:03.605-04:00 DEBUG 20624 --- [veterinaria] [main] com.zaxxer.hikari.HikariConfig           : isolateInternalQueries..........false
2026-08-26T21:51:03.606-04:00 DEBUG 20624 --- [veterinaria] [main] com.zaxxer.hikari.HikariConfig           : jdbcUrl.........................jdbc:mysql://localhost:3307/mydatabase
2026-08-26T21:51:03.606-04:00 DEBUG 20624 --- [veterinaria] [main] com.zaxxer.hikari.HikariConfig           : keepaliveTime...................0
2026-08-26T21:51:03.608-04:00 DEBUG 20624 --- [veterinaria] [main] com.zaxxer.hikari.HikariConfig           : leakDetectionThreshold..........0
2026-08-26T21:51:03.609-04:00 DEBUG 20624 --- [veterinaria] [main] com.zaxxer.hikari.HikariConfig           : maxLifetime.....................1800000
2026-08-26T21:51:03.609-04:00 DEBUG 20624 --- [veterinaria] [main] com.zaxxer.hikari.HikariConfig           : maximumPoolSize.................10
2026-08-26T21:51:03.610-04:00 DEBUG 20624 --- [veterinaria] [main] com.zaxxer.hikari.HikariConfig           : metricRegistry..................none
2026-08-26T21:51:03.610-04:00 DEBUG 20624 --- [veterinaria] [main] com.zaxxer.hikari.HikariConfig           : metricsTrackerFactory...........none
2026-08-26T21:51:03.611-04:00 DEBUG 20624 --- [veterinaria] [main] com.zaxxer.hikari.HikariConfig           : minimumIdle.....................10
2026-08-26T21:51:03.612-04:00 DEBUG 20624 --- [veterinaria] [main] com.zaxxer.hikari.HikariConfig           : password........................<masked>
2026-08-26T21:51:03.613-04:00 DEBUG 20624 --- [veterinaria] [main] com.zaxxer.hikari.HikariConfig           : poolName........................"HikariPool-1"
2026-08-26T21:51:03.614-04:00 DEBUG 20624 --- [veterinaria] [main] com.zaxxer.hikari.HikariConfig           : readOnly........................false
2026-08-26T21:51:03.615-04:00 DEBUG 20624 --- [veterinaria] [main] com.zaxxer.hikari.HikariConfig           : registerMbeans..................false
2026-08-26T21:51:03.618-04:00 DEBUG 20624 --- [veterinaria] [main] com.zaxxer.hikari.HikariConfig           : scheduledExecutor...............none
2026-08-26T21:51:03.618-04:00 DEBUG 20624 --- [veterinaria] [main] com.zaxxer.hikari.HikariConfig           : schema..........................none
2026-08-26T21:51:03.619-04:00 DEBUG 20624 --- [veterinaria] [main] com.zaxxer.hikari.HikariConfig           : threadFactory...................internal
2026-08-26T21:51:03.619-04:00 DEBUG 20624 --- [veterinaria] [main] com.zaxxer.hikari.HikariConfig           : transactionIsolation............default
2026-08-26T21:51:03.619-04:00 DEBUG 20624 --- [veterinaria] [main] com.zaxxer.hikari.HikariConfig           : username........................"myuser"
2026-08-26T21:51:03.620-04:00 DEBUG 20624 --- [veterinaria] [main] com.zaxxer.hikari.HikariConfig           : validationTimeout...............5000
2026-08-26T21:51:03.620-04:00  INFO 20624 --- [veterinaria] [main] com.zaxxer.hikari.HikariDataSource       : HikariPool-1 - Starting...
2026-08-26T21:51:04.286-04:00  INFO 20624 --- [veterinaria] [main] com.zaxxer.hikari.pool.HikariPool        : HikariPool-1 - Added connection com.mysql.cj.jdbc.ConnectionImpl@5e3d2765
2026-08-26T21:51:04.290-04:00  INFO 20624 --- [veterinaria] [main] com.zaxxer.hikari.HikariDataSource       : HikariPool-1 - Start completed.
2026-08-26T21:51:04.301-04:00 DEBUG 20624 --- [veterinaria] [main] o.h.e.j.e.i.JdbcEnvironmentInitiator     : Database ->
       name : MySQL
    version : 8.0.32
      major : 8
      minor : 0
2026-08-26T21:51:04.301-04:00 DEBUG 20624 --- [veterinaria] [main] o.h.e.j.e.i.JdbcEnvironmentInitiator     : Driver ->
       name : MySQL Connector/J
    version : mysql-connector-j-8.3.0 (Revision: 805f872a57875f311cb82487efcfb070411a3fa0)
      major : 8
      minor : 3
2026-08-26T21:51:04.302-04:00 DEBUG 20624 --- [veterinaria] [main] o.h.e.j.e.i.JdbcEnvironmentInitiator     : JDBC version : 4.2
2026-08-26T21:51:04.396-04:00 DEBUG 20624 --- [veterinaria] [HikariPool-1 housekeeper] com.zaxxer.hikari.pool.HikariPool        : HikariPool-1 - Pool stats (total=1, active=1, idle=0, waiting=0)
2026-08-26T21:51:04.421-04:00 DEBUG 20624 --- [veterinaria] [main] org.hibernate.orm.dialect                : HHH035001: Using dialect: org.hibernate.dialect.MySQLDialect, version: 8.0.32
2026-08-26T21:51:04.429-04:00 DEBUG 20624 --- [veterinaria] [HikariPool-1 connection adder] com.zaxxer.hikari.pool.HikariPool        : HikariPool-1 - Added connection com.mysql.cj.jdbc.ConnectionImpl@46054677
2026-08-26T21:51:04.436-04:00 DEBUG 20624 --- [veterinaria] [main] o.h.e.j.env.spi.IdentifierHelperBuilder  : JDBC driver metadata reported database stores quoted identifiers in more than one case
2026-08-26T21:51:04.437-04:00 DEBUG 20624 --- [veterinaria] [main] o.h.e.j.env.spi.IdentifierHelperBuilder  : IdentifierCaseStrategy for both quoted and unquoted identifiers was set to the same strategy [MIXED]; that will likely lead to problems in schema update and validation if using quoted identifiers
2026-08-26T21:51:04.445-04:00 TRACE 20624 --- [veterinaria] [main] .e.j.e.i.NormalizingIdentifierHelperImpl : Normalizing identifier quoting [mydatabase]
2026-08-26T21:51:04.446-04:00 TRACE 20624 --- [veterinaria] [main] .e.j.e.i.NormalizingIdentifierHelperImpl : Normalizing identifier quoting [null]
2026-08-26T21:51:04.468-04:00 TRACE 20624 --- [veterinaria] [main] o.h.s.i.AbstractServiceRegistryImpl      : Initializing service [role=org.hibernate.engine.jdbc.spi.JdbcServices]
2026-08-26T21:51:04.468-04:00 TRACE 20624 --- [veterinaria] [main] o.h.s.i.AbstractServiceRegistryImpl      : Initializing service [role=org.hibernate.engine.jdbc.spi.SqlStatementLogger]
2026-08-26T21:51:04.470-04:00 TRACE 20624 --- [veterinaria] [main] o.h.s.i.AbstractServiceRegistryImpl      : Initializing service [role=org.hibernate.sql.ast.spi.ParameterMarkerStrategy]
2026-08-26T21:51:04.473-04:00 DEBUG 20624 --- [veterinaria] [HikariPool-1 connection adder] com.zaxxer.hikari.pool.HikariPool        : HikariPool-1 - Added connection com.mysql.cj.jdbc.ConnectionImpl@7384c4c
2026-08-26T21:51:04.480-04:00 DEBUG 20624 --- [veterinaria] [main] o.h.t.d.sql.spi.DdlTypeRegistry          : addDescriptor(12, org.hibernate.type.descriptor.sql.internal.CapacityDependentDdlType@12214f2f) replaced previous registration(org.hibernate.type.descriptor.sql.internal.CapacityDependentDdlType@756c67cd)
2026-08-26T21:51:04.481-04:00 DEBUG 20624 --- [veterinaria] [main] o.h.t.d.sql.spi.DdlTypeRegistry          : addDescriptor(-9, org.hibernate.type.descriptor.sql.internal.CapacityDependentDdlType@50de907a) replaced previous registration(org.hibernate.type.descriptor.sql.internal.CapacityDependentDdlType@1fd37440)
2026-08-26T21:51:04.481-04:00 DEBUG 20624 --- [veterinaria] [main] o.h.t.d.sql.spi.DdlTypeRegistry          : addDescriptor(-3, org.hibernate.type.descriptor.sql.internal.CapacityDependentDdlType@79308a2) replaced previous registration(org.hibernate.type.descriptor.sql.internal.CapacityDependentDdlType@11574592)
2026-08-26T21:51:04.481-04:00 DEBUG 20624 --- [veterinaria] [main] o.h.t.d.sql.spi.DdlTypeRegistry          : addDescriptor(4003, org.hibernate.type.descriptor.sql.internal.DdlTypeImpl@352e5a82) replaced previous registration(org.hibernate.type.descriptor.sql.internal.DdlTypeImpl@315b5913)
2026-08-26T21:51:04.481-04:00 DEBUG 20624 --- [veterinaria] [main] o.h.t.d.sql.spi.DdlTypeRegistry          : addDescriptor(4001, org.hibernate.type.descriptor.sql.internal.DdlTypeImpl@2e929182) replaced previous registration(org.hibernate.type.descriptor.sql.internal.DdlTypeImpl@5423a17)
2026-08-26T21:51:04.482-04:00 DEBUG 20624 --- [veterinaria] [main] o.h.t.d.sql.spi.DdlTypeRegistry          : addDescriptor(4002, org.hibernate.type.descriptor.sql.internal.DdlTypeImpl@42ff9a77) replaced previous registration(org.hibernate.type.descriptor.sql.internal.DdlTypeImpl@2987d0fa)
2026-08-26T21:51:04.482-04:00 DEBUG 20624 --- [veterinaria] [main] o.h.t.d.sql.spi.DdlTypeRegistry          : addDescriptor(2004, org.hibernate.type.descriptor.sql.internal.CapacityDependentDdlType@13234ac9) replaced previous registration(org.hibernate.type.descriptor.sql.internal.DdlTypeImpl@7254838)
2026-08-26T21:51:04.482-04:00 DEBUG 20624 --- [veterinaria] [main] o.h.t.d.sql.spi.DdlTypeRegistry          : addDescriptor(2005, org.hibernate.type.descriptor.sql.internal.CapacityDependentDdlType@39374689) replaced previous registration(org.hibernate.type.descriptor.sql.internal.DdlTypeImpl@2e204155)
2026-08-26T21:51:04.483-04:00 DEBUG 20624 --- [veterinaria] [main] o.h.t.d.sql.spi.DdlTypeRegistry          : addDescriptor(2011, org.hibernate.type.descriptor.sql.internal.CapacityDependentDdlType@27dc335a) replaced previous registration(org.hibernate.type.descriptor.sql.internal.DdlTypeImpl@a95cb11)
2026-08-26T21:51:04.485-04:00 DEBUG 20624 --- [veterinaria] [main] o.h.t.d.jdbc.spi.JdbcTypeRegistry        : addDescriptor(NCharTypeDescriptor) replaced previous registration(CharTypeDescriptor)
2026-08-26T21:51:04.485-04:00 DEBUG 20624 --- [veterinaria] [main] o.h.t.d.jdbc.spi.JdbcTypeRegistry        : addDescriptor(NVarcharTypeDescriptor) replaced previous registration(VarcharTypeDescriptor)
2026-08-26T21:51:04.487-04:00 DEBUG 20624 --- [veterinaria] [main] o.h.t.d.jdbc.spi.JdbcTypeRegistry        : addDescriptor(LongNVarcharTypeDescriptor) replaced previous registration(LongVarcharTypeDescriptor)
2026-08-26T21:51:04.495-04:00 DEBUG 20624 --- [veterinaria] [main] o.h.t.d.jdbc.spi.JdbcTypeRegistry        : addDescriptor(NClobTypeDescriptor(DEFAULT)) replaced previous registration(ClobTypeDescriptor(DEFAULT))
2026-08-26T21:51:04.495-04:00 DEBUG 20624 --- [veterinaria] [main] o.h.t.d.jdbc.spi.JdbcTypeRegistry        : addDescriptor(2005, ClobTypeDescriptor(STREAM_BINDING)) replaced previous registration(ClobTypeDescriptor(DEFAULT))
2026-08-26T21:51:04.506-04:00 DEBUG 20624 --- [veterinaria] [main] org.hibernate.type.BasicTypeRegistry     : Adding type registration null -> org.hibernate.type.NullType@46e388ec
2026-08-26T21:51:04.510-04:00 DEBUG 20624 --- [veterinaria] [main] org.hibernate.type.BasicTypeRegistry     : Type registration key [null] overrode previous entry : `org.hibernate.type.NullType@415d88de`
2026-08-26T21:51:04.524-04:00 DEBUG 20624 --- [veterinaria] [main] org.hibernate.type.BasicTypeRegistry     : Adding type registration org.hibernate.type.DurationType -> basicType@1(java.time.Duration,3015)
2026-08-26T21:51:04.528-04:00 DEBUG 20624 --- [veterinaria] [main] org.hibernate.type.BasicTypeRegistry     : Adding type registration Duration -> basicType@1(java.time.Duration,3015)
2026-08-26T21:51:04.529-04:00 DEBUG 20624 --- [veterinaria] [main] org.hibernate.type.BasicTypeRegistry     : Adding type registration java.time.Duration -> basicType@1(java.time.Duration,3015)
2026-08-26T21:51:04.543-04:00 DEBUG 20624 --- [veterinaria] [main] org.hibernate.type.BasicTypeRegistry     : Adding type registration org.hibernate.type.OffsetDateTimeType -> basicType@2(java.time.OffsetDateTime,3003)
2026-08-26T21:51:04.544-04:00 DEBUG 20624 --- [veterinaria] [main] org.hibernate.type.BasicTypeRegistry     : Adding type registration OffsetDateTime -> basicType@2(java.time.OffsetDateTime,3003)
2026-08-26T21:51:04.545-04:00 DEBUG 20624 --- [veterinaria] [main] org.hibernate.type.BasicTypeRegistry     : Adding type registration java.time.OffsetDateTime -> basicType@2(java.time.OffsetDateTime,3003)
2026-08-26T21:51:04.545-04:00 DEBUG 20624 --- [veterinaria] [main] org.hibernate.type.BasicTypeRegistry     : Adding type registration org.hibernate.type.ZonedDateTimeType -> basicType@3(java.time.ZonedDateTime,3003)
2026-08-26T21:51:04.546-04:00 DEBUG 20624 --- [veterinaria] [main] org.hibernate.type.BasicTypeRegistry     : Adding type registration ZonedDateTime -> basicType@3(java.time.ZonedDateTime,3003)
2026-08-26T21:51:04.546-04:00 DEBUG 20624 --- [veterinaria] [main] org.hibernate.type.BasicTypeRegistry     : Adding type registration java.time.ZonedDateTime -> basicType@3(java.time.ZonedDateTime,3003)
2026-08-26T21:51:04.547-04:00 DEBUG 20624 --- [veterinaria] [HikariPool-1 connection adder] com.zaxxer.hikari.pool.HikariPool        : HikariPool-1 - Added connection com.mysql.cj.jdbc.ConnectionImpl@36f58c31
2026-08-26T21:51:04.548-04:00 DEBUG 20624 --- [veterinaria] [main] org.hibernate.type.BasicTypeRegistry     : Adding type registration org.hibernate.type.OffsetTimeType -> basicType@4(java.time.OffsetTime,3007)
2026-08-26T21:51:04.548-04:00 DEBUG 20624 --- [veterinaria] [main] org.hibernate.type.BasicTypeRegistry     : Adding type registration OffsetTime -> basicType@4(java.time.OffsetTime,3007)
2026-08-26T21:51:04.548-04:00 DEBUG 20624 --- [veterinaria] [main] org.hibernate.type.BasicTypeRegistry     : Adding type registration java.time.OffsetTime -> basicType@4(java.time.OffsetTime,3007)
2026-08-26T21:51:04.553-04:00 DEBUG 20624 --- [veterinaria] [main] o.h.type.spi.TypeConfiguration$Scope     : Scoping TypeConfiguration [org.hibernate.type.spi.TypeConfiguration@1d7f2f0a] to MetadataBuildingContext [org.hibernate.boot.internal.MetadataBuildingContextRootImpl@54defd69]
2026-08-26T21:51:04.609-04:00 DEBUG 20624 --- [veterinaria] [HikariPool-1 connection adder] com.zaxxer.hikari.pool.HikariPool        : HikariPool-1 - Added connection com.mysql.cj.jdbc.ConnectionImpl@6717b303
2026-08-26T21:51:04.645-04:00 DEBUG 20624 --- [veterinaria] [main] o.h.boot.model.relational.Namespace      : Created database namespace [logicalName=Name{catalog=null, schema=null}, physicalName=Name{catalog=null, schema=null}]
2026-08-26T21:51:04.662-04:00 DEBUG 20624 --- [veterinaria] [HikariPool-1 connection adder] com.zaxxer.hikari.pool.HikariPool        : HikariPool-1 - Added connection com.mysql.cj.jdbc.ConnectionImpl@6359a8a5
2026-08-26T21:51:04.674-04:00 TRACE 20624 --- [veterinaria] [main] o.h.s.i.AbstractServiceRegistryImpl      : Initializing service [role=org.hibernate.boot.spi.SessionFactoryBuilderService]
2026-08-26T21:51:04.698-04:00 TRACE 20624 --- [veterinaria] [main] o.h.s.i.AbstractServiceRegistryImpl      : Initializing service [role=org.hibernate.engine.jdbc.connections.spi.MultiTenantConnectionProvider]
2026-08-26T21:51:04.704-04:00 TRACE 20624 --- [veterinaria] [main] org.hibernate.loader.BatchFetchStyle     : Interpreting BatchFetchStyle from setting : null
2026-08-26T21:51:04.714-04:00 TRACE 20624 --- [veterinaria] [main] o.h.s.i.AbstractServiceRegistryImpl      : Initializing service [role=org.hibernate.bytecode.spi.BytecodeProvider]
2026-08-26T21:51:04.731-04:00 DEBUG 20624 --- [veterinaria] [HikariPool-1 connection adder] com.zaxxer.hikari.pool.HikariPool        : HikariPool-1 - Added connection com.mysql.cj.jdbc.ConnectionImpl@dffbf17
2026-08-26T21:51:04.795-04:00 DEBUG 20624 --- [veterinaria] [main] o.hibernate.internal.SessionFactoryImpl  : Building session factory
2026-08-26T21:51:04.797-04:00 TRACE 20624 --- [veterinaria] [main] o.h.s.i.AbstractServiceRegistryImpl      : Initializing service [role=org.hibernate.service.spi.SessionFactoryServiceRegistryFactory]
2026-08-26T21:51:04.810-04:00 DEBUG 20624 --- [veterinaria] [HikariPool-1 connection adder] com.zaxxer.hikari.pool.HikariPool        : HikariPool-1 - Added connection com.mysql.cj.jdbc.ConnectionImpl@7ec59654
2026-08-26T21:51:04.862-04:00 DEBUG 20624 --- [veterinaria] [HikariPool-1 connection adder] com.zaxxer.hikari.pool.HikariPool        : HikariPool-1 - Added connection com.mysql.cj.jdbc.ConnectionImpl@899cc8
2026-08-26T21:51:04.900-04:00 DEBUG 20624 --- [veterinaria] [main] .h.s.i.SessionFactoryServiceRegistryImpl : EventListenerRegistry access via ServiceRegistry is deprecated.  Use `sessionFactory.getEventEngine().getListenerRegistry()` instead
2026-08-26T21:51:04.901-04:00 DEBUG 20624 --- [veterinaria] [main] o.hibernate.internal.SessionFactoryImpl  : Instantiating SessionFactory with settings: {java.specification.version=20, sun.cpu.isalist=amd64, hibernate.resource.beans.container=org.springframework.orm.hibernate5.SpringBeanContainer@22cd8ec2, hibernate.connection.handling_mode=DELAYED_ACQUISITION_AND_HOLD, sun.jnu.encoding=Cp1252, hibernate.implicit_naming_strategy=org.springframework.boot.orm.jpa.hibernate.SpringImplicitNamingStrategy, java.class.path=C:\Users\rodri\OneDrive\Escritorio\Uni\Bimestre VI\Seguridad y calidad en el desarrollo\Semana 2\veterinaria-s2\veterinaria\target\classes;C:\Users\rodri\.m2\repository\org\springframework\boot\spring-boot-starter-web\3.2.5\spring-boot-starter-web-3.2.5.jar;C:\Users\rodri\.m2\repository\org\springframework\boot\spring-boot-starter\3.2.5\spring-boot-starter-3.2.5.jar;C:\Users\rodri\.m2\repository\org\springframework\boot\spring-boot\3.2.5\spring-boot-3.2.5.jar;C:\Users\rodri\.m2\repository\org\springframework\boot\spring-boot-autoconfigure\3.2.5\spring-boot-autoconfigure-3.2.5.jar;C:\Users\rodri\.m2\repository\org\springframework\boot\spring-boot-starter-logging\3.2.5\spring-boot-starter-logging-3.2.5.jar;C:\Users\rodri\.m2\repository\ch\qos\logback\logback-classic\1.4.14\logback-classic-1.4.14.jar;C:\Users\rodri\.m2\repository\ch\qos\logback\logback-core\1.4.14\logback-core-1.4.14.jar;C:\Users\rodri\.m2\repository\org\apache\logging\log4j\log4j-to-slf4j\2.21.1\log4j-to-slf4j-2.21.1.jar;C:\Users\rodri\.m2\repository\org\apache\logging\log4j\log4j-api\2.21.1\log4j-api-2.21.1.jar;C:\Users\rodri\.m2\repository\org\slf4j\jul-to-slf4j\2.0.13\jul-to-slf4j-2.0.13.jar;C:\Users\rodri\.m2\repository\jakarta\annotation\jakarta.annotation-api\2.1.1\jakarta.annotation-api-2.1.1.jar;C:\Users\rodri\.m2\repository\org\yaml\snakeyaml\2.2\snakeyaml-2.2.jar;C:\Users\rodri\.m2\repository\org\springframework\boot\spring-boot-starter-json\3.2.5\spring-boot-starter-json-3.2.5.jar;C:\Users\rodri\.m2\repository\com\fasterxml\jackson\datatype\jackson-datatype-jdk8\2.15.4\jackson-datatype-jdk8-2.15.4.jar;C:\Users\rodri\.m2\repository\com\fasterxml\jackson\datatype\jackson-datatype-jsr310\2.15.4\jackson-datatype-jsr310-2.15.4.jar;C:\Users\rodri\.m2\repository\com\fasterxml\jackson\module\jackson-module-parameter-names\2.15.4\jackson-module-parameter-names-2.15.4.jar;C:\Users\rodri\.m2\repository\org\springframework\boot\spring-boot-starter-tomcat\3.2.5\spring-boot-starter-tomcat-3.2.5.jar;C:\Users\rodri\.m2\repository\org\apache\tomcat\embed\tomcat-embed-core\10.1.20\tomcat-embed-core-10.1.20.jar;C:\Users\rodri\.m2\repository\org\apache\tomcat\embed\tomcat-embed-el\10.1.20\tomcat-embed-el-10.1.20.jar;C:\Users\rodri\.m2\repository\org\apache\tomcat\embed\tomcat-embed-websocket\10.1.20\tomcat-embed-websocket-10.1.20.jar;C:\Users\rodri\.m2\repository\org\springframework\spring-web\6.1.6\spring-web-6.1.6.jar;C:\Users\rodri\.m2\repository\org\springframework\spring-beans\6.1.6\spring-beans-6.1.6.jar;C:\Users\rodri\.m2\repository\io\micrometer\micrometer-observation\1.12.5\micrometer-observation-1.12.5.jar;C:\Users\rodri\.m2\repository\io\micrometer\micrometer-commons\1.12.5\micrometer-commons-1.12.5.jar;C:\Users\rodri\.m2\repository\org\springframework\spring-webmvc\6.1.6\spring-webmvc-6.1.6.jar;C:\Users\rodri\.m2\repository\org\springframework\spring-context\6.1.6\spring-context-6.1.6.jar;C:\Users\rodri\.m2\repository\org\springframework\spring-expression\6.1.6\spring-expression-6.1.6.jar;C:\Users\rodri\.m2\repository\org\springframework\boot\spring-boot-starter-security\3.2.5\spring-boot-starter-security-3.2.5.jar;C:\Users\rodri\.m2\repository\org\springframework\spring-aop\6.1.6\spring-aop-6.1.6.jar;C:\Users\rodri\.m2\repository\org\springframework\security\spring-security-config\6.2.4\spring-security-config-6.2.4.jar;C:\Users\rodri\.m2\repository\org\springframework\security\spring-security-web\6.2.4\spring-security-web-6.2.4.jar;C:\Users\rodri\.m2\repository\org\springframework\boot\spring-boot-starter-data-jpa\3.2.5\spring-boot-starter-data-jpa-3.2.5.jar;C:\Users\rodri\.m2\repository\org\springframework\boot\spring-boot-starter-aop\3.2.5\spring-boot-starter-aop-3.2.5.jar;C:\Users\rodri\.m2\repository\org\aspectj\aspectjweaver\1.9.22\aspectjweaver-1.9.22.jar;C:\Users\rodri\.m2\repository\org\springframework\boot\spring-boot-starter-jdbc\3.2.5\spring-boot-starter-jdbc-3.2.5.jar;C:\Users\rodri\.m2\repository\com\zaxxer\HikariCP\5.0.1\HikariCP-5.0.1.jar;C:\Users\rodri\.m2\repository\org\springframework\spring-jdbc\6.1.6\spring-jdbc-6.1.6.jar;C:\Users\rodri\.m2\repository\org\hibernate\orm\hibernate-core\6.4.4.Final\hibernate-core-6.4.4.Final.jar;C:\Users\rodri\.m2\repository\jakarta\persistence\jakarta.persistence-api\3.1.0\jakarta.persistence-api-3.1.0.jar;C:\Users\rodri\.m2\repository\jakarta\transaction\jakarta.transaction-api\2.0.1\jakarta.transaction-api-2.0.1.jar;C:\Users\rodri\.m2\repository\org\jboss\logging\jboss-logging\3.5.3.Final\jboss-logging-3.5.3.Final.jar;C:\Users\rodri\.m2\repository\org\hibernate\common\hibernate-commons-annotations\6.0.6.Final\hibernate-commons-annotations-6.0.6.Final.jar;C:\Users\rodri\.m2\repository\io\smallrye\jandex\3.1.2\jandex-3.1.2.jar;C:\Users\rodri\.m2\repository\com\fasterxml\classmate\1.6.0\classmate-1.6.0.jar;C:\Users\rodri\.m2\repository\net\bytebuddy\byte-buddy\1.14.13\byte-buddy-1.14.13.jar;C:\Users\rodri\.m2\repository\org\glassfish\jaxb\jaxb-runtime\4.0.5\jaxb-runtime-4.0.5.jar;C:\Users\rodri\.m2\repository\org\glassfish\jaxb\jaxb-core\4.0.5\jaxb-core-4.0.5.jar;C:\Users\rodri\.m2\repository\org\eclipse\angus\angus-activation\2.0.2\angus-activation-2.0.2.jar;C:\Users\rodri\.m2\repository\org\glassfish\jaxb\txw2\4.0.5\txw2-4.0.5.jar;C:\Users\rodri\.m2\repository\com\sun\istack\istack-commons-runtime\4.1.2\istack-commons-runtime-4.1.2.jar;C:\Users\rodri\.m2\repository\jakarta\inject\jakarta.inject-api\2.0.1\jakarta.inject-api-2.0.1.jar;C:\Users\rodri\.m2\repository\org\antlr\antlr4-runtime\4.13.0\antlr4-runtime-4.13.0.jar;C:\Users\rodri\.m2\repository\org\springframework\data\spring-data-jpa\3.2.5\spring-data-jpa-3.2.5.jar;C:\Users\rodri\.m2\repository\org\springframework\data\spring-data-commons\3.2.5\spring-data-commons-3.2.5.jar;C:\Users\rodri\.m2\repository\org\springframework\spring-orm\6.1.6\spring-orm-6.1.6.jar;C:\Users\rodri\.m2\repository\org\springframework\spring-tx\6.1.6\spring-tx-6.1.6.jar;C:\Users\rodri\.m2\repository\org\springframework\spring-aspects\6.1.6\spring-aspects-6.1.6.jar;C:\Users\rodri\.m2\repository\com\mysql\mysql-connector-j\8.3.0\mysql-connector-j-8.3.0.jar;C:\Users\rodri\.m2\repository\org\springframework\boot\spring-boot-starter-thymeleaf\3.2.5\spring-boot-starter-thymeleaf-3.2.5.jar;C:\Users\rodri\.m2\repository\org\thymeleaf\thymeleaf-spring6\3.1.2.RELEASE\thymeleaf-spring6-3.1.2.RELEASE.jar;C:\Users\rodri\.m2\repository\org\thymeleaf\thymeleaf\3.1.2.RELEASE\thymeleaf-3.1.2.RELEASE.jar;C:\Users\rodri\.m2\repository\org\attoparser\attoparser\2.0.7.RELEASE\attoparser-2.0.7.RELEASE.jar;C:\Users\rodri\.m2\repository\org\unbescape\unbescape\1.1.6.RELEASE\unbescape-1.1.6.RELEASE.jar;C:\Users\rodri\.m2\repository\org\thymeleaf\extras\thymeleaf-extras-springsecurity6\3.1.2.RELEASE\thymeleaf-extras-springsecurity6-3.1.2.RELEASE.jar;C:\Users\rodri\.m2\repository\org\slf4j\slf4j-api\2.0.13\slf4j-api-2.0.13.jar;C:\Users\rodri\.m2\repository\io\jsonwebtoken\jjwt-api\0.12.5\jjwt-api-0.12.5.jar;C:\Users\rodri\.m2\repository\io\jsonwebtoken\jjwt-impl\0.12.5\jjwt-impl-0.12.5.jar;C:\Users\rodri\.m2\repository\io\jsonwebtoken\jjwt-jackson\0.12.5\jjwt-jackson-0.12.5.jar;C:\Users\rodri\.m2\repository\com\fasterxml\jackson\core\jackson-databind\2.15.4\jackson-databind-2.15.4.jar;C:\Users\rodri\.m2\repository\com\fasterxml\jackson\core\jackson-annotations\2.15.4\jackson-annotations-2.15.4.jar;C:\Users\rodri\.m2\repository\com\fasterxml\jackson\core\jackson-core\2.15.4\jackson-core-2.15.4.jar;C:\Users\rodri\.m2\repository\jakarta\xml\bind\jakarta.xml.bind-api\4.0.2\jakarta.xml.bind-api-4.0.2.jar;C:\Users\rodri\.m2\repository\jakarta\activation\jakarta.activation-api\2.1.3\jakarta.activation-api-2.1.3.jar;C:\Users\rodri\.m2\repository\org\springframework\spring-core\6.1.6\spring-core-6.1.6.jar;C:\Users\rodri\.m2\repository\org\springframework\spring-jcl\6.1.6\spring-jcl-6.1.6.jar;C:\Users\rodri\.m2\repository\org\springframework\security\spring-security-core\6.2.4\spring-security-core-6.2.4.jar;C:\Users\rodri\.m2\repository\org\springframework\security\spring-security-crypto\6.2.4\spring-security-crypto-6.2.4.jar, java.vm.vendor=Oracle Corporation, LOG_PATH=UsersodriOneDriveEscritorioUniBimestre VISeguridad y calidad en el desarrolloSemana 2veterinariaveterinariasrcmainesources, sun.arch.data.model=64, user.variant=, java.vendor.url=https://java.oracle.com/, catalina.useNaming=false, user.timezone=America/Santiago, jakarta.persistence.sharedCache.mode=UNSPECIFIED, org.jboss.logging.provider=slf4j, java.vm.specification.version=20, os.name=Windows 10, jakarta.persistence.nonJtaDataSource=HikariDataSource (HikariPool-1), sun.java.launcher=SUN_STANDARD, user.country=CL, sun.boot.library.path=C:\Program Files\Java\jdk-20\bin, sun.java.command=cl.duoc.veterinaria.App.VeterinariaApplication, javax.persistence.nonJtaDataSource=HikariDataSource (HikariPool-1), hibernate.transaction.jta.platform=org.hibernate.engine.transaction.jta.platform.internal.NoJtaPlatform@7d977a20, jdk.debug=release, sun.cpu.endian=little, hibernate.cdi.extensions=true, user.home=C:\Users\rodri, user.language=es, java.specification.vendor=Oracle Corporation, java.version.date=2023-07-18, java.home=C:\Program Files\Java\jdk-20, file.separator=\, java.vm.compressedOopsMode=Zero based, line.separator=
, hibernate.persistenceUnitName=default, java.vm.specification.vendor=Oracle Corporation, java.specification.name=Java Platform API Specification, FILE_LOG_CHARSET=UTF-8, hibernate.transaction.coordinator_class=class org.hibernate.resource.transaction.backend.jdbc.internal.JdbcResourceLocalTransactionCoordinatorBuilderImpl, java.awt.headless=true, jakarta.persistence.validation.mode=AUTO, hibernate.hbm2ddl.auto=update, user.script=, sun.management.compiler=HotSpot 64-Bit Tiered Compilers, java.runtime.version=20.0.2+9-78, user.name=rodri, stdout.encoding=cp850, path.separator=;, os.version=10.0, java.runtime.name=Java(TM) SE Runtime Environment, file.encoding=UTF-8, java.vm.name=Java HotSpot(TM) 64-Bit Server VM, LOG_FILE=backend.log, java.vendor.url.bug=https://bugreport.java.com/bugreport/, java.io.tmpdir=C:\Users\rodri\AppData\Local\Temp\, catalina.home=C:\Users\rodri\AppData\Local\Temp\tomcat.8080.5732894232345865786, java.version=20.0.2, hibernate.physical_naming_strategy=org.hibernate.boot.model.naming.CamelCaseToUnderscoresNamingStrategy, user.dir=C:\Users\rodri\OneDrive\Escritorio\Uni\Bimestre VI\Seguridad y calidad en el desarrollo\Semana 2\veterinaria-s2, os.arch=amd64, java.vm.specification.name=Java Virtual Machine Specification, PID=20624, sun.os.patch.level=, CONSOLE_LOG_CHARSET=UTF-8, catalina.base=C:\Users\rodri\AppData\Local\Temp\tomcat.8080.5732894232345865786, hibernate.boot.CfgXmlAccessService.key=org.hibernate.boot.registry.StandardServiceRegistryBuilder$1@35ab4260, native.encoding=Cp1252, java.library.path=C:\Program Files\Java\jdk-20\bin;C:\Windows\Sun\Java\bin;C:\Windows\system32;C:\Windows;c:\Users\rodri\AppData\Roaming\Code\User\globalStorage\github.copilot-chat\debugCommand;c:\Users\rodri\AppData\Roaming\Code\User\globalStorage\github.copilot-chat\copilotCli;C:\app\rodri\product\21c\dbhomeXE\bin;C:\Program Files\Common Files\Oracle\Java\javapath;C:\Windows\system32;C:\Windows;C:\Windows\System32\Wbem;C:\Windows\System32\WindowsPowerShell\v1.0\;C:\Windows\System32\OpenSSH\;C:\Program Files\NVIDIA Corporation\NVIDIA App\NvDLISR;C:\Program Files (x86)\NVIDIA Corporation\PhysX\Common;C:\Program Files\Seelen\Seelen UI;C:\Program Files\Docker\Docker\resources\bin;C:\Program Files\Git\cmd;C:\Users\rodri\AppData\Local\Programs\Python\Launcher\;C:\Users\rodri\AppData\Local\Microsoft\WindowsApps;C:\Users\rodri\AppData\Local\Programs\Microsoft VS Code\bin;C:\Users\rodri\AppData\Local\GitHubDesktop\bin;c:\Users\rodri\.vscode\extensions\vscjava.vscode-java-debug-0.59.0\bundled\scripts\noConfigScripts;., stderr.encoding=cp850, java.vendor=Oracle Corporation, java.vm.info=mixed mode, sharing, java.vm.version=20.0.2+9-78, sun.io.unicode.encoding=UnicodeLittle, hibernate.archive.scanner=org.hibernate.boot.archive.scan.internal.DisabledScanner, hibernate.connection.datasource=HikariDataSource (HikariPool-1), java.class.version=64.0, LOGGED_APPLICATION_NAME=[veterinaria] }
2026-08-26T21:51:04.903-04:00 TRACE 20624 --- [veterinaria] [main] .e.j.e.i.NormalizingIdentifierHelperImpl : Normalizing identifier quoting [null]
2026-08-26T21:51:04.903-04:00 TRACE 20624 --- [veterinaria] [main] o.h.s.i.AbstractServiceRegistryImpl      : Initializing service [role=org.hibernate.cache.spi.CacheImplementor]
2026-08-26T21:51:04.909-04:00 DEBUG 20624 --- [veterinaria] [main] o.hibernate.internal.SessionFactoryImpl  : Session factory constructed with filter configurations : {}
2026-08-26T21:51:04.912-04:00 DEBUG 20624 --- [veterinaria] [HikariPool-1 connection adder] com.zaxxer.hikari.pool.HikariPool        : HikariPool-1 - Added connection com.mysql.cj.jdbc.ConnectionImpl@3ab04cbe
2026-08-26T21:51:04.933-04:00 DEBUG 20624 --- [veterinaria] [HikariPool-1 connection adder] com.zaxxer.hikari.pool.HikariPool        : HikariPool-1 - After adding stats (total=10, active=0, idle=10, waiting=0)
2026-08-26T21:51:04.986-04:00 DEBUG 20624 --- [veterinaria] [main] o.h.q.sqm.function.SqmFunctionRegistry   : Registered SqmFunctionTemplate [NamedSqmFunctionTemplate(max)] under max; prior registration was null
2026-08-26T21:51:04.986-04:00 DEBUG 20624 --- [veterinaria] [main] o.h.q.sqm.function.SqmFunctionRegistry   : Registered SqmFunctionTemplate [NamedSqmFunctionTemplate(min)] under min; prior registration was null
2026-08-26T21:51:04.987-04:00 DEBUG 20624 --- [veterinaria] [main] o.h.q.sqm.function.SqmFunctionRegistry   : Registered SqmFunctionTemplate [NamedSqmFunctionTemplate(sum)] under sum; prior registration was null
2026-08-26T21:51:04.988-04:00 DEBUG 20624 --- [veterinaria] [main] o.h.q.sqm.function.SqmFunctionRegistry   : Registered SqmFunctionTemplate [NamedSqmFunctionTemplate(avg)] under avg; prior registration was null
2026-08-26T21:51:04.990-04:00 DEBUG 20624 --- [veterinaria] [main] o.h.q.sqm.function.SqmFunctionRegistry   : Registered SqmFunctionTemplate [org.hibernate.dialect.function.CountFunction@9147ba2] under count; prior registration was null
2026-08-26T21:51:04.991-04:00 DEBUG 20624 --- [veterinaria] [main] o.h.q.sqm.function.SqmFunctionRegistry   : Registered SqmFunctionTemplate [org.hibernate.dialect.function.EveryAnyEmulation@2ceb68a1] under every; prior registration was null
2026-08-26T21:51:04.992-04:00 DEBUG 20624 --- [veterinaria] [main] o.h.q.sqm.function.SqmFunctionRegistry   : Registered SqmFunctionTemplate [org.hibernate.dialect.function.EveryAnyEmulation@6de33fde] under any; prior registration was null
2026-08-26T21:51:04.993-04:00 DEBUG 20624 --- [veterinaria] [main] o.h.q.sqm.function.SqmFunctionRegistry   : Registered SqmFunctionTemplate [NamedSqmFunctionTemplate(floor)] under floor; prior registration was null
2026-08-26T21:51:04.993-04:00 DEBUG 20624 --- [veterinaria] [main] o.h.q.sqm.function.SqmFunctionRegistry   : Registered SqmFunctionTemplate [NamedSqmFunctionTemplate(ceiling)] under ceiling; prior registration was null
2026-08-26T21:51:04.993-04:00 DEBUG 20624 --- [veterinaria] [main] o.h.q.sqm.function.SqmFunctionRegistry   : Registered SqmFunctionTemplate [NamedSqmFunctionTemplate(mod)] under mod; prior registration was null
2026-08-26T21:51:04.993-04:00 DEBUG 20624 --- [veterinaria] [main] o.h.q.sqm.function.SqmFunctionRegistry   : Registered SqmFunctionTemplate [NamedSqmFunctionTemplate(abs)] under abs; prior registration was null
2026-08-26T21:51:04.994-04:00 DEBUG 20624 --- [veterinaria] [main] o.h.q.sqm.function.SqmFunctionRegistry   : Registered SqmFunctionTemplate [NamedSqmFunctionTemplate(sign)] under sign; prior registration was null
2026-08-26T21:51:04.994-04:00 DEBUG 20624 --- [veterinaria] [main] o.h.q.sqm.function.SqmFunctionRegistry   : Registered SqmFunctionTemplate [NamedSqmFunctionTemplate(sqrt)] under sqrt; prior registration was null
2026-08-26T21:51:04.994-04:00 DEBUG 20624 --- [veterinaria] [main] o.h.q.sqm.function.SqmFunctionRegistry   : Registered SqmFunctionTemplate [NamedSqmFunctionTemplate(ln)] under ln; prior registration was null
2026-08-26T21:51:04.994-04:00 DEBUG 20624 --- [veterinaria] [main] o.h.q.sqm.function.SqmFunctionRegistry   : Registered SqmFunctionTemplate [NamedSqmFunctionTemplate(exp)] under exp; prior registration was null
2026-08-26T21:51:04.994-04:00 DEBUG 20624 --- [veterinaria] [main] o.h.q.sqm.function.SqmFunctionRegistry   : Registered SqmFunctionTemplate [NamedSqmFunctionTemplate(power)] under power; prior registration was null
2026-08-26T21:51:04.995-04:00 DEBUG 20624 --- [veterinaria] [main] o.h.q.sqm.function.SqmFunctionRegistry   : Registered SqmFunctionTemplate [NamedSqmFunctionTemplate(round)] under round; prior registration was null
2026-08-26T21:51:04.995-04:00 DEBUG 20624 --- [veterinaria] [main] o.h.q.sqm.function.SqmFunctionRegistry   : Registered SqmFunctionTemplate [NamedSqmFunctionTemplate(sin)] under sin; prior registration was null
2026-08-26T21:51:04.995-04:00 DEBUG 20624 --- [veterinaria] [main] o.h.q.sqm.function.SqmFunctionRegistry   : Registered SqmFunctionTemplate [NamedSqmFunctionTemplate(cos)] under cos; prior registration was null
2026-08-26T21:51:04.995-04:00 DEBUG 20624 --- [veterinaria] [main] o.h.q.sqm.function.SqmFunctionRegistry   : Registered SqmFunctionTemplate [NamedSqmFunctionTemplate(tan)] under tan; prior registration was null
2026-08-26T21:51:04.995-04:00 DEBUG 20624 --- [veterinaria] [main] o.h.q.sqm.function.SqmFunctionRegistry   : Registered SqmFunctionTemplate [NamedSqmFunctionTemplate(asin)] under asin; prior registration was null
2026-08-26T21:51:04.996-04:00 DEBUG 20624 --- [veterinaria] [main] o.h.q.sqm.function.SqmFunctionRegistry   : Registered SqmFunctionTemplate [NamedSqmFunctionTemplate(acos)] under acos; prior registration was null
2026-08-26T21:51:04.997-04:00 DEBUG 20624 --- [veterinaria] [main] o.h.q.sqm.function.SqmFunctionRegistry   : Registered SqmFunctionTemplate [NamedSqmFunctionTemplate(atan)] under atan; prior registration was null
2026-08-26T21:51:04.997-04:00 DEBUG 20624 --- [veterinaria] [main] o.h.q.sqm.function.SqmFunctionRegistry   : Registered SqmFunctionTemplate [NamedSqmFunctionTemplate(atan2)] under atan2; prior registration was null
2026-08-26T21:51:04.999-04:00 DEBUG 20624 --- [veterinaria] [main] o.h.q.sqm.function.SqmFunctionRegistry   : Registered SqmFunctionTemplate [org.hibernate.query.sqm.function.PatternBasedSqmFunctionDescriptor@43445fc6] under sinh; prior registration was null
2026-08-26T21:51:04.999-04:00 DEBUG 20624 --- [veterinaria] [main] o.h.q.sqm.function.SqmFunctionRegistry   : Registered SqmFunctionTemplate [org.hibernate.query.sqm.function.PatternBasedSqmFunctionDescriptor@431babe6] under cosh; prior registration was null
2026-08-26T21:51:05.000-04:00 DEBUG 20624 --- [veterinaria] [main] o.h.q.sqm.function.SqmFunctionRegistry   : Registered SqmFunctionTemplate [org.hibernate.query.sqm.function.PatternBasedSqmFunctionDescriptor@17befef0] under tanh; prior registration was null
2026-08-26T21:51:05.001-04:00 DEBUG 20624 --- [veterinaria] [main] o.h.q.sqm.function.SqmFunctionRegistry   : Registered SqmFunctionTemplate [org.hibernate.query.sqm.function.PatternBasedSqmFunctionDescriptor@5072e638] under pi; prior registration was null
2026-08-26T21:51:05.001-04:00 DEBUG 20624 --- [veterinaria] [main] o.h.q.sqm.function.SqmFunctionRegistry   : Registered SqmFunctionTemplate [org.hibernate.query.sqm.function.PatternBasedSqmFunctionDescriptor@3129299f] under log; prior registration was null
2026-08-26T21:51:05.002-04:00 DEBUG 20624 --- [veterinaria] [main] o.h.q.sqm.function.SqmFunctionRegistry   : Registered SqmFunctionTemplate [NamedSqmFunctionTemplate(coalesce)] under coalesce; prior registration was null
2026-08-26T21:51:05.002-04:00 DEBUG 20624 --- [veterinaria] [main] o.h.q.sqm.function.SqmFunctionRegistry   : Registered SqmFunctionTemplate [NamedSqmFunctionTemplate(nullif)] under nullif; prior registration was null
2026-08-26T21:51:05.003-04:00 DEBUG 20624 --- [veterinaria] [main] o.h.q.sqm.function.SqmFunctionRegistry   : Registered SqmFunctionTemplate [NamedSqmFunctionTemplate(left)] under left; prior registration was null
2026-08-26T21:51:05.003-04:00 DEBUG 20624 --- [veterinaria] [main] o.h.q.sqm.function.SqmFunctionRegistry   : Registered SqmFunctionTemplate [NamedSqmFunctionTemplate(right)] under right; prior registration was null
2026-08-26T21:51:05.003-04:00 DEBUG 20624 --- [veterinaria] [main] o.h.q.sqm.function.SqmFunctionRegistry   : Registered SqmFunctionTemplate [NamedSqmFunctionTemplate(replace)] under replace; prior registration was null
2026-08-26T21:51:05.003-04:00 DEBUG 20624 --- [veterinaria] [main] o.h.q.sqm.function.SqmFunctionRegistry   : Registered SqmFunctionTemplate [NamedSqmFunctionTemplate(concat)] under concat; prior registration was null
2026-08-26T21:51:05.003-04:00 DEBUG 20624 --- [veterinaria] [main] o.h.q.sqm.function.SqmFunctionRegistry   : Registered SqmFunctionTemplate [NamedSqmFunctionTemplate(lower)] under lower; prior registration was null
2026-08-26T21:51:05.003-04:00 DEBUG 20624 --- [veterinaria] [main] o.h.q.sqm.function.SqmFunctionRegistry   : Registered SqmFunctionTemplate [NamedSqmFunctionTemplate(upper)] under upper; prior registration was null
2026-08-26T21:51:05.004-04:00 DEBUG 20624 --- [veterinaria] [main] o.h.q.sqm.function.SqmFunctionRegistry   : Registered SqmFunctionTemplate [NamedSqmFunctionTemplate(substring)] under substring; prior registration was null
2026-08-26T21:51:05.004-04:00 DEBUG 20624 --- [veterinaria] [main] o.h.q.sqm.function.SqmFunctionRegistry   : Registered SqmFunctionTemplate [NamedSqmFunctionTemplate(locate)] under locate; prior registration was null
2026-08-26T21:51:05.004-04:00 DEBUG 20624 --- [veterinaria] [main] o.h.q.sqm.function.SqmFunctionRegistry   : Registered SqmFunctionTemplate [NamedSqmFunctionTemplate(character_length)] under character_length; prior registration was null
2026-08-26T21:51:05.004-04:00 DEBUG 20624 --- [veterinaria] [main] o.h.q.sqm.function.SqmFunctionRegistry   : Registering alternate key : length -> character_length
2026-08-26T21:51:05.005-04:00 DEBUG 20624 --- [veterinaria] [main] o.h.q.sqm.function.SqmFunctionRegistry   : Registered SqmFunctionTemplate [org.hibernate.dialect.function.LocatePositionEmulation@64665781] under position; prior registration was null
2026-08-26T21:51:05.006-04:00 DEBUG 20624 --- [veterinaria] [main] o.h.q.sqm.function.SqmFunctionRegistry   : Registered SqmFunctionTemplate [org.hibernate.dialect.function.InsertSubstringOverlayEmulation@cf984d9] under overlay; prior registration was null
2026-08-26T21:51:05.008-04:00 DEBUG 20624 --- [veterinaria] [main] o.h.q.sqm.function.SqmFunctionRegistry   : Registered SqmFunctionTemplate [org.hibernate.dialect.function.TrimFunction@4045fd1f] under trim; prior registration was null
2026-08-26T21:51:05.010-04:00 DEBUG 20624 --- [veterinaria] [main] o.h.q.sqm.function.SqmFunctionRegistry   : Registered SqmFunctionTemplate [org.hibernate.dialect.function.CastFunction@10a0a1e] under cast; prior registration was null
2026-08-26T21:51:05.010-04:00 DEBUG 20624 --- [veterinaria] [main] o.h.q.sqm.function.SqmFunctionRegistry   : Registered SqmFunctionTemplate [org.hibernate.query.sqm.function.PatternBasedSqmFunctionDescriptor@2976ef56] under collate; prior registration was null
2026-08-26T21:51:05.011-04:00 DEBUG 20624 --- [veterinaria] [main] o.h.q.sqm.function.SqmFunctionRegistry   : Registered SqmFunctionTemplate [org.hibernate.dialect.function.ExtractFunction@e4b54d3] under extract; prior registration was null
2026-08-26T21:51:05.011-04:00 DEBUG 20624 --- [veterinaria] [main] o.h.q.sqm.function.SqmFunctionRegistry   : Registered SqmFunctionTemplate [NamedSqmFunctionTemplate(least)] under least; prior registration was null
2026-08-26T21:51:05.012-04:00 DEBUG 20624 --- [veterinaria] [main] o.h.q.sqm.function.SqmFunctionRegistry   : Registered SqmFunctionTemplate [NamedSqmFunctionTemplate(greatest)] under greatest; prior registration was null
2026-08-26T21:51:05.013-04:00 DEBUG 20624 --- [veterinaria] [main] o.h.q.sqm.function.SqmFunctionRegistry   : Registered SqmFunctionTemplate [org.hibernate.dialect.function.CoalesceIfnullEmulation@3a709cc7] under ifnull; prior registration was null
2026-08-26T21:51:05.013-04:00 DEBUG 20624 --- [veterinaria] [main] o.h.q.sqm.function.SqmFunctionRegistry   : Registered SqmFunctionTemplate [NamedSqmFunctionTemplate(lpad)] under lpad; prior registration was null
2026-08-26T21:51:05.013-04:00 DEBUG 20624 --- [veterinaria] [main] o.h.q.sqm.function.SqmFunctionRegistry   : Registered SqmFunctionTemplate [NamedSqmFunctionTemplate(rpad)] under rpad; prior registration was null
2026-08-26T21:51:05.014-04:00 DEBUG 20624 --- [veterinaria] [main] o.h.q.sqm.function.SqmFunctionRegistry   : Registered SqmFunctionTemplate [org.hibernate.dialect.function.LpadRpadPadEmulation@e706aa] under pad; prior registration was null
2026-08-26T21:51:05.015-04:00 DEBUG 20624 --- [veterinaria] [main] o.h.q.sqm.function.SqmFunctionRegistry   : Registered SqmFunctionTemplate [org.hibernate.dialect.function.CastStrEmulation@6906be0f] under str; prior registration was null
2026-08-26T21:51:05.017-04:00 DEBUG 20624 --- [veterinaria] [main] o.h.q.sqm.function.SqmFunctionRegistry   : Registered SqmFunctionTemplate [org.hibernate.dialect.function.FormatFunction@5e8f0f98] under format; prior registration was null
2026-08-26T21:51:05.018-04:00 DEBUG 20624 --- [veterinaria] [main] o.h.q.sqm.function.SqmFunctionRegistry   : Registered SqmFunctionTemplate [org.hibernate.dialect.function.TimestampaddFunction@74830d73] under timestampadd; prior registration was null
2026-08-26T21:51:05.020-04:00 DEBUG 20624 --- [veterinaria] [main] o.h.q.sqm.function.SqmFunctionRegistry   : Registered SqmFunctionTemplate [org.hibernate.dialect.function.TimestampdiffFunction@714bffd5] under timestampdiff; prior registration was null
2026-08-26T21:51:05.020-04:00 DEBUG 20624 --- [veterinaria] [main] o.h.q.sqm.function.SqmFunctionRegistry   : Registering alternate key : dateadd -> timestampadd
2026-08-26T21:51:05.021-04:00 DEBUG 20624 --- [veterinaria] [main] o.h.q.sqm.function.SqmFunctionRegistry   : Registering alternate key : datediff -> timestampdiff
2026-08-26T21:51:05.021-04:00 DEBUG 20624 --- [veterinaria] [main] o.h.q.sqm.function.SqmFunctionRegistry   : Registered SqmFunctionTemplate [org.hibernate.dialect.function.CurrentFunction@5f3ddc86] under current_date; prior registration was null
2026-08-26T21:51:05.021-04:00 DEBUG 20624 --- [veterinaria] [main] o.h.q.sqm.function.SqmFunctionRegistry   : Registered SqmFunctionTemplate [org.hibernate.dialect.function.CurrentFunction@78e043e4] under current_time; prior registration was null
2026-08-26T21:51:05.021-04:00 DEBUG 20624 --- [veterinaria] [main] o.h.q.sqm.function.SqmFunctionRegistry   : Registered SqmFunctionTemplate [org.hibernate.dialect.function.CurrentFunction@336d28a1] under current_timestamp; prior registration was null
2026-08-26T21:51:05.022-04:00 DEBUG 20624 --- [veterinaria] [main] o.h.q.sqm.function.SqmFunctionRegistry   : Registering alternate key : current date -> current_date
2026-08-26T21:51:05.022-04:00 DEBUG 20624 --- [veterinaria] [main] o.h.q.sqm.function.SqmFunctionRegistry   : Registering alternate key : current time -> current_time
2026-08-26T21:51:05.022-04:00 DEBUG 20624 --- [veterinaria] [main] o.h.q.sqm.function.SqmFunctionRegistry   : Registering alternate key : current timestamp -> current_timestamp
2026-08-26T21:51:05.022-04:00 DEBUG 20624 --- [veterinaria] [main] o.h.q.sqm.function.SqmFunctionRegistry   : Registered SqmFunctionTemplate [org.hibernate.dialect.function.CurrentFunction@738a39cc] under local_date; prior registration was null
2026-08-26T21:51:05.022-04:00 DEBUG 20624 --- [veterinaria] [main] o.h.q.sqm.function.SqmFunctionRegistry   : Registered SqmFunctionTemplate [org.hibernate.dialect.function.CurrentFunction@42e202d7] under local_time; prior registration was null
2026-08-26T21:51:05.022-04:00 DEBUG 20624 --- [veterinaria] [main] o.h.q.sqm.function.SqmFunctionRegistry   : Registered SqmFunctionTemplate [org.hibernate.dialect.function.CurrentFunction@38e7860c] under local_datetime; prior registration was null
2026-08-26T21:51:05.022-04:00 DEBUG 20624 --- [veterinaria] [main] o.h.q.sqm.function.SqmFunctionRegistry   : Registered SqmFunctionTemplate [org.hibernate.dialect.function.CurrentFunction@62158991] under offset_datetime; prior registration was null
2026-08-26T21:51:05.022-04:00 DEBUG 20624 --- [veterinaria] [main] o.h.q.sqm.function.SqmFunctionRegistry   : Registering alternate key : local date -> local_date
2026-08-26T21:51:05.023-04:00 DEBUG 20624 --- [veterinaria] [main] o.h.q.sqm.function.SqmFunctionRegistry   : Registering alternate key : local time -> local_time
2026-08-26T21:51:05.023-04:00 DEBUG 20624 --- [veterinaria] [main] o.h.q.sqm.function.SqmFunctionRegistry   : Registering alternate key : local datetime -> local_datetime
2026-08-26T21:51:05.023-04:00 DEBUG 20624 --- [veterinaria] [main] o.h.q.sqm.function.SqmFunctionRegistry   : Registering alternate key : offset datetime -> offset_datetime
2026-08-26T21:51:05.023-04:00 DEBUG 20624 --- [veterinaria] [main] o.h.q.sqm.function.SqmFunctionRegistry   : Registered SqmFunctionTemplate [org.hibernate.dialect.function.CurrentFunction@40738846] under instant; prior registration was null
2026-08-26T21:51:05.023-04:00 DEBUG 20624 --- [veterinaria] [main] o.h.q.sqm.function.SqmFunctionRegistry   : Registering alternate key : current_instant -> instant
2026-08-26T21:51:05.024-04:00 DEBUG 20624 --- [veterinaria] [main] o.h.q.sqm.function.SqmFunctionRegistry   : Registered SqmFunctionTemplate [org.hibernate.dialect.function.SqlFunction@4fc3529] under sql; prior registration was null
2026-08-26T21:51:05.024-04:00 DEBUG 20624 --- [veterinaria] [main] o.h.q.sqm.function.SqmFunctionRegistry   : Registered SqmFunctionTemplate [NamedSqmFunctionTemplate(soundex)] under soundex; prior registration was null
2026-08-26T21:51:05.024-04:00 DEBUG 20624 --- [veterinaria] [main] o.h.q.sqm.function.SqmFunctionRegistry   : Registered SqmFunctionTemplate [NamedSqmFunctionTemplate(radians)] under radians; prior registration was null
2026-08-26T21:51:05.025-04:00 DEBUG 20624 --- [veterinaria] [main] o.h.q.sqm.function.SqmFunctionRegistry   : Registered SqmFunctionTemplate [NamedSqmFunctionTemplate(degrees)] under degrees; prior registration was null
2026-08-26T21:51:05.025-04:00 DEBUG 20624 --- [veterinaria] [main] o.h.q.sqm.function.SqmFunctionRegistry   : Registered SqmFunctionTemplate [NamedSqmFunctionTemplate(cot)] under cot; prior registration was null
2026-08-26T21:51:05.025-04:00 DEBUG 20624 --- [veterinaria] [main] o.h.q.sqm.function.SqmFunctionRegistry   : Registered SqmFunctionTemplate [NamedSqmFunctionTemplate(log)] under log; prior registration was org.hibernate.query.sqm.function.PatternBasedSqmFunctionDescriptor@3129299f
2026-08-26T21:51:05.025-04:00 DEBUG 20624 --- [veterinaria] [main] o.h.q.sqm.function.SqmFunctionRegistry   : Registered SqmFunctionTemplate [NamedSqmFunctionTemplate(log2)] under log2; prior registration was null
2026-08-26T21:51:05.026-04:00 DEBUG 20624 --- [veterinaria] [main] o.h.q.sqm.function.SqmFunctionRegistry   : Registered SqmFunctionTemplate [NamedSqmFunctionTemplate(log10)] under log10; prior registration was null
2026-08-26T21:51:05.026-04:00 DEBUG 20624 --- [veterinaria] [main] o.h.q.sqm.function.SqmFunctionRegistry   : Registered SqmFunctionTemplate [NamedSqmFunctionTemplate(ltrim)] under ltrim; prior registration was null
2026-08-26T21:51:05.026-04:00 DEBUG 20624 --- [veterinaria] [main] o.h.q.sqm.function.SqmFunctionRegistry   : Registered SqmFunctionTemplate [NamedSqmFunctionTemplate(rtrim)] under rtrim; prior registration was null
2026-08-26T21:51:05.026-04:00 DEBUG 20624 --- [veterinaria] [main] o.h.q.sqm.function.SqmFunctionRegistry   : Registered SqmFunctionTemplate [NamedSqmFunctionTemplate(octet_length)] under octet_length; prior registration was null
2026-08-26T21:51:05.027-04:00 DEBUG 20624 --- [veterinaria] [main] o.h.q.sqm.function.SqmFunctionRegistry   : Registered SqmFunctionTemplate [NamedSqmFunctionTemplate(reverse)] under reverse; prior registration was null
2026-08-26T21:51:05.027-04:00 DEBUG 20624 --- [veterinaria] [main] o.h.q.sqm.function.SqmFunctionRegistry   : Registered SqmFunctionTemplate [NamedSqmFunctionTemplate(space)] under space; prior registration was null
2026-08-26T21:51:05.028-04:00 DEBUG 20624 --- [veterinaria] [main] o.h.q.sqm.function.SqmFunctionRegistry   : Registered SqmFunctionTemplate [NamedSqmFunctionTemplate(repeat)] under repeat; prior registration was null
2026-08-26T21:51:05.029-04:00 DEBUG 20624 --- [veterinaria] [main] o.h.q.sqm.function.SqmFunctionRegistry   : Registered SqmFunctionTemplate [org.hibernate.query.sqm.function.MultipatternSqmFunctionDescriptor@2965dd88] under lpad; prior registration was NamedSqmFunctionTemplate(lpad)
2026-08-26T21:51:05.029-04:00 DEBUG 20624 --- [veterinaria] [main] o.h.q.sqm.function.SqmFunctionRegistry   : Registered SqmFunctionTemplate [org.hibernate.query.sqm.function.MultipatternSqmFunctionDescriptor@3221588e] under rpad; prior registration was NamedSqmFunctionTemplate(rpad)
2026-08-26T21:51:05.030-04:00 DEBUG 20624 --- [veterinaria] [main] o.h.q.sqm.function.SqmFunctionRegistry   : Registered SqmFunctionTemplate [NamedSqmFunctionTemplate(md5)] under md5; prior registration was null
2026-08-26T21:51:05.030-04:00 DEBUG 20624 --- [veterinaria] [main] o.h.q.sqm.function.SqmFunctionRegistry   : Registered SqmFunctionTemplate [NamedSqmFunctionTemplate(day)] under day; prior registration was null
2026-08-26T21:51:05.030-04:00 DEBUG 20624 --- [veterinaria] [main] o.h.q.sqm.function.SqmFunctionRegistry   : Registered SqmFunctionTemplate [NamedSqmFunctionTemplate(month)] under month; prior registration was null
2026-08-26T21:51:05.030-04:00 DEBUG 20624 --- [veterinaria] [main] o.h.q.sqm.function.SqmFunctionRegistry   : Registered SqmFunctionTemplate [NamedSqmFunctionTemplate(year)] under year; prior registration was null
2026-08-26T21:51:05.030-04:00 DEBUG 20624 --- [veterinaria] [main] o.h.q.sqm.function.SqmFunctionRegistry   : Registered SqmFunctionTemplate [NamedSqmFunctionTemplate(hour)] under hour; prior registration was null
2026-08-26T21:51:05.030-04:00 DEBUG 20624 --- [veterinaria] [main] o.h.q.sqm.function.SqmFunctionRegistry   : Registered SqmFunctionTemplate [NamedSqmFunctionTemplate(minute)] under minute; prior registration was null
2026-08-26T21:51:05.030-04:00 DEBUG 20624 --- [veterinaria] [main] o.h.q.sqm.function.SqmFunctionRegistry   : Registered SqmFunctionTemplate [NamedSqmFunctionTemplate(second)] under second; prior registration was null
2026-08-26T21:51:05.031-04:00 DEBUG 20624 --- [veterinaria] [main] o.h.q.sqm.function.SqmFunctionRegistry   : Registered SqmFunctionTemplate [NamedSqmFunctionTemplate(microsecond)] under microsecond; prior registration was null
2026-08-26T21:51:05.031-04:00 DEBUG 20624 --- [veterinaria] [main] o.h.q.sqm.function.SqmFunctionRegistry   : Registered SqmFunctionTemplate [NamedSqmFunctionTemplate(dayofweek)] under dayofweek; prior registration was null
2026-08-26T21:51:05.031-04:00 DEBUG 20624 --- [veterinaria] [main] o.h.q.sqm.function.SqmFunctionRegistry   : Registered SqmFunctionTemplate [NamedSqmFunctionTemplate(dayofmonth)] under dayofmonth; prior registration was null
2026-08-26T21:51:05.031-04:00 DEBUG 20624 --- [veterinaria] [main] o.h.q.sqm.function.SqmFunctionRegistry   : Registering alternate key : day -> dayofmonth
2026-08-26T21:51:05.031-04:00 DEBUG 20624 --- [veterinaria] [main] o.h.q.sqm.function.SqmFunctionRegistry   : Registered SqmFunctionTemplate [NamedSqmFunctionTemplate(dayofyear)] under dayofyear; prior registration was null
2026-08-26T21:51:05.031-04:00 DEBUG 20624 --- [veterinaria] [main] o.h.q.sqm.function.SqmFunctionRegistry   : Registered SqmFunctionTemplate [NamedSqmFunctionTemplate(week)] under week; prior registration was null
2026-08-26T21:51:05.031-04:00 DEBUG 20624 --- [veterinaria] [main] o.h.q.sqm.function.SqmFunctionRegistry   : Registered SqmFunctionTemplate [NamedSqmFunctionTemplate(quarter)] under quarter; prior registration was null
2026-08-26T21:51:05.031-04:00 DEBUG 20624 --- [veterinaria] [main] o.h.q.sqm.function.SqmFunctionRegistry   : Registered SqmFunctionTemplate [NamedSqmFunctionTemplate(monthname)] under monthname; prior registration was null
2026-08-26T21:51:05.032-04:00 DEBUG 20624 --- [veterinaria] [main] o.h.q.sqm.function.SqmFunctionRegistry   : Registered SqmFunctionTemplate [NamedSqmFunctionTemplate(dayname)] under dayname; prior registration was null
2026-08-26T21:51:05.032-04:00 DEBUG 20624 --- [veterinaria] [main] o.h.q.sqm.function.SqmFunctionRegistry   : Registered SqmFunctionTemplate [NamedSqmFunctionTemplate(last_day)] under last_day; prior registration was null
2026-08-26T21:51:05.032-04:00 DEBUG 20624 --- [veterinaria] [main] o.h.q.sqm.function.SqmFunctionRegistry   : Registered SqmFunctionTemplate [NamedSqmFunctionTemplate(date)] under date; prior registration was null
2026-08-26T21:51:05.032-04:00 DEBUG 20624 --- [veterinaria] [main] o.h.q.sqm.function.SqmFunctionRegistry   : Registered SqmFunctionTemplate [NamedSqmFunctionTemplate(timestamp)] under timestamp; prior registration was null
2026-08-26T21:51:05.032-04:00 DEBUG 20624 --- [veterinaria] [main] o.h.q.sqm.function.SqmFunctionRegistry   : Registered SqmFunctionTemplate [NamedSqmFunctionTemplate(time)] under time; prior registration was null
2026-08-26T21:51:05.033-04:00 DEBUG 20624 --- [veterinaria] [main] o.h.q.sqm.function.SqmFunctionRegistry   : Registered SqmFunctionTemplate [NamedSqmFunctionTemplate(utc_date)] under utc_date; prior registration was null
2026-08-26T21:51:05.033-04:00 DEBUG 20624 --- [veterinaria] [main] o.h.q.sqm.function.SqmFunctionRegistry   : Registered SqmFunctionTemplate [NamedSqmFunctionTemplate(utc_time)] under utc_time; prior registration was null
2026-08-26T21:51:05.033-04:00 DEBUG 20624 --- [veterinaria] [main] o.h.q.sqm.function.SqmFunctionRegistry   : Registered SqmFunctionTemplate [NamedSqmFunctionTemplate(utc_timestamp)] under utc_timestamp; prior registration was null
2026-08-26T21:51:05.033-04:00 DEBUG 20624 --- [veterinaria] [main] o.h.q.sqm.function.SqmFunctionRegistry   : Registered SqmFunctionTemplate [NamedSqmFunctionTemplate(rand)] under rand; prior registration was null
2026-08-26T21:51:05.034-04:00 DEBUG 20624 --- [veterinaria] [main] o.h.q.sqm.function.SqmFunctionRegistry   : Registered SqmFunctionTemplate [NamedSqmFunctionTemplate(crc32)] under crc32; prior registration was null
2026-08-26T21:51:05.034-04:00 DEBUG 20624 --- [veterinaria] [main] o.h.q.sqm.function.SqmFunctionRegistry   : Registered SqmFunctionTemplate [NamedSqmFunctionTemplate(sha1)] under sha1; prior registration was null
2026-08-26T21:51:05.034-04:00 DEBUG 20624 --- [veterinaria] [main] o.h.q.sqm.function.SqmFunctionRegistry   : Registered SqmFunctionTemplate [NamedSqmFunctionTemplate(sha2)] under sha2; prior registration was null
2026-08-26T21:51:05.034-04:00 DEBUG 20624 --- [veterinaria] [main] o.h.q.sqm.function.SqmFunctionRegistry   : Registered SqmFunctionTemplate [NamedSqmFunctionTemplate(sha)] under sha; prior registration was null
2026-08-26T21:51:05.034-04:00 DEBUG 20624 --- [veterinaria] [main] o.h.q.sqm.function.SqmFunctionRegistry   : Registered SqmFunctionTemplate [NamedSqmFunctionTemplate(bit_length)] under bit_length; prior registration was null
2026-08-26T21:51:05.034-04:00 DEBUG 20624 --- [veterinaria] [main] o.h.q.sqm.function.SqmFunctionRegistry   : Registered SqmFunctionTemplate [NamedSqmFunctionTemplate(octet_length)] under octet_length; prior registration was NamedSqmFunctionTemplate(octet_length)
2026-08-26T21:51:05.034-04:00 DEBUG 20624 --- [veterinaria] [main] o.h.q.sqm.function.SqmFunctionRegistry   : Registered SqmFunctionTemplate [NamedSqmFunctionTemplate(ascii)] under ascii; prior registration was null
2026-08-26T21:51:05.035-04:00 DEBUG 20624 --- [veterinaria] [main] o.h.q.sqm.function.SqmFunctionRegistry   : Registered SqmFunctionTemplate [NamedSqmFunctionTemplate(instr)] under instr; prior registration was null
2026-08-26T21:51:05.035-04:00 DEBUG 20624 --- [veterinaria] [main] o.h.q.sqm.function.SqmFunctionRegistry   : Registered SqmFunctionTemplate [NamedSqmFunctionTemplate(substr)] under substr; prior registration was null
2026-08-26T21:51:05.035-04:00 DEBUG 20624 --- [veterinaria] [main] o.h.q.sqm.function.SqmFunctionRegistry   : Registered SqmFunctionTemplate [org.hibernate.query.sqm.function.PatternBasedSqmFunctionDescriptor@51141f64] under position; prior registration was org.hibernate.dialect.function.LocatePositionEmulation@64665781
2026-08-26T21:51:05.035-04:00 DEBUG 20624 --- [veterinaria] [main] o.h.q.sqm.function.SqmFunctionRegistry   : Registered SqmFunctionTemplate [NamedSqmFunctionTemplate(curtime)] under curtime; prior registration was null
2026-08-26T21:51:05.036-04:00 DEBUG 20624 --- [veterinaria] [main] o.h.q.sqm.function.SqmFunctionRegistry   : Registered SqmFunctionTemplate [NamedSqmFunctionTemplate(curdate)] under curdate; prior registration was null
2026-08-26T21:51:05.038-04:00 DEBUG 20624 --- [veterinaria] [main] o.h.q.sqm.function.SqmFunctionRegistry   : Registered SqmFunctionTemplate [NamedSqmFunctionTemplate(now)] under now; prior registration was null
2026-08-26T21:51:05.043-04:00 DEBUG 20624 --- [veterinaria] [main] o.h.q.sqm.function.SqmFunctionRegistry   : Registered SqmFunctionTemplate [org.hibernate.dialect.function.TruncFunction@1e8bccfb] under trunc; prior registration was null
2026-08-26T21:51:05.044-04:00 DEBUG 20624 --- [veterinaria] [main] o.h.q.sqm.function.SqmFunctionRegistry   : Registering alternate key : truncate -> trunc
2026-08-26T21:51:05.044-04:00 DEBUG 20624 --- [veterinaria] [main] o.h.q.sqm.function.SqmFunctionRegistry   : Registered SqmFunctionTemplate [NamedSqmFunctionTemplate(insert)] under insert; prior registration was null
2026-08-26T21:51:05.044-04:00 DEBUG 20624 --- [veterinaria] [main] o.h.q.sqm.function.SqmFunctionRegistry   : Registered SqmFunctionTemplate [org.hibernate.query.sqm.function.PatternBasedSqmFunctionDescriptor@77eb607e] under bitand; prior registration was null
2026-08-26T21:51:05.045-04:00 DEBUG 20624 --- [veterinaria] [main] o.h.q.sqm.function.SqmFunctionRegistry   : Registered SqmFunctionTemplate [org.hibernate.query.sqm.function.PatternBasedSqmFunctionDescriptor@1f1fbc9f] under bitor; prior registration was null
2026-08-26T21:51:05.045-04:00 DEBUG 20624 --- [veterinaria] [main] o.h.q.sqm.function.SqmFunctionRegistry   : Registered SqmFunctionTemplate [org.hibernate.query.sqm.function.PatternBasedSqmFunctionDescriptor@10d4b573] under bitxor; prior registration was null
2026-08-26T21:51:05.045-04:00 DEBUG 20624 --- [veterinaria] [main] o.h.q.sqm.function.SqmFunctionRegistry   : Registered SqmFunctionTemplate [org.hibernate.query.sqm.function.PatternBasedSqmFunctionDescriptor@50785f86] under bitnot; prior registration was null
2026-08-26T21:51:05.045-04:00 DEBUG 20624 --- [veterinaria] [main] o.h.q.sqm.function.SqmFunctionRegistry   : Registered SqmFunctionTemplate [NamedSqmFunctionTemplate(bit_and)] under bit_and; prior registration was null
2026-08-26T21:51:05.045-04:00 DEBUG 20624 --- [veterinaria] [main] o.h.q.sqm.function.SqmFunctionRegistry   : Registered SqmFunctionTemplate [NamedSqmFunctionTemplate(bit_or)] under bit_or; prior registration was null
2026-08-26T21:51:05.045-04:00 DEBUG 20624 --- [veterinaria] [main] o.h.q.sqm.function.SqmFunctionRegistry   : Registered SqmFunctionTemplate [NamedSqmFunctionTemplate(stddev)] under stddev; prior registration was null
2026-08-26T21:51:05.045-04:00 DEBUG 20624 --- [veterinaria] [main] o.h.q.sqm.function.SqmFunctionRegistry   : Registered SqmFunctionTemplate [NamedSqmFunctionTemplate(stddev_pop)] under stddev_pop; prior registration was null
2026-08-26T21:51:05.046-04:00 DEBUG 20624 --- [veterinaria] [main] o.h.q.sqm.function.SqmFunctionRegistry   : Registered SqmFunctionTemplate [NamedSqmFunctionTemplate(stddev_samp)] under stddev_samp; prior registration was null
2026-08-26T21:51:05.046-04:00 DEBUG 20624 --- [veterinaria] [main] o.h.q.sqm.function.SqmFunctionRegistry   : Registered SqmFunctionTemplate [NamedSqmFunctionTemplate(variance)] under variance; prior registration was null
2026-08-26T21:51:05.046-04:00 DEBUG 20624 --- [veterinaria] [main] o.h.q.sqm.function.SqmFunctionRegistry   : Registered SqmFunctionTemplate [NamedSqmFunctionTemplate(var_pop)] under var_pop; prior registration was null
2026-08-26T21:51:05.046-04:00 DEBUG 20624 --- [veterinaria] [main] o.h.q.sqm.function.SqmFunctionRegistry   : Registered SqmFunctionTemplate [NamedSqmFunctionTemplate(var_samp)] under var_samp; prior registration was null
2026-08-26T21:51:05.046-04:00 DEBUG 20624 --- [veterinaria] [main] o.h.q.sqm.function.SqmFunctionRegistry   : Registered SqmFunctionTemplate [NamedSqmFunctionTemplate(datediff)] under datediff; prior registration was null
2026-08-26T21:51:05.046-04:00 DEBUG 20624 --- [veterinaria] [main] o.h.q.sqm.function.SqmFunctionRegistry   : Registered SqmFunctionTemplate [NamedSqmFunctionTemplate(adddate)] under adddate; prior registration was null
2026-08-26T21:51:05.046-04:00 DEBUG 20624 --- [veterinaria] [main] o.h.q.sqm.function.SqmFunctionRegistry   : Registered SqmFunctionTemplate [NamedSqmFunctionTemplate(subdate)] under subdate; prior registration was null
2026-08-26T21:51:05.046-04:00 DEBUG 20624 --- [veterinaria] [main] o.h.q.sqm.function.SqmFunctionRegistry   : Registered SqmFunctionTemplate [NamedSqmFunctionTemplate(addtime)] under addtime; prior registration was null
2026-08-26T21:51:05.047-04:00 DEBUG 20624 --- [veterinaria] [main] o.h.q.sqm.function.SqmFunctionRegistry   : Registered SqmFunctionTemplate [NamedSqmFunctionTemplate(subtime)] under subtime; prior registration was null
2026-08-26T21:51:05.047-04:00 DEBUG 20624 --- [veterinaria] [main] o.h.q.sqm.function.SqmFunctionRegistry   : Registered SqmFunctionTemplate [org.hibernate.dialect.function.FormatFunction@7c3c3d67] under format; prior registration was org.hibernate.dialect.function.FormatFunction@5e8f0f98
2026-08-26T21:51:05.047-04:00 DEBUG 20624 --- [veterinaria] [main] o.h.q.sqm.function.SqmFunctionRegistry   : Registered SqmFunctionTemplate [NamedSqmFunctionTemplate(makedate)] under makedate; prior registration was null
2026-08-26T21:51:05.047-04:00 DEBUG 20624 --- [veterinaria] [main] o.h.q.sqm.function.SqmFunctionRegistry   : Registered SqmFunctionTemplate [NamedSqmFunctionTemplate(maketime)] under maketime; prior registration was null
2026-08-26T21:51:05.047-04:00 DEBUG 20624 --- [veterinaria] [main] o.h.q.sqm.function.SqmFunctionRegistry   : Registered SqmFunctionTemplate [NamedSqmFunctionTemplate(localtime)] under localtime; prior registration was null
2026-08-26T21:51:05.047-04:00 DEBUG 20624 --- [veterinaria] [main] o.h.q.sqm.function.SqmFunctionRegistry   : Registered SqmFunctionTemplate [NamedSqmFunctionTemplate(localtimestamp)] under localtimestamp; prior registration was null
2026-08-26T21:51:05.047-04:00 DEBUG 20624 --- [veterinaria] [main] o.h.q.sqm.function.SqmFunctionRegistry   : Registered SqmFunctionTemplate [NamedSqmFunctionTemplate(localtime)] under local_time; prior registration was org.hibernate.dialect.function.CurrentFunction@42e202d7
2026-08-26T21:51:05.047-04:00 DEBUG 20624 --- [veterinaria] [main] o.h.q.sqm.function.SqmFunctionRegistry   : Registered SqmFunctionTemplate [NamedSqmFunctionTemplate(localtimestamp)] under local_datetime; prior registration was org.hibernate.dialect.function.CurrentFunction@38e7860c
2026-08-26T21:51:05.047-04:00 DEBUG 20624 --- [veterinaria] [main] o.h.q.sqm.function.SqmFunctionRegistry   : Registered SqmFunctionTemplate [NamedSqmFunctionTemplate(localtime)] under localtime; prior registration was NamedSqmFunctionTemplate(localtime)
2026-08-26T21:51:05.047-04:00 DEBUG 20624 --- [veterinaria] [main] o.h.q.sqm.function.SqmFunctionRegistry   : Registered SqmFunctionTemplate [org.hibernate.query.sqm.function.PatternBasedSqmFunctionDescriptor@1e258d3b] under pi; prior registration was org.hibernate.query.sqm.function.PatternBasedSqmFunctionDescriptor@5072e638
2026-08-26T21:51:05.048-04:00 DEBUG 20624 --- [veterinaria] [main] o.h.q.sqm.function.SqmFunctionRegistry   : Registered SqmFunctionTemplate [org.hibernate.query.sqm.function.PatternBasedSqmFunctionDescriptor@2b6fcca1] under chr; prior registration was null
2026-08-26T21:51:05.048-04:00 DEBUG 20624 --- [veterinaria] [main] o.h.q.sqm.function.SqmFunctionRegistry   : Registering alternate key : char -> chr
2026-08-26T21:51:05.048-04:00 DEBUG 20624 --- [veterinaria] [main] o.h.q.sqm.function.SqmFunctionRegistry   : Registered SqmFunctionTemplate [org.hibernate.query.sqm.function.PatternBasedSqmFunctionDescriptor@39f93225] under sysdate; prior registration was null
2026-08-26T21:51:05.048-04:00 DEBUG 20624 --- [veterinaria] [main] o.h.q.sqm.function.SqmFunctionRegistry   : Registered SqmFunctionTemplate [NamedSqmFunctionTemplate(row_number)] under row_number; prior registration was null
2026-08-26T21:51:05.048-04:00 DEBUG 20624 --- [veterinaria] [main] o.h.q.sqm.function.SqmFunctionRegistry   : Registered SqmFunctionTemplate [NamedSqmFunctionTemplate(lag)] under lag; prior registration was null
2026-08-26T21:51:05.048-04:00 DEBUG 20624 --- [veterinaria] [main] o.h.q.sqm.function.SqmFunctionRegistry   : Registered SqmFunctionTemplate [NamedSqmFunctionTemplate(lead)] under lead; prior registration was null
2026-08-26T21:51:05.048-04:00 DEBUG 20624 --- [veterinaria] [main] o.h.q.sqm.function.SqmFunctionRegistry   : Registered SqmFunctionTemplate [NamedSqmFunctionTemplate(first_value)] under first_value; prior registration was null
2026-08-26T21:51:05.048-04:00 DEBUG 20624 --- [veterinaria] [main] o.h.q.sqm.function.SqmFunctionRegistry   : Registered SqmFunctionTemplate [NamedSqmFunctionTemplate(last_value)] under last_value; prior registration was null
2026-08-26T21:51:05.049-04:00 DEBUG 20624 --- [veterinaria] [main] o.h.q.sqm.function.SqmFunctionRegistry   : Registered SqmFunctionTemplate [NamedSqmFunctionTemplate(nth_value)] under nth_value; prior registration was null
2026-08-26T21:51:05.051-04:00 DEBUG 20624 --- [veterinaria] [main] o.h.q.sqm.function.SqmFunctionRegistry   : Registered SqmFunctionTemplate [org.hibernate.dialect.function.HypotheticalSetWindowEmulation@3cad24ae] under rank; prior registration was null
2026-08-26T21:51:05.051-04:00 DEBUG 20624 --- [veterinaria] [main] o.h.q.sqm.function.SqmFunctionRegistry   : Registered SqmFunctionTemplate [org.hibernate.dialect.function.HypotheticalSetWindowEmulation@58021c3c] under dense_rank; prior registration was null
2026-08-26T21:51:05.051-04:00 DEBUG 20624 --- [veterinaria] [main] o.h.q.sqm.function.SqmFunctionRegistry   : Registered SqmFunctionTemplate [org.hibernate.dialect.function.HypotheticalSetWindowEmulation@18cbc3c2] under percent_rank; prior registration was null
2026-08-26T21:51:05.051-04:00 DEBUG 20624 --- [veterinaria] [main] o.h.q.sqm.function.SqmFunctionRegistry   : Registered SqmFunctionTemplate [org.hibernate.dialect.function.HypotheticalSetWindowEmulation@1b25d695] under cume_dist; prior registration was null
2026-08-26T21:51:05.052-04:00 DEBUG 20624 --- [veterinaria] [main] o.h.q.sqm.function.SqmFunctionRegistry   : Registered SqmFunctionTemplate [org.hibernate.dialect.function.ListaggGroupConcatEmulation@75e4fe3c] under listagg; prior registration was null
2026-08-26T21:51:05.056-04:00 DEBUG 20624 --- [veterinaria] [main] org.hibernate.HQL_FUNCTIONS              : abs(NUMERIC arg)
2026-08-26T21:51:05.056-04:00 DEBUG 20624 --- [veterinaria] [main] org.hibernate.HQL_FUNCTIONS              : Double acos(NUMERIC arg)
2026-08-26T21:51:05.056-04:00 DEBUG 20624 --- [veterinaria] [main] org.hibernate.HQL_FUNCTIONS              : adddate(DATE datetime, INTEGER days)
2026-08-26T21:51:05.056-04:00 DEBUG 20624 --- [veterinaria] [main] org.hibernate.HQL_FUNCTIONS              : addtime(TIME datetime, TIME time)
2026-08-26T21:51:05.057-04:00 DEBUG 20624 --- [veterinaria] [main] org.hibernate.HQL_FUNCTIONS              : Boolean any(BOOLEAN arg)
2026-08-26T21:51:05.057-04:00 DEBUG 20624 --- [veterinaria] [main] org.hibernate.HQL_FUNCTIONS              : Integer ascii(STRING arg)
2026-08-26T21:51:05.058-04:00 DEBUG 20624 --- [veterinaria] [main] org.hibernate.HQL_FUNCTIONS              : Double asin(NUMERIC arg)
2026-08-26T21:51:05.059-04:00 DEBUG 20624 --- [veterinaria] [main] org.hibernate.HQL_FUNCTIONS              : Double atan(NUMERIC arg)
2026-08-26T21:51:05.060-04:00 DEBUG 20624 --- [veterinaria] [main] org.hibernate.HQL_FUNCTIONS              : Double atan2(NUMERIC arg0, NUMERIC arg1)
2026-08-26T21:51:05.060-04:00 DEBUG 20624 --- [veterinaria] [main] org.hibernate.HQL_FUNCTIONS              : avg(arg)
2026-08-26T21:51:05.060-04:00 DEBUG 20624 --- [veterinaria] [main] org.hibernate.HQL_FUNCTIONS              : bit_and(arg)
2026-08-26T21:51:05.060-04:00 DEBUG 20624 --- [veterinaria] [main] org.hibernate.HQL_FUNCTIONS              : Integer bit_length(STRING_OR_CLOB arg)
2026-08-26T21:51:05.060-04:00 DEBUG 20624 --- [veterinaria] [main] org.hibernate.HQL_FUNCTIONS              : bit_or(arg)
2026-08-26T21:51:05.060-04:00 DEBUG 20624 --- [veterinaria] [main] org.hibernate.HQL_FUNCTIONS              : bitand(arg0, arg1)
2026-08-26T21:51:05.060-04:00 DEBUG 20624 --- [veterinaria] [main] org.hibernate.HQL_FUNCTIONS              : bitnot(arg)
2026-08-26T21:51:05.061-04:00 DEBUG 20624 --- [veterinaria] [main] org.hibernate.HQL_FUNCTIONS              : bitor(arg0, arg1)
2026-08-26T21:51:05.061-04:00 DEBUG 20624 --- [veterinaria] [main] org.hibernate.HQL_FUNCTIONS              : bitxor(arg0, arg1)
2026-08-26T21:51:05.061-04:00 DEBUG 20624 --- [veterinaria] [main] org.hibernate.HQL_FUNCTIONS              : cast(arg as Type)
2026-08-26T21:51:05.061-04:00 DEBUG 20624 --- [veterinaria] [main] org.hibernate.HQL_FUNCTIONS              : ceiling(NUMERIC arg)
2026-08-26T21:51:05.061-04:00 DEBUG 20624 --- [veterinaria] [main] org.hibernate.HQL_FUNCTIONS              : Character char(INTEGER arg)
2026-08-26T21:51:05.061-04:00 DEBUG 20624 --- [veterinaria] [main] org.hibernate.HQL_FUNCTIONS              : Integer character_length(STRING_OR_CLOB arg)
2026-08-26T21:51:05.061-04:00 DEBUG 20624 --- [veterinaria] [main] org.hibernate.HQL_FUNCTIONS              : Character chr(INTEGER arg)
2026-08-26T21:51:05.062-04:00 DEBUG 20624 --- [veterinaria] [main] org.hibernate.HQL_FUNCTIONS              : coalesce(arg0[, arg1[, ...]])
2026-08-26T21:51:05.063-04:00 DEBUG 20624 --- [veterinaria] [main] org.hibernate.HQL_FUNCTIONS              : String collate(STRING string as COLLATION collation)
2026-08-26T21:51:05.063-04:00 DEBUG 20624 --- [veterinaria] [main] org.hibernate.HQL_FUNCTIONS              : String concat(STRING string0[, STRING string1[, ...]])
2026-08-26T21:51:05.063-04:00 DEBUG 20624 --- [veterinaria] [main] org.hibernate.HQL_FUNCTIONS              : Double cos(NUMERIC arg)
2026-08-26T21:51:05.064-04:00 DEBUG 20624 --- [veterinaria] [main] org.hibernate.HQL_FUNCTIONS              : Double cosh(NUMERIC arg)
2026-08-26T21:51:05.064-04:00 DEBUG 20624 --- [veterinaria] [main] org.hibernate.HQL_FUNCTIONS              : Double cot(NUMERIC arg)
2026-08-26T21:51:05.065-04:00 DEBUG 20624 --- [veterinaria] [main] org.hibernate.HQL_FUNCTIONS              : Long count([distinct ]{arg|*})
2026-08-26T21:51:05.065-04:00 DEBUG 20624 --- [veterinaria] [main] org.hibernate.HQL_FUNCTIONS              : Integer crc32(arg)
2026-08-26T21:51:05.065-04:00 DEBUG 20624 --- [veterinaria] [main] org.hibernate.HQL_FUNCTIONS              : Double cume_dist([arg0[, ...]])
2026-08-26T21:51:05.065-04:00 DEBUG 20624 --- [veterinaria] [main] org.hibernate.HQL_FUNCTIONS              : Date curdate()
2026-08-26T21:51:05.067-04:00 DEBUG 20624 --- [veterinaria] [main] org.hibernate.HQL_FUNCTIONS              : Date current date
2026-08-26T21:51:05.068-04:00 DEBUG 20624 --- [veterinaria] [main] org.hibernate.HQL_FUNCTIONS              : Time current time
2026-08-26T21:51:05.068-04:00 DEBUG 20624 --- [veterinaria] [main] org.hibernate.HQL_FUNCTIONS              : Timestamp current timestamp
2026-08-26T21:51:05.068-04:00 DEBUG 20624 --- [veterinaria] [main] org.hibernate.HQL_FUNCTIONS              : Date current_date
2026-08-26T21:51:05.068-04:00 DEBUG 20624 --- [veterinaria] [main] org.hibernate.HQL_FUNCTIONS              : Instant current_instant
2026-08-26T21:51:05.068-04:00 DEBUG 20624 --- [veterinaria] [main] org.hibernate.HQL_FUNCTIONS              : Time current_time
2026-08-26T21:51:05.069-04:00 DEBUG 20624 --- [veterinaria] [main] org.hibernate.HQL_FUNCTIONS              : Timestamp current_timestamp
2026-08-26T21:51:05.069-04:00 DEBUG 20624 --- [veterinaria] [main] org.hibernate.HQL_FUNCTIONS              : Time curtime()
2026-08-26T21:51:05.069-04:00 DEBUG 20624 --- [veterinaria] [main] org.hibernate.HQL_FUNCTIONS              : Date date(arg)
2026-08-26T21:51:05.070-04:00 DEBUG 20624 --- [veterinaria] [main] org.hibernate.HQL_FUNCTIONS              : dateadd(TEMPORAL_UNIT field, INTEGER magnitude, TEMPORAL datetime)
2026-08-26T21:51:05.070-04:00 DEBUG 20624 --- [veterinaria] [main] org.hibernate.HQL_FUNCTIONS              : Integer datediff(DATE end, DATE start)
2026-08-26T21:51:05.070-04:00 DEBUG 20624 --- [veterinaria] [main] org.hibernate.HQL_FUNCTIONS              : Integer day(DATE arg)
2026-08-26T21:51:05.070-04:00 DEBUG 20624 --- [veterinaria] [main] org.hibernate.HQL_FUNCTIONS              : String dayname(DATE arg)
2026-08-26T21:51:05.071-04:00 DEBUG 20624 --- [veterinaria] [main] org.hibernate.HQL_FUNCTIONS              : Integer dayofmonth(DATE arg)
2026-08-26T21:51:05.071-04:00 DEBUG 20624 --- [veterinaria] [main] org.hibernate.HQL_FUNCTIONS              : Integer dayofweek(DATE arg)
2026-08-26T21:51:05.071-04:00 DEBUG 20624 --- [veterinaria] [main] org.hibernate.HQL_FUNCTIONS              : Integer dayofyear(DATE arg)
2026-08-26T21:51:05.071-04:00 DEBUG 20624 --- [veterinaria] [main] org.hibernate.HQL_FUNCTIONS              : Double degrees(NUMERIC arg)
2026-08-26T21:51:05.071-04:00 DEBUG 20624 --- [veterinaria] [main] org.hibernate.HQL_FUNCTIONS              : Long dense_rank([arg0[, ...]])
2026-08-26T21:51:05.071-04:00 DEBUG 20624 --- [veterinaria] [main] org.hibernate.HQL_FUNCTIONS              : Boolean every(BOOLEAN arg)
2026-08-26T21:51:05.071-04:00 DEBUG 20624 --- [veterinaria] [main] org.hibernate.HQL_FUNCTIONS              : Double exp(NUMERIC arg)
2026-08-26T21:51:05.072-04:00 DEBUG 20624 --- [veterinaria] [main] org.hibernate.HQL_FUNCTIONS              : extract(TEMPORAL_UNIT field from TEMPORAL arg)
2026-08-26T21:51:05.072-04:00 DEBUG 20624 --- [veterinaria] [main] org.hibernate.HQL_FUNCTIONS              : first_valueANY value
2026-08-26T21:51:05.072-04:00 DEBUG 20624 --- [veterinaria] [main] org.hibernate.HQL_FUNCTIONS              : floor(NUMERIC arg)
2026-08-26T21:51:05.072-04:00 DEBUG 20624 --- [veterinaria] [main] org.hibernate.HQL_FUNCTIONS              : String format(TEMPORAL datetime as STRING pattern)
2026-08-26T21:51:05.073-04:00 DEBUG 20624 --- [veterinaria] [main] org.hibernate.HQL_FUNCTIONS              : greatest(COMPARABLE arg0, COMPARABLE arg1[, arg2[, ...]])
2026-08-26T21:51:05.073-04:00 DEBUG 20624 --- [veterinaria] [main] org.hibernate.HQL_FUNCTIONS              : Integer hour(TIME arg)
2026-08-26T21:51:05.073-04:00 DEBUG 20624 --- [veterinaria] [main] org.hibernate.HQL_FUNCTIONS              : ifnull(arg0, arg1)
2026-08-26T21:51:05.073-04:00 DEBUG 20624 --- [veterinaria] [main] org.hibernate.HQL_FUNCTIONS              : String insert(STRING string, INTEGER start, INTEGER length, STRING replacement)
2026-08-26T21:51:05.073-04:00 DEBUG 20624 --- [veterinaria] [main] org.hibernate.HQL_FUNCTIONS              : Instant instant
2026-08-26T21:51:05.073-04:00 DEBUG 20624 --- [veterinaria] [main] org.hibernate.HQL_FUNCTIONS              : Integer instr(STRING string, STRING pattern[, INTEGER start[, INTEGER occurrence]])
2026-08-26T21:51:05.073-04:00 DEBUG 20624 --- [veterinaria] [main] org.hibernate.HQL_FUNCTIONS              : lagANY value[, INTEGER offset[, ANY default]]
2026-08-26T21:51:05.073-04:00 DEBUG 20624 --- [veterinaria] [main] org.hibernate.HQL_FUNCTIONS              : Date last_day(DATE arg)
2026-08-26T21:51:05.073-04:00 DEBUG 20624 --- [veterinaria] [main] org.hibernate.HQL_FUNCTIONS              : last_valueANY value
2026-08-26T21:51:05.073-04:00 DEBUG 20624 --- [veterinaria] [main] org.hibernate.HQL_FUNCTIONS              : leadANY value[, INTEGER offset[, ANY default]]
2026-08-26T21:51:05.073-04:00 DEBUG 20624 --- [veterinaria] [main] org.hibernate.HQL_FUNCTIONS              : least(COMPARABLE arg0, COMPARABLE arg1[, arg2[, ...]])
2026-08-26T21:51:05.074-04:00 DEBUG 20624 --- [veterinaria] [main] org.hibernate.HQL_FUNCTIONS              : String left(STRING string, INTEGER length)
2026-08-26T21:51:05.075-04:00 DEBUG 20624 --- [veterinaria] [main] org.hibernate.HQL_FUNCTIONS              : Integer length(STRING_OR_CLOB arg)
2026-08-26T21:51:05.075-04:00 DEBUG 20624 --- [veterinaria] [main] org.hibernate.HQL_FUNCTIONS              : String listagg(STRING arg0, STRING arg1)
2026-08-26T21:51:05.075-04:00 DEBUG 20624 --- [veterinaria] [main] org.hibernate.HQL_FUNCTIONS              : Double ln(NUMERIC arg)
2026-08-26T21:51:05.076-04:00 DEBUG 20624 --- [veterinaria] [main] org.hibernate.HQL_FUNCTIONS              : LocalDate local date
2026-08-26T21:51:05.076-04:00 DEBUG 20624 --- [veterinaria] [main] org.hibernate.HQL_FUNCTIONS              : LocalDateTime local datetime
2026-08-26T21:51:05.076-04:00 DEBUG 20624 --- [veterinaria] [main] org.hibernate.HQL_FUNCTIONS              : LocalTime local time
2026-08-26T21:51:05.076-04:00 DEBUG 20624 --- [veterinaria] [main] org.hibernate.HQL_FUNCTIONS              : LocalDate local_date
2026-08-26T21:51:05.076-04:00 DEBUG 20624 --- [veterinaria] [main] org.hibernate.HQL_FUNCTIONS              : LocalDateTime local_datetime
2026-08-26T21:51:05.077-04:00 DEBUG 20624 --- [veterinaria] [main] org.hibernate.HQL_FUNCTIONS              : LocalTime local_time
2026-08-26T21:51:05.077-04:00 DEBUG 20624 --- [veterinaria] [main] org.hibernate.HQL_FUNCTIONS              : Timestamp localtime
2026-08-26T21:51:05.077-04:00 DEBUG 20624 --- [veterinaria] [main] org.hibernate.HQL_FUNCTIONS              : Timestamp localtimestamp
2026-08-26T21:51:05.077-04:00 DEBUG 20624 --- [veterinaria] [main] org.hibernate.HQL_FUNCTIONS              : Integer locate(STRING pattern, STRING string[, INTEGER start])
2026-08-26T21:51:05.078-04:00 DEBUG 20624 --- [veterinaria] [main] org.hibernate.HQL_FUNCTIONS              : Double log(NUMERIC arg0[, NUMERIC arg1])
2026-08-26T21:51:05.078-04:00 DEBUG 20624 --- [veterinaria] [main] org.hibernate.HQL_FUNCTIONS              : Double log10(NUMERIC arg)
2026-08-26T21:51:05.078-04:00 DEBUG 20624 --- [veterinaria] [main] org.hibernate.HQL_FUNCTIONS              : Double log2(NUMERIC arg)
2026-08-26T21:51:05.078-04:00 DEBUG 20624 --- [veterinaria] [main] org.hibernate.HQL_FUNCTIONS              : String lower(STRING string)
2026-08-26T21:51:05.079-04:00 DEBUG 20624 --- [veterinaria] [main] org.hibernate.HQL_FUNCTIONS              : String lpad(string, length[, padding])
2026-08-26T21:51:05.079-04:00 DEBUG 20624 --- [veterinaria] [main] org.hibernate.HQL_FUNCTIONS              : String ltrim(STRING string[, STRING characters])
2026-08-26T21:51:05.079-04:00 DEBUG 20624 --- [veterinaria] [main] org.hibernate.HQL_FUNCTIONS              : Date makedate(INTEGER year, INTEGER dayofyear)
2026-08-26T21:51:05.079-04:00 DEBUG 20624 --- [veterinaria] [main] org.hibernate.HQL_FUNCTIONS              : Time maketime(INTEGER hour, INTEGER min, INTEGER sec)
2026-08-26T21:51:05.079-04:00 DEBUG 20624 --- [veterinaria] [main] org.hibernate.HQL_FUNCTIONS              : max(COMPARABLE arg)
2026-08-26T21:51:05.079-04:00 DEBUG 20624 --- [veterinaria] [main] org.hibernate.HQL_FUNCTIONS              : String md5(arg)
2026-08-26T21:51:05.079-04:00 DEBUG 20624 --- [veterinaria] [main] org.hibernate.HQL_FUNCTIONS              : Integer microsecond(TIME arg)
2026-08-26T21:51:05.079-04:00 DEBUG 20624 --- [veterinaria] [main] org.hibernate.HQL_FUNCTIONS              : min(COMPARABLE arg)
2026-08-26T21:51:05.080-04:00 DEBUG 20624 --- [veterinaria] [main] org.hibernate.HQL_FUNCTIONS              : Integer minute(TIME arg)
2026-08-26T21:51:05.080-04:00 DEBUG 20624 --- [veterinaria] [main] org.hibernate.HQL_FUNCTIONS              : Integer mod(INTEGER arg0, INTEGER arg1)
2026-08-26T21:51:05.080-04:00 DEBUG 20624 --- [veterinaria] [main] org.hibernate.HQL_FUNCTIONS              : Integer month(DATE arg)
2026-08-26T21:51:05.080-04:00 DEBUG 20624 --- [veterinaria] [main] org.hibernate.HQL_FUNCTIONS              : String monthname(DATE arg)
2026-08-26T21:51:05.080-04:00 DEBUG 20624 --- [veterinaria] [main] org.hibernate.HQL_FUNCTIONS              : Timestamp now()
2026-08-26T21:51:05.080-04:00 DEBUG 20624 --- [veterinaria] [main] org.hibernate.HQL_FUNCTIONS              : nth_valueANY value, INTEGER nth
2026-08-26T21:51:05.080-04:00 DEBUG 20624 --- [veterinaria] [main] org.hibernate.HQL_FUNCTIONS              : nullif(arg0, arg1)
2026-08-26T21:51:05.080-04:00 DEBUG 20624 --- [veterinaria] [main] org.hibernate.HQL_FUNCTIONS              : Integer octet_length(STRING_OR_CLOB arg)
2026-08-26T21:51:05.080-04:00 DEBUG 20624 --- [veterinaria] [main] org.hibernate.HQL_FUNCTIONS              : OffsetDateTime offset datetime
2026-08-26T21:51:05.080-04:00 DEBUG 20624 --- [veterinaria] [main] org.hibernate.HQL_FUNCTIONS              : OffsetDateTime offset_datetime
2026-08-26T21:51:05.080-04:00 DEBUG 20624 --- [veterinaria] [main] org.hibernate.HQL_FUNCTIONS              : String overlay(STRING string placing STRING replacement from INTEGER start[ for INTEGER length])
2026-08-26T21:51:05.081-04:00 DEBUG 20624 --- [veterinaria] [main] org.hibernate.HQL_FUNCTIONS              : String pad(STRING string with INTEGER length {leading|trailing}[ STRING character])
2026-08-26T21:51:05.081-04:00 DEBUG 20624 --- [veterinaria] [main] org.hibernate.HQL_FUNCTIONS              : Double percent_rank([arg0[, ...]])
2026-08-26T21:51:05.081-04:00 DEBUG 20624 --- [veterinaria] [main] org.hibernate.HQL_FUNCTIONS              : Double pi
2026-08-26T21:51:05.081-04:00 DEBUG 20624 --- [veterinaria] [main] org.hibernate.HQL_FUNCTIONS              : Integer position(STRING pattern in STRING string)
2026-08-26T21:51:05.081-04:00 DEBUG 20624 --- [veterinaria] [main] org.hibernate.HQL_FUNCTIONS              : Double power(NUMERIC arg0, NUMERIC arg1)
2026-08-26T21:51:05.081-04:00 DEBUG 20624 --- [veterinaria] [main] org.hibernate.HQL_FUNCTIONS              : Integer quarter(DATE arg)
2026-08-26T21:51:05.081-04:00 DEBUG 20624 --- [veterinaria] [main] org.hibernate.HQL_FUNCTIONS              : Double radians(NUMERIC arg)
2026-08-26T21:51:05.081-04:00 DEBUG 20624 --- [veterinaria] [main] org.hibernate.HQL_FUNCTIONS              : Double rand([INTEGER seed])
2026-08-26T21:51:05.081-04:00 DEBUG 20624 --- [veterinaria] [main] org.hibernate.HQL_FUNCTIONS              : Long rank([arg0[, ...]])
2026-08-26T21:51:05.082-04:00 DEBUG 20624 --- [veterinaria] [main] org.hibernate.HQL_FUNCTIONS              : String repeat(STRING string, INTEGER times)
2026-08-26T21:51:05.082-04:00 DEBUG 20624 --- [veterinaria] [main] org.hibernate.HQL_FUNCTIONS              : String replace(STRING string, STRING pattern, STRING replacement)
2026-08-26T21:51:05.082-04:00 DEBUG 20624 --- [veterinaria] [main] org.hibernate.HQL_FUNCTIONS              : String reverse(STRING arg)
2026-08-26T21:51:05.082-04:00 DEBUG 20624 --- [veterinaria] [main] org.hibernate.HQL_FUNCTIONS              : String right(STRING string, INTEGER length)
2026-08-26T21:51:05.082-04:00 DEBUG 20624 --- [veterinaria] [main] org.hibernate.HQL_FUNCTIONS              : round(NUMERIC number[, INTEGER places])
2026-08-26T21:51:05.082-04:00 DEBUG 20624 --- [veterinaria] [main] org.hibernate.HQL_FUNCTIONS              : Long row_number()
2026-08-26T21:51:05.082-04:00 DEBUG 20624 --- [veterinaria] [main] org.hibernate.HQL_FUNCTIONS              : String rpad(string, length[, padding])
2026-08-26T21:51:05.082-04:00 DEBUG 20624 --- [veterinaria] [main] org.hibernate.HQL_FUNCTIONS              : String rtrim(STRING string[, STRING characters])
2026-08-26T21:51:05.083-04:00 DEBUG 20624 --- [veterinaria] [main] org.hibernate.HQL_FUNCTIONS              : Integer second(TIME arg)
2026-08-26T21:51:05.083-04:00 DEBUG 20624 --- [veterinaria] [main] org.hibernate.HQL_FUNCTIONS              : String sha(arg)
2026-08-26T21:51:05.083-04:00 DEBUG 20624 --- [veterinaria] [main] org.hibernate.HQL_FUNCTIONS              : String sha1(arg)
2026-08-26T21:51:05.084-04:00 DEBUG 20624 --- [veterinaria] [main] org.hibernate.HQL_FUNCTIONS              : String sha2(arg0, arg1)
2026-08-26T21:51:05.084-04:00 DEBUG 20624 --- [veterinaria] [main] org.hibernate.HQL_FUNCTIONS              : Integer sign(NUMERIC arg)
2026-08-26T21:51:05.084-04:00 DEBUG 20624 --- [veterinaria] [main] org.hibernate.HQL_FUNCTIONS              : Double sin(NUMERIC arg)
2026-08-26T21:51:05.084-04:00 DEBUG 20624 --- [veterinaria] [main] org.hibernate.HQL_FUNCTIONS              : Double sinh(NUMERIC arg)
2026-08-26T21:51:05.084-04:00 DEBUG 20624 --- [veterinaria] [main] org.hibernate.HQL_FUNCTIONS              : String soundex(arg)
2026-08-26T21:51:05.084-04:00 DEBUG 20624 --- [veterinaria] [main] org.hibernate.HQL_FUNCTIONS              : String space(INTEGER arg)
2026-08-26T21:51:05.084-04:00 DEBUG 20624 --- [veterinaria] [main] org.hibernate.HQL_FUNCTIONS              : Object sql
2026-08-26T21:51:05.085-04:00 DEBUG 20624 --- [veterinaria] [main] org.hibernate.HQL_FUNCTIONS              : Double sqrt(NUMERIC arg)
2026-08-26T21:51:05.085-04:00 DEBUG 20624 --- [veterinaria] [main] org.hibernate.HQL_FUNCTIONS              : Double stddev(NUMERIC arg)
2026-08-26T21:51:05.085-04:00 DEBUG 20624 --- [veterinaria] [main] org.hibernate.HQL_FUNCTIONS              : Double stddev_pop(NUMERIC arg)
2026-08-26T21:51:05.085-04:00 DEBUG 20624 --- [veterinaria] [main] org.hibernate.HQL_FUNCTIONS              : Double stddev_samp(NUMERIC arg)
2026-08-26T21:51:05.085-04:00 DEBUG 20624 --- [veterinaria] [main] org.hibernate.HQL_FUNCTIONS              : String str(arg)
2026-08-26T21:51:05.085-04:00 DEBUG 20624 --- [veterinaria] [main] org.hibernate.HQL_FUNCTIONS              : subdate(DATE datetime, INTEGER days)
2026-08-26T21:51:05.085-04:00 DEBUG 20624 --- [veterinaria] [main] org.hibernate.HQL_FUNCTIONS              : String substr(STRING string, INTEGER start[, INTEGER length])
2026-08-26T21:51:05.085-04:00 DEBUG 20624 --- [veterinaria] [main] org.hibernate.HQL_FUNCTIONS              : String substring(STRING string{ from|,} INTEGER start[{ for|,} INTEGER length])
2026-08-26T21:51:05.085-04:00 DEBUG 20624 --- [veterinaria] [main] org.hibernate.HQL_FUNCTIONS              : subtime(TIME datetime, TIME time)
2026-08-26T21:51:05.085-04:00 DEBUG 20624 --- [veterinaria] [main] org.hibernate.HQL_FUNCTIONS              : sum(arg)
2026-08-26T21:51:05.086-04:00 DEBUG 20624 --- [veterinaria] [main] org.hibernate.HQL_FUNCTIONS              : Timestamp sysdate()
2026-08-26T21:51:05.086-04:00 DEBUG 20624 --- [veterinaria] [main] org.hibernate.HQL_FUNCTIONS              : Double tan(NUMERIC arg)
2026-08-26T21:51:05.087-04:00 DEBUG 20624 --- [veterinaria] [main] org.hibernate.HQL_FUNCTIONS              : Double tanh(NUMERIC arg)
2026-08-26T21:51:05.087-04:00 DEBUG 20624 --- [veterinaria] [main] org.hibernate.HQL_FUNCTIONS              : String time(arg)
2026-08-26T21:51:05.087-04:00 DEBUG 20624 --- [veterinaria] [main] org.hibernate.HQL_FUNCTIONS              : Timestamp timestamp(arg0[, arg1])
2026-08-26T21:51:05.088-04:00 DEBUG 20624 --- [veterinaria] [main] org.hibernate.HQL_FUNCTIONS              : timestampadd(TEMPORAL_UNIT field, INTEGER magnitude, TEMPORAL datetime)
2026-08-26T21:51:05.088-04:00 DEBUG 20624 --- [veterinaria] [main] org.hibernate.HQL_FUNCTIONS              : basicType@12(java.lang.Long,-5)|basicType@17(java.lang.Double,8) timestampdiff(TEMPORAL_UNIT field, TEMPORAL start, TEMPORAL end)
2026-08-26T21:51:05.088-04:00 DEBUG 20624 --- [veterinaria] [main] org.hibernate.HQL_FUNCTIONS              : String trim([[{leading|trailing|both} ][STRING arg0 ]from] STRING arg1)
2026-08-26T21:51:05.088-04:00 DEBUG 20624 --- [veterinaria] [main] org.hibernate.HQL_FUNCTIONS              : trunc( ... )
2026-08-26T21:51:05.089-04:00 DEBUG 20624 --- [veterinaria] [main] org.hibernate.HQL_FUNCTIONS              : truncate( ... )
2026-08-26T21:51:05.090-04:00 DEBUG 20624 --- [veterinaria] [main] org.hibernate.HQL_FUNCTIONS              : String upper(STRING string)
2026-08-26T21:51:05.090-04:00 DEBUG 20624 --- [veterinaria] [main] org.hibernate.HQL_FUNCTIONS              : Date utc_date
2026-08-26T21:51:05.092-04:00 DEBUG 20624 --- [veterinaria] [main] org.hibernate.HQL_FUNCTIONS              : Time utc_time
2026-08-26T21:51:05.093-04:00 DEBUG 20624 --- [veterinaria] [main] org.hibernate.HQL_FUNCTIONS              : Timestamp utc_timestamp
2026-08-26T21:51:05.096-04:00 DEBUG 20624 --- [veterinaria] [main] org.hibernate.HQL_FUNCTIONS              : Double var_pop(NUMERIC arg)
2026-08-26T21:51:05.096-04:00 DEBUG 20624 --- [veterinaria] [main] org.hibernate.HQL_FUNCTIONS              : Double var_samp(NUMERIC arg)
2026-08-26T21:51:05.097-04:00 DEBUG 20624 --- [veterinaria] [main] org.hibernate.HQL_FUNCTIONS              : Double variance(NUMERIC arg)
2026-08-26T21:51:05.097-04:00 DEBUG 20624 --- [veterinaria] [main] org.hibernate.HQL_FUNCTIONS              : Integer week(DATE arg)
2026-08-26T21:51:05.097-04:00 DEBUG 20624 --- [veterinaria] [main] org.hibernate.HQL_FUNCTIONS              : Integer year(DATE arg)
2026-08-26T21:51:05.107-04:00 DEBUG 20624 --- [veterinaria] [main] org.hibernate.orm.query.plan.cache       : Starting QueryInterpretationCache(2048)
2026-08-26T21:51:05.113-04:00 TRACE 20624 --- [veterinaria] [main] o.h.s.i.AbstractServiceRegistryImpl      : Initializing service [role=org.hibernate.engine.query.spi.NativeQueryInterpreter]
2026-08-26T21:51:05.187-04:00 DEBUG 20624 --- [veterinaria] [main] .h.s.i.SessionFactoryServiceRegistryImpl : EventListenerRegistry access via ServiceRegistry is deprecated.  Use `sessionFactory.getEventEngine().getListenerRegistry()` instead
2026-08-26T21:51:05.187-04:00 TRACE 20624 --- [veterinaria] [main] o.h.s.i.AbstractServiceRegistryImpl      : Initializing service [role=org.hibernate.engine.jdbc.mutation.spi.MutationExecutorService]
2026-08-26T21:51:05.189-04:00 TRACE 20624 --- [veterinaria] [main] o.h.s.i.AbstractServiceRegistryImpl      : Initializing service [role=org.hibernate.event.spi.EntityCopyObserverFactory]
2026-08-26T21:51:05.189-04:00 DEBUG 20624 --- [veterinaria] [main] h.e.i.EntityCopyObserverFactoryInitiator : Configured EntityCopyObserver strategy: disallow
2026-08-26T21:51:05.190-04:00 TRACE 20624 --- [veterinaria] [main] o.h.s.i.AbstractServiceRegistryImpl      : Initializing service [role=org.hibernate.sql.results.jdbc.spi.JdbcValuesMappingProducerProvider]
2026-08-26T21:51:05.204-04:00 TRACE 20624 --- [veterinaria] [main] o.h.s.i.AbstractServiceRegistryImpl      : Initializing service [role=org.hibernate.engine.jdbc.batch.spi.BatchBuilder]
2026-08-26T21:51:05.208-04:00 TRACE 20624 --- [veterinaria] [main] org.hibernate.orm.jdbc.batch             : Using standard BatchBuilder (1)
2026-08-26T21:51:05.214-04:00 TRACE 20624 --- [veterinaria] [main] o.h.s.i.AbstractServiceRegistryImpl      : Initializing service [role=org.hibernate.persister.spi.PersisterFactory]
2026-08-26T21:51:05.216-04:00 TRACE 20624 --- [veterinaria] [main] o.h.s.i.AbstractServiceRegistryImpl      : Initializing service [role=org.hibernate.persister.spi.PersisterClassResolver]
2026-08-26T21:51:05.221-04:00 DEBUG 20624 --- [veterinaria] [main] o.hibernate.orm.model.mapping.creation   : Starting post-init callbacks
2026-08-26T21:51:05.235-04:00 TRACE 20624 --- [veterinaria] [main] o.h.metamodel.internal.MetadataContext   : Wrapping up metadata context...
2026-08-26T21:51:05.240-04:00 TRACE 20624 --- [veterinaria] [main] o.h.s.i.AbstractServiceRegistryImpl      : Initializing service [role=org.hibernate.engine.transaction.jta.platform.spi.JtaPlatform]
2026-08-26T21:51:05.240-04:00  INFO 20624 --- [veterinaria] [main] o.h.e.t.j.p.i.JtaPlatformInitiator       : HHH000489: No JTA platform available (set 'hibernate.transaction.jta.platform' to enable JTA platform integration)
2026-08-26T21:51:05.241-04:00 DEBUG 20624 --- [veterinaria] [main] o.h.type.spi.TypeConfiguration$Scope     : Scoping TypeConfiguration [org.hibernate.type.spi.TypeConfiguration@1d7f2f0a] to SessionFactoryImplementor [org.hibernate.internal.SessionFactoryImpl@66048ac4]
2026-08-26T21:51:05.243-04:00 DEBUG 20624 --- [veterinaria] [main] o.h.query.named.NamedObjectRepository    : Checking 0 named HQL queries
2026-08-26T21:51:05.244-04:00 DEBUG 20624 --- [veterinaria] [main] o.h.query.named.NamedObjectRepository    : Checking 0 named SQL queries
2026-08-26T21:51:05.247-04:00 DEBUG 20624 --- [veterinaria] [main] .h.t.s.s.SchemaManagementToolCoordinator : No actions found; doing nothing
2026-08-26T21:51:05.249-04:00 DEBUG 20624 --- [veterinaria] [main] o.h.internal.SessionFactoryRegistry      : Initializing SessionFactoryRegistry : org.hibernate.internal.SessionFactoryRegistry@5ee581db
2026-08-26T21:51:05.249-04:00 DEBUG 20624 --- [veterinaria] [main] o.h.internal.SessionFactoryRegistry      : Registering SessionFactory: 4b9fbe8b-ec2c-4285-91e0-1d82d065456e (<unnamed>)
2026-08-26T21:51:05.249-04:00 DEBUG 20624 --- [veterinaria] [main] o.h.internal.SessionFactoryRegistry      : Not binding SessionFactory to JNDI, no JNDI name configured
2026-08-26T21:51:05.249-04:00 TRACE 20624 --- [veterinaria] [main] o.h.type.spi.TypeConfiguration$Scope     : Handling #sessionFactoryCreated from [org.hibernate.internal.SessionFactoryImpl@66048ac4] for TypeConfiguration
2026-08-26T21:51:05.250-04:00 DEBUG 20624 --- [veterinaria] [main] o.hibernate.internal.SessionFactoryImpl  : Instantiated SessionFactory
2026-08-26T21:51:05.250-04:00  INFO 20624 --- [veterinaria] [main] j.LocalContainerEntityManagerFactoryBean : Initialized JPA EntityManagerFactory for persistence unit 'default'
2026-08-26T21:51:05.320-04:00  WARN 20624 --- [veterinaria] [main] JpaBaseConfiguration$JpaWebConfiguration : spring.jpa.open-in-view is enabled by default. Therefore, database queries may be performed during view rendering. Explicitly configure spring.jpa.open-in-view to disable this warning
2026-08-26T21:51:05.493-04:00 TRACE 20624 --- [veterinaria] [main] s.w.s.m.m.a.RequestMappingHandlerMapping : 
	o.s.b.a.w.s.e.BasicErrorController:
	{ [/error]}: error(HttpServletRequest)
	{ [/error], produces [text/html]}: errorHtml(HttpServletRequest,HttpServletResponse)
2026-08-26T21:51:05.503-04:00 DEBUG 20624 --- [veterinaria] [main] s.w.s.m.m.a.RequestMappingHandlerMapping : 2 mappings in 'requestMappingHandlerMapping'
2026-08-26T21:51:05.521-04:00 DEBUG 20624 --- [veterinaria] [main] o.s.w.s.h.BeanNameUrlHandlerMapping      : Detected 0 mappings in 'beanNameHandlerMapping'
2026-08-26T21:51:05.644-04:00 TRACE 20624 --- [veterinaria] [main] o.s.w.s.f.support.RouterFunctionMapping  : 0 RouterFunction(s) in 'routerFunctionMapping'
2026-08-26T21:51:05.670-04:00 TRACE 20624 --- [veterinaria] [main] o.s.w.s.handler.SimpleUrlHandlerMapping  : Mapped [/webjars/**] onto ResourceHttpRequestHandler [classpath [META-INF/resources/webjars/]]
2026-08-26T21:51:05.670-04:00 TRACE 20624 --- [veterinaria] [main] o.s.w.s.handler.SimpleUrlHandlerMapping  : Mapped [/**] onto ResourceHttpRequestHandler [classpath [META-INF/resources/], classpath [resources/], classpath [static/], classpath [public/], ServletContext [/]]
2026-08-26T21:51:05.671-04:00 DEBUG 20624 --- [veterinaria] [main] o.s.w.s.handler.SimpleUrlHandlerMapping  : Patterns [/webjars/**, /**] in 'resourceHandlerMapping'
2026-08-26T21:51:05.751-04:00 DEBUG 20624 --- [veterinaria] [main] s.w.s.m.m.a.RequestMappingHandlerAdapter : ControllerAdvice beans: 0 @ModelAttribute, 0 @InitBinder, 1 RequestBodyAdvice, 1 ResponseBodyAdvice
2026-08-26T21:51:05.815-04:00 DEBUG 20624 --- [veterinaria] [main] .m.m.a.ExceptionHandlerExceptionResolver : ControllerAdvice beans: 0 @ExceptionHandler, 1 ResponseBodyAdvice
2026-08-26T21:51:06.163-04:00  WARN 20624 --- [veterinaria] [main] .s.s.UserDetailsServiceAutoConfiguration : 

Using generated security password: a0c89930-4c10-4d89-891d-4225d5cbd39c

This generated password is for development use only. Your security configuration must be updated before running your application in production.

2026-08-26T21:51:06.420-04:00  INFO 20624 --- [veterinaria] [main] o.s.s.web.DefaultSecurityFilterChain     : Will secure any request with [org.springframework.security.web.session.DisableEncodeUrlFilter@2ed84be9, org.springframework.security.web.context.request.async.WebAsyncManagerIntegrationFilter@400e741, org.springframework.security.web.context.SecurityContextHolderFilter@6d9ee75a, org.springframework.security.web.header.HeaderWriterFilter@344a065a, org.springframework.web.filter.CorsFilter@3be369fc, org.springframework.security.web.csrf.CsrfFilter@42805abe, org.springframework.security.web.authentication.logout.LogoutFilter@2435c6ae, org.springframework.security.web.authentication.UsernamePasswordAuthenticationFilter@4dffa400, org.springframework.security.web.authentication.ui.DefaultLoginPageGeneratingFilter@912747d, org.springframework.security.web.authentication.ui.DefaultLogoutPageGeneratingFilter@35744f8, org.springframework.security.web.authentication.www.BasicAuthenticationFilter@522f0bb8, org.springframework.security.web.savedrequest.RequestCacheAwareFilter@36cf6377, org.springframework.security.web.servletapi.SecurityContextHolderAwareRequestFilter@2befb16f, org.springframework.security.web.authentication.AnonymousAuthenticationFilter@6fbcc078, org.springframework.security.web.access.ExceptionTranslationFilter@6719f206, org.springframework.security.web.access.intercept.AuthorizationFilter@141a10bf]
2026-08-26T21:51:06.544-04:00  INFO 20624 --- [veterinaria] [main] o.s.b.w.embedded.tomcat.TomcatWebServer  : Tomcat started on port 8080 (http) with context path ''
2026-08-26T21:51:06.557-04:00  INFO 20624 --- [veterinaria] [main] c.d.v.App.VeterinariaApplication         : Started VeterinariaApplication in 7.358 seconds (process running for 7.836)
2026-08-26T21:51:15.057-04:00  INFO 20624 --- [veterinaria] [http-nio-8080-exec-1] o.a.c.c.C.[Tomcat].[localhost].[/]       : Initializing Spring DispatcherServlet 'dispatcherServlet'
2026-08-26T21:51:15.058-04:00  INFO 20624 --- [veterinaria] [http-nio-8080-exec-1] o.s.web.servlet.DispatcherServlet        : Initializing Servlet 'dispatcherServlet'
2026-08-26T21:51:15.058-04:00 TRACE 20624 --- [veterinaria] [http-nio-8080-exec-1] o.s.web.servlet.DispatcherServlet        : Detected org.springframework.web.multipart.support.StandardServletMultipartResolver@5aeebccc
2026-08-26T21:51:15.059-04:00 TRACE 20624 --- [veterinaria] [http-nio-8080-exec-1] o.s.web.servlet.DispatcherServlet        : Detected org.springframework.web.servlet.i18n.AcceptHeaderLocaleResolver@4331be30
2026-08-26T21:51:15.059-04:00 TRACE 20624 --- [veterinaria] [http-nio-8080-exec-1] o.s.web.servlet.DispatcherServlet        : Detected org.springframework.web.servlet.theme.FixedThemeResolver@6a9df5
2026-08-26T21:51:15.060-04:00 TRACE 20624 --- [veterinaria] [http-nio-8080-exec-1] o.s.web.servlet.DispatcherServlet        : Detected DefaultRequestToViewNameTranslator
2026-08-26T21:51:15.061-04:00 TRACE 20624 --- [veterinaria] [http-nio-8080-exec-1] o.s.web.servlet.DispatcherServlet        : Detected SessionFlashMapManager
2026-08-26T21:51:15.062-04:00 DEBUG 20624 --- [veterinaria] [http-nio-8080-exec-1] o.s.web.servlet.DispatcherServlet        : enableLoggingRequestDetails='false': request parameters and headers will be masked to prevent unsafe logging of potentially sensitive data
2026-08-26T21:51:15.062-04:00  INFO 20624 --- [veterinaria] [http-nio-8080-exec-1] o.s.web.servlet.DispatcherServlet        : Completed initialization in 4 ms
2026-08-26T21:51:15.162-04:00 TRACE 20624 --- [veterinaria] [http-nio-8080-exec-1] s.w.s.m.m.a.RequestMappingHandlerMapping : 2 matching mappings: [{ [/error]}, { [/error], produces [text/html]}]
2026-08-26T21:51:34.401-04:00 DEBUG 20624 --- [veterinaria] [HikariPool-1 housekeeper] com.zaxxer.hikari.pool.HikariPool        : HikariPool-1 - Pool stats (total=10, active=0, idle=10, waiting=0)
2026-08-26T21:51:34.401-04:00 DEBUG 20624 --- [veterinaria] [HikariPool-1 housekeeper] com.zaxxer.hikari.pool.HikariPool        : HikariPool-1 - Fill pool skipped, pool has sufficient level or currently being filled (queueDepth=0).
2026-08-26T21:52:04.414-04:00 DEBUG 20624 --- [veterinaria] [HikariPool-1 housekeeper] com.zaxxer.hikari.pool.HikariPool        : HikariPool-1 - Pool stats (total=10, active=0, idle=10, waiting=0)
2026-08-26T21:52:04.414-04:00 DEBUG 20624 --- [veterinaria] [HikariPool-1 housekeeper] com.zaxxer.hikari.pool.HikariPool        : HikariPool-1 - Fill pool skipped, pool has sufficient level or currently being filled (queueDepth=0).
2026-08-26T21:52:34.431-04:00 DEBUG 20624 --- [veterinaria] [HikariPool-1 housekeeper] com.zaxxer.hikari.pool.HikariPool        : HikariPool-1 - Pool stats (total=10, active=0, idle=10, waiting=0)
2026-08-26T21:52:34.431-04:00 DEBUG 20624 --- [veterinaria] [HikariPool-1 housekeeper] com.zaxxer.hikari.pool.HikariPool        : HikariPool-1 - Fill pool skipped, pool has sufficient level or currently being filled (queueDepth=0).
2026-08-26T21:53:04.443-04:00 DEBUG 20624 --- [veterinaria] [HikariPool-1 housekeeper] com.zaxxer.hikari.pool.HikariPool        : HikariPool-1 - Pool stats (total=10, active=0, idle=10, waiting=0)
2026-08-26T21:53:04.443-04:00 DEBUG 20624 --- [veterinaria] [HikariPool-1 housekeeper] com.zaxxer.hikari.pool.HikariPool        : HikariPool-1 - Fill pool skipped, pool has sufficient level or currently being filled (queueDepth=0).
2026-08-26T21:53:12.532-04:00 TRACE 20624 --- [veterinaria] [http-nio-8080-exec-4] s.w.s.m.m.a.RequestMappingHandlerMapping : 2 matching mappings: [{ [/error]}, { [/error], produces [text/html]}]
2026-08-26T21:53:12.594-04:00 TRACE 20624 --- [veterinaria] [http-nio-8080-exec-5] s.w.s.m.m.a.RequestMappingHandlerMapping : 2 matching mappings: [{ [/error]}, { [/error], produces [text/html]}]
2026-08-26T21:53:34.449-04:00 DEBUG 20624 --- [veterinaria] [HikariPool-1 housekeeper] com.zaxxer.hikari.pool.HikariPool        : HikariPool-1 - Pool stats (total=10, active=0, idle=10, waiting=0)
2026-08-26T21:53:34.449-04:00 DEBUG 20624 --- [veterinaria] [HikariPool-1 housekeeper] com.zaxxer.hikari.pool.HikariPool        : HikariPool-1 - Fill pool skipped, pool has sufficient level or currently being filled (queueDepth=0).
2026-08-26T21:54:04.452-04:00 DEBUG 20624 --- [veterinaria] [HikariPool-1 housekeeper] com.zaxxer.hikari.pool.HikariPool        : HikariPool-1 - Pool stats (total=10, active=0, idle=10, waiting=0)
2026-08-26T21:54:04.453-04:00 DEBUG 20624 --- [veterinaria] [HikariPool-1 housekeeper] com.zaxxer.hikari.pool.HikariPool        : HikariPool-1 - Fill pool skipped, pool has sufficient level or currently being filled (queueDepth=0).
2026-08-26T21:54:34.465-04:00 DEBUG 20624 --- [veterinaria] [HikariPool-1 housekeeper] com.zaxxer.hikari.pool.HikariPool        : HikariPool-1 - Pool stats (total=10, active=0, idle=10, waiting=0)
2026-08-26T21:54:34.465-04:00 DEBUG 20624 --- [veterinaria] [HikariPool-1 housekeeper] com.zaxxer.hikari.pool.HikariPool        : HikariPool-1 - Fill pool skipped, pool has sufficient level or currently being filled (queueDepth=0).
2026-08-26T22:06:47.885-04:00  INFO 29880 --- [veterinaria] [main] c.d.v.App.VeterinariaApplication         : Starting VeterinariaApplication using Java 20.0.2 with PID 29880 (C:\Users\rodri\OneDrive\Escritorio\Uni\Bimestre VI\Seguridad y calidad en el desarrollo\Semana 2\veterinaria-s2\veterinaria\target\classes started by rodri in C:\Users\rodri\OneDrive\Escritorio\Uni\Bimestre VI\Seguridad y calidad en el desarrollo\Semana 2\veterinaria-s2)
2026-08-26T22:06:47.889-04:00  INFO 29880 --- [veterinaria] [main] c.d.v.App.VeterinariaApplication         : No active profile set, falling back to 1 default profile: "default"
2026-08-26T22:06:49.401-04:00  INFO 29880 --- [veterinaria] [main] .s.d.r.c.RepositoryConfigurationDelegate : Bootstrapping Spring Data JPA repositories in DEFAULT mode.
2026-08-26T22:06:49.441-04:00  INFO 29880 --- [veterinaria] [main] .s.d.r.c.RepositoryConfigurationDelegate : Finished Spring Data repository scanning in 21 ms. Found 0 JPA repository interfaces.
2026-08-26T22:06:50.564-04:00  INFO 29880 --- [veterinaria] [main] o.s.b.w.embedded.tomcat.TomcatWebServer  : Tomcat initialized with port 8080 (http)
2026-08-26T22:06:50.598-04:00  INFO 29880 --- [veterinaria] [main] o.apache.catalina.core.StandardService   : Starting service [Tomcat]
2026-08-26T22:06:50.599-04:00  INFO 29880 --- [veterinaria] [main] o.apache.catalina.core.StandardEngine    : Starting Servlet engine: [Apache Tomcat/10.1.20]
2026-08-26T22:06:50.729-04:00  INFO 29880 --- [veterinaria] [main] o.a.c.c.C.[Tomcat].[localhost].[/]       : Initializing Spring embedded WebApplicationContext
2026-08-26T22:06:50.729-04:00  INFO 29880 --- [veterinaria] [main] w.s.c.ServletWebServerApplicationContext : Root WebApplicationContext: initialization completed in 2750 ms
2026-08-26T22:06:50.907-04:00 DEBUG 29880 --- [veterinaria] [main] com.zaxxer.hikari.HikariConfig           : Driver class com.mysql.cj.jdbc.Driver found in Thread context class loader jdk.internal.loader.ClassLoaders$AppClassLoader@33909752
2026-08-26T22:06:51.098-04:00 DEBUG 29880 --- [veterinaria] [main] o.hibernate.jpa.internal.util.LogHelper  : PersistenceUnitInfo [
	name: default
	persistence provider classname: null
	classloader: jdk.internal.loader.ClassLoaders$AppClassLoader@33909752
	excludeUnlistedClasses: true
	JTA datasource: null
	Non JTA datasource: HikariDataSource (null)
	Transaction type: RESOURCE_LOCAL
	PU root URL: file:/C:/Users/rodri/OneDrive/Escritorio/Uni/Bimestre%20VI/Seguridad%20y%20calidad%20en%20el%20desarrollo/Semana%202/veterinaria-s2/veterinaria/target/classes/
	Shared Cache Mode: UNSPECIFIED
	Validation Mode: AUTO
	Jar files URLs []
	Managed classes names []
	Mapping files names []
	Properties []
2026-08-26T22:06:51.153-04:00 DEBUG 29880 --- [veterinaria] [main] o.h.i.internal.IntegratorServiceImpl     : Adding Integrator [org.hibernate.boot.beanvalidation.BeanValidationIntegrator].
2026-08-26T22:06:51.157-04:00 DEBUG 29880 --- [veterinaria] [main] o.h.i.internal.IntegratorServiceImpl     : Adding Integrator [org.hibernate.cache.internal.CollectionCacheInvalidator].
2026-08-26T22:06:51.177-04:00 TRACE 29880 --- [veterinaria] [main] o.h.b.r.s.internal.StrategySelectorImpl  : Registering named strategy selector [org.hibernate.resource.transaction.spi.TransactionCoordinatorBuilder] : [jdbc] -> [org.hibernate.resource.transaction.backend.jdbc.internal.JdbcResourceLocalTransactionCoordinatorBuilderImpl]
2026-08-26T22:06:51.179-04:00 TRACE 29880 --- [veterinaria] [main] o.h.b.r.s.internal.StrategySelectorImpl  : Registering named strategy selector [org.hibernate.resource.transaction.spi.TransactionCoordinatorBuilder] : [jta] -> [org.hibernate.resource.transaction.backend.jta.internal.JtaTransactionCoordinatorBuilderImpl]
2026-08-26T22:06:51.179-04:00 TRACE 29880 --- [veterinaria] [main] o.h.b.r.s.internal.StrategySelectorImpl  : Registering named strategy selector [org.hibernate.resource.transaction.spi.TransactionCoordinatorBuilder] : [org.hibernate.transaction.JDBCTransactionFactory] -> [org.hibernate.resource.transaction.backend.jdbc.internal.JdbcResourceLocalTransactionCoordinatorBuilderImpl]
2026-08-26T22:06:51.180-04:00 TRACE 29880 --- [veterinaria] [main] o.h.b.r.s.internal.StrategySelectorImpl  : Registering named strategy selector [org.hibernate.resource.transaction.spi.TransactionCoordinatorBuilder] : [org.hibernate.transaction.JTATransactionFactory] -> [org.hibernate.resource.transaction.backend.jta.internal.JtaTransactionCoordinatorBuilderImpl]
2026-08-26T22:06:51.180-04:00 TRACE 29880 --- [veterinaria] [main] o.h.b.r.s.internal.StrategySelectorImpl  : Registering named strategy selector [org.hibernate.resource.transaction.spi.TransactionCoordinatorBuilder] : [org.hibernate.transaction.CMTTransactionFactory] -> [org.hibernate.resource.transaction.backend.jta.internal.JtaTransactionCoordinatorBuilderImpl]
2026-08-26T22:06:51.183-04:00 TRACE 29880 --- [veterinaria] [main] o.h.b.r.s.internal.StrategySelectorImpl  : Registering named strategy selector [org.hibernate.query.sqm.mutation.spi.SqmMultiTableInsertStrategy] : [cte] -> [org.hibernate.query.sqm.mutation.internal.cte.CteInsertStrategy]
2026-08-26T22:06:51.186-04:00 TRACE 29880 --- [veterinaria] [main] o.h.b.r.s.internal.StrategySelectorImpl  : Registering named strategy selector [org.hibernate.query.sqm.mutation.spi.SqmMultiTableInsertStrategy] : [global_temporary] -> [org.hibernate.query.sqm.mutation.internal.temptable.GlobalTemporaryTableInsertStrategy]
2026-08-26T22:06:51.188-04:00 TRACE 29880 --- [veterinaria] [main] o.h.b.r.s.internal.StrategySelectorImpl  : Registering named strategy selector [org.hibernate.query.sqm.mutation.spi.SqmMultiTableInsertStrategy] : [local_temporary] -> [org.hibernate.query.sqm.mutation.internal.temptable.LocalTemporaryTableInsertStrategy]
2026-08-26T22:06:51.193-04:00 TRACE 29880 --- [veterinaria] [main] o.h.b.r.s.internal.StrategySelectorImpl  : Registering named strategy selector [org.hibernate.query.sqm.mutation.spi.SqmMultiTableInsertStrategy] : [persistent] -> [org.hibernate.query.sqm.mutation.internal.temptable.PersistentTableInsertStrategy]
2026-08-26T22:06:51.196-04:00 TRACE 29880 --- [veterinaria] [main] o.h.b.r.s.internal.StrategySelectorImpl  : Registering named strategy selector [org.hibernate.query.sqm.mutation.spi.SqmMultiTableMutationStrategy] : [cte] -> [org.hibernate.query.sqm.mutation.internal.cte.CteMutationStrategy]
2026-08-26T22:06:51.198-04:00 TRACE 29880 --- [veterinaria] [main] o.h.b.r.s.internal.StrategySelectorImpl  : Registering named strategy selector [org.hibernate.query.sqm.mutation.spi.SqmMultiTableMutationStrategy] : [global_temporary] -> [org.hibernate.query.sqm.mutation.internal.temptable.GlobalTemporaryTableMutationStrategy]
2026-08-26T22:06:51.199-04:00 TRACE 29880 --- [veterinaria] [main] o.h.b.r.s.internal.StrategySelectorImpl  : Registering named strategy selector [org.hibernate.query.sqm.mutation.spi.SqmMultiTableMutationStrategy] : [local_temporary] -> [org.hibernate.query.sqm.mutation.internal.temptable.LocalTemporaryTableMutationStrategy]
2026-08-26T22:06:51.201-04:00 TRACE 29880 --- [veterinaria] [main] o.h.b.r.s.internal.StrategySelectorImpl  : Registering named strategy selector [org.hibernate.query.sqm.mutation.spi.SqmMultiTableMutationStrategy] : [persistent] -> [org.hibernate.query.sqm.mutation.internal.temptable.PersistentTableMutationStrategy]
2026-08-26T22:06:51.201-04:00 TRACE 29880 --- [veterinaria] [main] o.h.b.r.s.internal.StrategySelectorImpl  : Registering named strategy selector [org.hibernate.boot.model.naming.ImplicitNamingStrategy] : [default] -> [org.hibernate.boot.model.naming.ImplicitNamingStrategyJpaCompliantImpl]
2026-08-26T22:06:51.201-04:00 TRACE 29880 --- [veterinaria] [main] o.h.b.r.s.internal.StrategySelectorImpl  : Registering named strategy selector [org.hibernate.boot.model.naming.ImplicitNamingStrategy] : [jpa] -> [org.hibernate.boot.model.naming.ImplicitNamingStrategyJpaCompliantImpl]
2026-08-26T22:06:51.202-04:00 TRACE 29880 --- [veterinaria] [main] o.h.b.r.s.internal.StrategySelectorImpl  : Registering named strategy selector [org.hibernate.boot.model.naming.ImplicitNamingStrategy] : [legacy-jpa] -> [org.hibernate.boot.model.naming.ImplicitNamingStrategyLegacyJpaImpl]
2026-08-26T22:06:51.204-04:00 TRACE 29880 --- [veterinaria] [main] o.h.b.r.s.internal.StrategySelectorImpl  : Registering named strategy selector [org.hibernate.boot.model.naming.ImplicitNamingStrategy] : [legacy-hbm] -> [org.hibernate.boot.model.naming.ImplicitNamingStrategyLegacyHbmImpl]
2026-08-26T22:06:51.205-04:00 TRACE 29880 --- [veterinaria] [main] o.h.b.r.s.internal.StrategySelectorImpl  : Registering named strategy selector [org.hibernate.boot.model.naming.ImplicitNamingStrategy] : [component-path] -> [org.hibernate.boot.model.naming.ImplicitNamingStrategyComponentPathImpl]
2026-08-26T22:06:51.208-04:00 TRACE 29880 --- [veterinaria] [main] o.h.b.r.s.internal.StrategySelectorImpl  : Registering named strategy selector [org.hibernate.id.enhanced.ImplicitDatabaseObjectNamingStrategy] : [standard] -> [org.hibernate.id.enhanced.StandardNamingStrategy]
2026-08-26T22:06:51.210-04:00 TRACE 29880 --- [veterinaria] [main] o.h.b.r.s.internal.StrategySelectorImpl  : Registering named strategy selector [org.hibernate.id.enhanced.ImplicitDatabaseObjectNamingStrategy] : [single] -> [org.hibernate.id.enhanced.SingleNamingStrategy]
2026-08-26T22:06:51.211-04:00 TRACE 29880 --- [veterinaria] [main] o.h.b.r.s.internal.StrategySelectorImpl  : Registering named strategy selector [org.hibernate.id.enhanced.ImplicitDatabaseObjectNamingStrategy] : [legacy] -> [org.hibernate.id.enhanced.LegacyNamingStrategy]
2026-08-26T22:06:51.214-04:00 TRACE 29880 --- [veterinaria] [main] o.h.b.r.s.internal.StrategySelectorImpl  : Registering named strategy selector [org.hibernate.boot.model.relational.ColumnOrderingStrategy] : [default] -> [org.hibernate.boot.model.relational.ColumnOrderingStrategyStandard]
2026-08-26T22:06:51.215-04:00 TRACE 29880 --- [veterinaria] [main] o.h.b.r.s.internal.StrategySelectorImpl  : Registering named strategy selector [org.hibernate.boot.model.relational.ColumnOrderingStrategy] : [legacy] -> [org.hibernate.boot.model.relational.ColumnOrderingStrategyLegacy]
2026-08-26T22:06:51.217-04:00 TRACE 29880 --- [veterinaria] [main] o.h.b.r.s.internal.StrategySelectorImpl  : Registering named strategy selector [org.hibernate.cache.spi.CacheKeysFactory] : [default] -> [org.hibernate.cache.internal.DefaultCacheKeysFactory]
2026-08-26T22:06:51.219-04:00 TRACE 29880 --- [veterinaria] [main] o.h.b.r.s.internal.StrategySelectorImpl  : Registering named strategy selector [org.hibernate.cache.spi.CacheKeysFactory] : [simple] -> [org.hibernate.cache.internal.SimpleCacheKeysFactory]
2026-08-26T22:06:51.221-04:00 TRACE 29880 --- [veterinaria] [main] o.h.b.r.s.internal.StrategySelectorImpl  : Registering named strategy selector [org.hibernate.type.format.FormatMapper] : [jackson] -> [org.hibernate.type.format.jackson.JacksonJsonFormatMapper]
2026-08-26T22:06:51.223-04:00 TRACE 29880 --- [veterinaria] [main] o.h.b.r.s.internal.StrategySelectorImpl  : Registering named strategy selector [org.hibernate.type.format.FormatMapper] : [jsonb] -> [org.hibernate.type.format.jakartajson.JsonBJsonFormatMapper]
2026-08-26T22:06:51.224-04:00 TRACE 29880 --- [veterinaria] [main] o.h.b.r.s.internal.StrategySelectorImpl  : Registering named strategy selector [org.hibernate.type.format.FormatMapper] : [jackson-xml] -> [org.hibernate.type.format.jackson.JacksonXmlFormatMapper]
2026-08-26T22:06:51.226-04:00 TRACE 29880 --- [veterinaria] [main] o.h.b.r.s.internal.StrategySelectorImpl  : Registering named strategy selector [org.hibernate.type.format.FormatMapper] : [jaxb] -> [org.hibernate.type.format.jaxb.JaxbXmlFormatMapper]
2026-08-26T22:06:51.302-04:00  INFO 29880 --- [veterinaria] [main] org.hibernate.Version                    : HHH000412: Hibernate ORM core version 6.4.4.Final
2026-08-26T22:06:51.303-04:00 DEBUG 29880 --- [veterinaria] [main] org.hibernate.cfg.Environment            : HHH000206: 'hibernate.properties' not found
2026-08-26T22:06:51.323-04:00 TRACE 29880 --- [veterinaria] [main] o.h.s.i.AbstractServiceRegistryImpl      : Initializing service [role=org.hibernate.id.factory.IdentifierGeneratorFactory]
2026-08-26T22:06:51.327-04:00 TRACE 29880 --- [veterinaria] [main] o.h.s.i.AbstractServiceRegistryImpl      : Initializing service [role=org.hibernate.engine.config.spi.ConfigurationService]
2026-08-26T22:06:51.331-04:00 TRACE 29880 --- [veterinaria] [main] o.h.s.i.AbstractServiceRegistryImpl      : Initializing service [role=org.hibernate.resource.beans.spi.ManagedBeanRegistry]
2026-08-26T22:06:51.342-04:00 DEBUG 29880 --- [veterinaria] [main] org.hibernate.orm.idgen.factory          : Registering IdentifierGenerator strategy [uuid2] -> [org.hibernate.id.UUIDGenerator]
2026-08-26T22:06:51.344-04:00 DEBUG 29880 --- [veterinaria] [main] org.hibernate.orm.idgen.factory          : Registering IdentifierGenerator strategy [guid] -> [org.hibernate.id.GUIDGenerator]
2026-08-26T22:06:51.346-04:00 DEBUG 29880 --- [veterinaria] [main] org.hibernate.orm.idgen.factory          : Registering IdentifierGenerator strategy [uuid] -> [org.hibernate.id.UUIDHexGenerator]
2026-08-26T22:06:51.347-04:00 DEBUG 29880 --- [veterinaria] [main] org.hibernate.orm.idgen.factory          : Registering IdentifierGenerator strategy [uuid.hex] -> [org.hibernate.id.UUIDHexGenerator]
2026-08-26T22:06:51.348-04:00 DEBUG 29880 --- [veterinaria] [main] org.hibernate.orm.idgen.factory          : Registering IdentifierGenerator strategy [assigned] -> [org.hibernate.id.Assigned]
2026-08-26T22:06:51.352-04:00 DEBUG 29880 --- [veterinaria] [main] org.hibernate.orm.idgen.factory          : Registering IdentifierGenerator strategy [identity] -> [org.hibernate.id.IdentityGenerator]
2026-08-26T22:06:51.354-04:00 DEBUG 29880 --- [veterinaria] [main] org.hibernate.orm.idgen.factory          : Registering IdentifierGenerator strategy [select] -> [org.hibernate.id.SelectGenerator]
2026-08-26T22:06:51.359-04:00 DEBUG 29880 --- [veterinaria] [main] org.hibernate.orm.idgen.factory          : Registering IdentifierGenerator strategy [sequence] -> [org.hibernate.id.enhanced.SequenceStyleGenerator]
2026-08-26T22:06:51.361-04:00 DEBUG 29880 --- [veterinaria] [main] org.hibernate.orm.idgen.factory          : Registering IdentifierGenerator strategy [increment] -> [org.hibernate.id.IncrementGenerator]
2026-08-26T22:06:51.362-04:00 DEBUG 29880 --- [veterinaria] [main] org.hibernate.orm.idgen.factory          : Registering IdentifierGenerator strategy [foreign] -> [org.hibernate.id.ForeignGenerator]
2026-08-26T22:06:51.362-04:00 DEBUG 29880 --- [veterinaria] [main] org.hibernate.orm.idgen.factory          : Registering IdentifierGenerator strategy [enhanced-sequence] -> [org.hibernate.id.enhanced.SequenceStyleGenerator]
2026-08-26T22:06:51.363-04:00 DEBUG 29880 --- [veterinaria] [main] org.hibernate.orm.idgen.factory          : Registering IdentifierGenerator strategy [enhanced-table] -> [org.hibernate.id.enhanced.TableGenerator]
2026-08-26T22:06:51.377-04:00 TRACE 29880 --- [veterinaria] [main] o.h.s.i.AbstractServiceRegistryImpl      : Initializing service [role=org.hibernate.engine.jdbc.connections.spi.MultiTenantConnectionProvider]
2026-08-26T22:06:51.378-04:00 TRACE 29880 --- [veterinaria] [main] o.h.s.i.AbstractServiceRegistryImpl      : Initializing service [role=org.hibernate.cache.spi.RegionFactory]
2026-08-26T22:06:51.379-04:00 DEBUG 29880 --- [veterinaria] [main] o.h.c.internal.RegionFactoryInitiator    : Cannot default RegionFactory based on registered strategies as `[]` RegionFactory strategies were registered
2026-08-26T22:06:51.381-04:00  INFO 29880 --- [veterinaria] [main] o.h.c.internal.RegionFactoryInitiator    : HHH000026: Second-level cache disabled
2026-08-26T22:06:51.550-04:00 DEBUG 29880 --- [veterinaria] [main] org.hibernate.type.BasicTypeRegistry     : Adding type registration boolean -> org.hibernate.type.BasicTypeReference@19b07407
2026-08-26T22:06:51.551-04:00 DEBUG 29880 --- [veterinaria] [main] org.hibernate.type.BasicTypeRegistry     : Adding type registration boolean -> org.hibernate.type.BasicTypeReference@19b07407
2026-08-26T22:06:51.551-04:00 DEBUG 29880 --- [veterinaria] [main] org.hibernate.type.BasicTypeRegistry     : Adding type registration java.lang.Boolean -> org.hibernate.type.BasicTypeReference@19b07407
2026-08-26T22:06:51.551-04:00 DEBUG 29880 --- [veterinaria] [main] org.hibernate.type.BasicTypeRegistry     : Adding type registration numeric_boolean -> org.hibernate.type.BasicTypeReference@54ffa561
2026-08-26T22:06:51.551-04:00 DEBUG 29880 --- [veterinaria] [main] org.hibernate.type.BasicTypeRegistry     : Adding type registration org.hibernate.type.NumericBooleanConverter -> org.hibernate.type.BasicTypeReference@54ffa561
2026-08-26T22:06:51.552-04:00 DEBUG 29880 --- [veterinaria] [main] org.hibernate.type.BasicTypeRegistry     : Adding type registration true_false -> org.hibernate.type.BasicTypeReference@49c099b
2026-08-26T22:06:51.552-04:00 DEBUG 29880 --- [veterinaria] [main] org.hibernate.type.BasicTypeRegistry     : Adding type registration org.hibernate.type.TrueFalseConverter -> org.hibernate.type.BasicTypeReference@49c099b
2026-08-26T22:06:51.552-04:00 DEBUG 29880 --- [veterinaria] [main] org.hibernate.type.BasicTypeRegistry     : Adding type registration yes_no -> org.hibernate.type.BasicTypeReference@3d9f0a5
2026-08-26T22:06:51.552-04:00 DEBUG 29880 --- [veterinaria] [main] org.hibernate.type.BasicTypeRegistry     : Adding type registration org.hibernate.type.YesNoConverter -> org.hibernate.type.BasicTypeReference@3d9f0a5
2026-08-26T22:06:51.552-04:00 DEBUG 29880 --- [veterinaria] [main] org.hibernate.type.BasicTypeRegistry     : Adding type registration byte -> org.hibernate.type.BasicTypeReference@1953bc95
2026-08-26T22:06:51.553-04:00 DEBUG 29880 --- [veterinaria] [main] org.hibernate.type.BasicTypeRegistry     : Adding type registration byte -> org.hibernate.type.BasicTypeReference@1953bc95
2026-08-26T22:06:51.553-04:00 DEBUG 29880 --- [veterinaria] [main] org.hibernate.type.BasicTypeRegistry     : Adding type registration java.lang.Byte -> org.hibernate.type.BasicTypeReference@1953bc95
2026-08-26T22:06:51.553-04:00 DEBUG 29880 --- [veterinaria] [main] org.hibernate.type.BasicTypeRegistry     : Adding type registration binary -> org.hibernate.type.BasicTypeReference@30aec673
2026-08-26T22:06:51.553-04:00 DEBUG 29880 --- [veterinaria] [main] org.hibernate.type.BasicTypeRegistry     : Adding type registration byte[] -> org.hibernate.type.BasicTypeReference@30aec673
2026-08-26T22:06:51.553-04:00 DEBUG 29880 --- [veterinaria] [main] org.hibernate.type.BasicTypeRegistry     : Adding type registration [B -> org.hibernate.type.BasicTypeReference@30aec673
2026-08-26T22:06:51.553-04:00 DEBUG 29880 --- [veterinaria] [main] org.hibernate.type.BasicTypeRegistry     : Adding type registration binary_wrapper -> org.hibernate.type.BasicTypeReference@549ac12c
2026-08-26T22:06:51.553-04:00 DEBUG 29880 --- [veterinaria] [main] org.hibernate.type.BasicTypeRegistry     : Adding type registration wrapper-binary -> org.hibernate.type.BasicTypeReference@549ac12c
2026-08-26T22:06:51.554-04:00 DEBUG 29880 --- [veterinaria] [main] org.hibernate.type.BasicTypeRegistry     : Adding type registration image -> org.hibernate.type.BasicTypeReference@188a5fc2
2026-08-26T22:06:51.554-04:00 DEBUG 29880 --- [veterinaria] [main] org.hibernate.type.BasicTypeRegistry     : Adding type registration blob -> org.hibernate.type.BasicTypeReference@1cb9ef52
2026-08-26T22:06:51.554-04:00 DEBUG 29880 --- [veterinaria] [main] org.hibernate.type.BasicTypeRegistry     : Adding type registration java.sql.Blob -> org.hibernate.type.BasicTypeReference@1cb9ef52
2026-08-26T22:06:51.554-04:00 DEBUG 29880 --- [veterinaria] [main] org.hibernate.type.BasicTypeRegistry     : Adding type registration materialized_blob -> org.hibernate.type.BasicTypeReference@5a622fe8
2026-08-26T22:06:51.554-04:00 DEBUG 29880 --- [veterinaria] [main] org.hibernate.type.BasicTypeRegistry     : Adding type registration materialized_blob_wrapper -> org.hibernate.type.BasicTypeReference@58f31629
2026-08-26T22:06:51.554-04:00 DEBUG 29880 --- [veterinaria] [main] org.hibernate.type.BasicTypeRegistry     : Adding type registration short -> org.hibernate.type.BasicTypeReference@124d26ba
2026-08-26T22:06:51.554-04:00 DEBUG 29880 --- [veterinaria] [main] org.hibernate.type.BasicTypeRegistry     : Adding type registration short -> org.hibernate.type.BasicTypeReference@124d26ba
2026-08-26T22:06:51.555-04:00 DEBUG 29880 --- [veterinaria] [main] org.hibernate.type.BasicTypeRegistry     : Adding type registration java.lang.Short -> org.hibernate.type.BasicTypeReference@124d26ba
2026-08-26T22:06:51.555-04:00 DEBUG 29880 --- [veterinaria] [main] org.hibernate.type.BasicTypeRegistry     : Adding type registration integer -> org.hibernate.type.BasicTypeReference@415d88de
2026-08-26T22:06:51.556-04:00 DEBUG 29880 --- [veterinaria] [main] org.hibernate.type.BasicTypeRegistry     : Adding type registration int -> org.hibernate.type.BasicTypeReference@415d88de
2026-08-26T22:06:51.556-04:00 DEBUG 29880 --- [veterinaria] [main] org.hibernate.type.BasicTypeRegistry     : Adding type registration java.lang.Integer -> org.hibernate.type.BasicTypeReference@415d88de
2026-08-26T22:06:51.557-04:00 DEBUG 29880 --- [veterinaria] [main] org.hibernate.type.BasicTypeRegistry     : Adding type registration long -> org.hibernate.type.BasicTypeReference@a0bf272
2026-08-26T22:06:51.558-04:00 DEBUG 29880 --- [veterinaria] [main] org.hibernate.type.BasicTypeRegistry     : Adding type registration long -> org.hibernate.type.BasicTypeReference@a0bf272
2026-08-26T22:06:51.559-04:00 DEBUG 29880 --- [veterinaria] [main] org.hibernate.type.BasicTypeRegistry     : Adding type registration java.lang.Long -> org.hibernate.type.BasicTypeReference@a0bf272
2026-08-26T22:06:51.559-04:00 DEBUG 29880 --- [veterinaria] [main] org.hibernate.type.BasicTypeRegistry     : Adding type registration float -> org.hibernate.type.BasicTypeReference@4a89ef44
2026-08-26T22:06:51.559-04:00 DEBUG 29880 --- [veterinaria] [main] org.hibernate.type.BasicTypeRegistry     : Adding type registration float -> org.hibernate.type.BasicTypeReference@4a89ef44
2026-08-26T22:06:51.560-04:00 DEBUG 29880 --- [veterinaria] [main] org.hibernate.type.BasicTypeRegistry     : Adding type registration java.lang.Float -> org.hibernate.type.BasicTypeReference@4a89ef44
2026-08-26T22:06:51.560-04:00 DEBUG 29880 --- [veterinaria] [main] org.hibernate.type.BasicTypeRegistry     : Adding type registration double -> org.hibernate.type.BasicTypeReference@310a7859
2026-08-26T22:06:51.560-04:00 DEBUG 29880 --- [veterinaria] [main] org.hibernate.type.BasicTypeRegistry     : Adding type registration double -> org.hibernate.type.BasicTypeReference@310a7859
2026-08-26T22:06:51.561-04:00 DEBUG 29880 --- [veterinaria] [main] org.hibernate.type.BasicTypeRegistry     : Adding type registration java.lang.Double -> org.hibernate.type.BasicTypeReference@310a7859
2026-08-26T22:06:51.561-04:00 DEBUG 29880 --- [veterinaria] [main] org.hibernate.type.BasicTypeRegistry     : Adding type registration big_integer -> org.hibernate.type.BasicTypeReference@1cbc1dde
2026-08-26T22:06:51.562-04:00 DEBUG 29880 --- [veterinaria] [main] org.hibernate.type.BasicTypeRegistry     : Adding type registration java.math.BigInteger -> org.hibernate.type.BasicTypeReference@1cbc1dde
2026-08-26T22:06:51.562-04:00 DEBUG 29880 --- [veterinaria] [main] org.hibernate.type.BasicTypeRegistry     : Adding type registration big_decimal -> org.hibernate.type.BasicTypeReference@4971f459
2026-08-26T22:06:51.562-04:00 DEBUG 29880 --- [veterinaria] [main] org.hibernate.type.BasicTypeRegistry     : Adding type registration java.math.BigDecimal -> org.hibernate.type.BasicTypeReference@4971f459
2026-08-26T22:06:51.563-04:00 DEBUG 29880 --- [veterinaria] [main] org.hibernate.type.BasicTypeRegistry     : Adding type registration character -> org.hibernate.type.BasicTypeReference@4c07d1fc
2026-08-26T22:06:51.563-04:00 DEBUG 29880 --- [veterinaria] [main] org.hibernate.type.BasicTypeRegistry     : Adding type registration char -> org.hibernate.type.BasicTypeReference@4c07d1fc
2026-08-26T22:06:51.563-04:00 DEBUG 29880 --- [veterinaria] [main] org.hibernate.type.BasicTypeRegistry     : Adding type registration java.lang.Character -> org.hibernate.type.BasicTypeReference@4c07d1fc
2026-08-26T22:06:51.563-04:00 DEBUG 29880 --- [veterinaria] [main] org.hibernate.type.BasicTypeRegistry     : Adding type registration character_nchar -> org.hibernate.type.BasicTypeReference@2eada095
2026-08-26T22:06:51.564-04:00 DEBUG 29880 --- [veterinaria] [main] org.hibernate.type.BasicTypeRegistry     : Adding type registration string -> org.hibernate.type.BasicTypeReference@52831a73
2026-08-26T22:06:51.564-04:00 DEBUG 29880 --- [veterinaria] [main] org.hibernate.type.BasicTypeRegistry     : Adding type registration java.lang.String -> org.hibernate.type.BasicTypeReference@52831a73
2026-08-26T22:06:51.564-04:00 DEBUG 29880 --- [veterinaria] [main] org.hibernate.type.BasicTypeRegistry     : Adding type registration nstring -> org.hibernate.type.BasicTypeReference@1416ff46
2026-08-26T22:06:51.564-04:00 DEBUG 29880 --- [veterinaria] [main] org.hibernate.type.BasicTypeRegistry     : Adding type registration characters -> org.hibernate.type.BasicTypeReference@66ec4409
2026-08-26T22:06:51.565-04:00 DEBUG 29880 --- [veterinaria] [main] org.hibernate.type.BasicTypeRegistry     : Adding type registration char[] -> org.hibernate.type.BasicTypeReference@66ec4409
2026-08-26T22:06:51.565-04:00 DEBUG 29880 --- [veterinaria] [main] org.hibernate.type.BasicTypeRegistry     : Adding type registration [C -> org.hibernate.type.BasicTypeReference@66ec4409
2026-08-26T22:06:51.566-04:00 DEBUG 29880 --- [veterinaria] [main] org.hibernate.type.BasicTypeRegistry     : Adding type registration wrapper-characters -> org.hibernate.type.BasicTypeReference@2506e949
2026-08-26T22:06:51.567-04:00 DEBUG 29880 --- [veterinaria] [main] org.hibernate.type.BasicTypeRegistry     : Adding type registration text -> org.hibernate.type.BasicTypeReference@6f1c3f18
2026-08-26T22:06:51.567-04:00 DEBUG 29880 --- [veterinaria] [main] org.hibernate.type.BasicTypeRegistry     : Adding type registration ntext -> org.hibernate.type.BasicTypeReference@4c531172
2026-08-26T22:06:51.568-04:00 DEBUG 29880 --- [veterinaria] [main] org.hibernate.type.BasicTypeRegistry     : Adding type registration clob -> org.hibernate.type.BasicTypeReference@489bc8fd
2026-08-26T22:06:51.568-04:00 DEBUG 29880 --- [veterinaria] [main] org.hibernate.type.BasicTypeRegistry     : Adding type registration java.sql.Clob -> org.hibernate.type.BasicTypeReference@489bc8fd
2026-08-26T22:06:51.568-04:00 DEBUG 29880 --- [veterinaria] [main] org.hibernate.type.BasicTypeRegistry     : Adding type registration nclob -> org.hibernate.type.BasicTypeReference@5ac53c06
2026-08-26T22:06:51.569-04:00 DEBUG 29880 --- [veterinaria] [main] org.hibernate.type.BasicTypeRegistry     : Adding type registration java.sql.NClob -> org.hibernate.type.BasicTypeReference@5ac53c06
2026-08-26T22:06:51.569-04:00 DEBUG 29880 --- [veterinaria] [main] org.hibernate.type.BasicTypeRegistry     : Adding type registration materialized_clob -> org.hibernate.type.BasicTypeReference@54af3cb9
2026-08-26T22:06:51.569-04:00 DEBUG 29880 --- [veterinaria] [main] org.hibernate.type.BasicTypeRegistry     : Adding type registration materialized_clob_char_array -> org.hibernate.type.BasicTypeReference@236fdf
2026-08-26T22:06:51.569-04:00 DEBUG 29880 --- [veterinaria] [main] org.hibernate.type.BasicTypeRegistry     : Adding type registration materialized_clob_character_array -> org.hibernate.type.BasicTypeReference@16e99306
2026-08-26T22:06:51.570-04:00 DEBUG 29880 --- [veterinaria] [main] org.hibernate.type.BasicTypeRegistry     : Adding type registration materialized_nclob -> org.hibernate.type.BasicTypeReference@653fb8d1
2026-08-26T22:06:51.570-04:00 DEBUG 29880 --- [veterinaria] [main] org.hibernate.type.BasicTypeRegistry     : Adding type registration materialized_nclob_character_array -> org.hibernate.type.BasicTypeReference@48581a3b
2026-08-26T22:06:51.571-04:00 DEBUG 29880 --- [veterinaria] [main] org.hibernate.type.BasicTypeRegistry     : Adding type registration materialized_nclob_char_array -> org.hibernate.type.BasicTypeReference@531ec978
2026-08-26T22:06:51.571-04:00 DEBUG 29880 --- [veterinaria] [main] org.hibernate.type.BasicTypeRegistry     : Adding type registration Duration -> org.hibernate.type.BasicTypeReference@93501be
2026-08-26T22:06:51.572-04:00 DEBUG 29880 --- [veterinaria] [main] org.hibernate.type.BasicTypeRegistry     : Adding type registration java.time.Duration -> org.hibernate.type.BasicTypeReference@93501be
2026-08-26T22:06:51.573-04:00 DEBUG 29880 --- [veterinaria] [main] org.hibernate.type.BasicTypeRegistry     : Adding type registration LocalDateTime -> org.hibernate.type.BasicTypeReference@11d4d979
2026-08-26T22:06:51.573-04:00 DEBUG 29880 --- [veterinaria] [main] org.hibernate.type.BasicTypeRegistry     : Adding type registration java.time.LocalDateTime -> org.hibernate.type.BasicTypeReference@11d4d979
2026-08-26T22:06:51.574-04:00 DEBUG 29880 --- [veterinaria] [main] org.hibernate.type.BasicTypeRegistry     : Adding type registration LocalDate -> org.hibernate.type.BasicTypeReference@195580ba
2026-08-26T22:06:51.576-04:00 DEBUG 29880 --- [veterinaria] [main] org.hibernate.type.BasicTypeRegistry     : Adding type registration java.time.LocalDate -> org.hibernate.type.BasicTypeReference@195580ba
2026-08-26T22:06:51.577-04:00 DEBUG 29880 --- [veterinaria] [main] org.hibernate.type.BasicTypeRegistry     : Adding type registration LocalTime -> org.hibernate.type.BasicTypeReference@3c25cfe1
2026-08-26T22:06:51.577-04:00 DEBUG 29880 --- [veterinaria] [main] org.hibernate.type.BasicTypeRegistry     : Adding type registration java.time.LocalTime -> org.hibernate.type.BasicTypeReference@3c25cfe1
2026-08-26T22:06:51.578-04:00 DEBUG 29880 --- [veterinaria] [main] org.hibernate.type.BasicTypeRegistry     : Adding type registration OffsetDateTime -> org.hibernate.type.BasicTypeReference@1d3c112a
2026-08-26T22:06:51.579-04:00 DEBUG 29880 --- [veterinaria] [main] org.hibernate.type.BasicTypeRegistry     : Adding type registration java.time.OffsetDateTime -> org.hibernate.type.BasicTypeReference@1d3c112a
2026-08-26T22:06:51.580-04:00 DEBUG 29880 --- [veterinaria] [main] org.hibernate.type.BasicTypeRegistry     : Adding type registration OffsetDateTimeWithTimezone -> org.hibernate.type.BasicTypeReference@2a140ce5
2026-08-26T22:06:51.581-04:00 DEBUG 29880 --- [veterinaria] [main] org.hibernate.type.BasicTypeRegistry     : Adding type registration OffsetDateTimeWithoutTimezone -> org.hibernate.type.BasicTypeReference@db99785
2026-08-26T22:06:51.582-04:00 DEBUG 29880 --- [veterinaria] [main] org.hibernate.type.BasicTypeRegistry     : Adding type registration OffsetTime -> org.hibernate.type.BasicTypeReference@70716259
2026-08-26T22:06:51.584-04:00 DEBUG 29880 --- [veterinaria] [main] org.hibernate.type.BasicTypeRegistry     : Adding type registration java.time.OffsetTime -> org.hibernate.type.BasicTypeReference@70716259
2026-08-26T22:06:51.585-04:00 DEBUG 29880 --- [veterinaria] [main] org.hibernate.type.BasicTypeRegistry     : Adding type registration OffsetTimeUtc -> org.hibernate.type.BasicTypeReference@7a083b96
2026-08-26T22:06:51.586-04:00 DEBUG 29880 --- [veterinaria] [main] org.hibernate.type.BasicTypeRegistry     : Adding type registration OffsetTimeWithTimezone -> org.hibernate.type.BasicTypeReference@6da4feeb
2026-08-26T22:06:51.587-04:00 DEBUG 29880 --- [veterinaria] [main] org.hibernate.type.BasicTypeRegistry     : Adding type registration OffsetTimeWithoutTimezone -> org.hibernate.type.BasicTypeReference@2c604965
2026-08-26T22:06:51.588-04:00 DEBUG 29880 --- [veterinaria] [main] org.hibernate.type.BasicTypeRegistry     : Adding type registration ZonedDateTime -> org.hibernate.type.BasicTypeReference@57f8951a
2026-08-26T22:06:51.588-04:00 DEBUG 29880 --- [veterinaria] [main] org.hibernate.type.BasicTypeRegistry     : Adding type registration java.time.ZonedDateTime -> org.hibernate.type.BasicTypeReference@57f8951a
2026-08-26T22:06:51.589-04:00 DEBUG 29880 --- [veterinaria] [main] org.hibernate.type.BasicTypeRegistry     : Adding type registration ZonedDateTimeWithTimezone -> org.hibernate.type.BasicTypeReference@6c17c0f8
2026-08-26T22:06:51.589-04:00 DEBUG 29880 --- [veterinaria] [main] org.hibernate.type.BasicTypeRegistry     : Adding type registration ZonedDateTimeWithoutTimezone -> org.hibernate.type.BasicTypeReference@260e3837
2026-08-26T22:06:51.589-04:00 DEBUG 29880 --- [veterinaria] [main] org.hibernate.type.BasicTypeRegistry     : Adding type registration date -> org.hibernate.type.BasicTypeReference@88b76f2
2026-08-26T22:06:51.589-04:00 DEBUG 29880 --- [veterinaria] [main] org.hibernate.type.BasicTypeRegistry     : Adding type registration java.sql.Date -> org.hibernate.type.BasicTypeReference@88b76f2
2026-08-26T22:06:51.590-04:00 DEBUG 29880 --- [veterinaria] [main] org.hibernate.type.BasicTypeRegistry     : Adding type registration time -> org.hibernate.type.BasicTypeReference@1b4872bc
2026-08-26T22:06:51.590-04:00 DEBUG 29880 --- [veterinaria] [main] org.hibernate.type.BasicTypeRegistry     : Adding type registration java.sql.Time -> org.hibernate.type.BasicTypeReference@1b4872bc
2026-08-26T22:06:51.590-04:00 DEBUG 29880 --- [veterinaria] [main] org.hibernate.type.BasicTypeRegistry     : Adding type registration timestamp -> org.hibernate.type.BasicTypeReference@498a612d
2026-08-26T22:06:51.590-04:00 DEBUG 29880 --- [veterinaria] [main] org.hibernate.type.BasicTypeRegistry     : Adding type registration java.sql.Timestamp -> org.hibernate.type.BasicTypeReference@498a612d
2026-08-26T22:06:51.591-04:00 DEBUG 29880 --- [veterinaria] [main] org.hibernate.type.BasicTypeRegistry     : Adding type registration java.util.Date -> org.hibernate.type.BasicTypeReference@498a612d
2026-08-26T22:06:51.591-04:00 DEBUG 29880 --- [veterinaria] [main] org.hibernate.type.BasicTypeRegistry     : Adding type registration calendar -> org.hibernate.type.BasicTypeReference@1e1237ab
2026-08-26T22:06:51.592-04:00 DEBUG 29880 --- [veterinaria] [main] org.hibernate.type.BasicTypeRegistry     : Adding type registration java.util.Calendar -> org.hibernate.type.BasicTypeReference@1e1237ab
2026-08-26T22:06:51.592-04:00 DEBUG 29880 --- [veterinaria] [main] org.hibernate.type.BasicTypeRegistry     : Adding type registration java.util.GregorianCalendar -> org.hibernate.type.BasicTypeReference@1e1237ab
2026-08-26T22:06:51.593-04:00 DEBUG 29880 --- [veterinaria] [main] org.hibernate.type.BasicTypeRegistry     : Adding type registration calendar_date -> org.hibernate.type.BasicTypeReference@4dfdfe7d
2026-08-26T22:06:51.593-04:00 DEBUG 29880 --- [veterinaria] [main] org.hibernate.type.BasicTypeRegistry     : Adding type registration calendar_time -> org.hibernate.type.BasicTypeReference@1578b8ec
2026-08-26T22:06:51.593-04:00 DEBUG 29880 --- [veterinaria] [main] org.hibernate.type.BasicTypeRegistry     : Adding type registration instant -> org.hibernate.type.BasicTypeReference@f613067
2026-08-26T22:06:51.594-04:00 DEBUG 29880 --- [veterinaria] [main] org.hibernate.type.BasicTypeRegistry     : Adding type registration java.time.Instant -> org.hibernate.type.BasicTypeReference@f613067
2026-08-26T22:06:51.594-04:00 DEBUG 29880 --- [veterinaria] [main] org.hibernate.type.BasicTypeRegistry     : Adding type registration uuid -> org.hibernate.type.BasicTypeReference@c1e14f
2026-08-26T22:06:51.594-04:00 DEBUG 29880 --- [veterinaria] [main] org.hibernate.type.BasicTypeRegistry     : Adding type registration java.util.UUID -> org.hibernate.type.BasicTypeReference@c1e14f
2026-08-26T22:06:51.594-04:00 DEBUG 29880 --- [veterinaria] [main] org.hibernate.type.BasicTypeRegistry     : Adding type registration pg-uuid -> org.hibernate.type.BasicTypeReference@c1e14f
2026-08-26T22:06:51.594-04:00 DEBUG 29880 --- [veterinaria] [main] org.hibernate.type.BasicTypeRegistry     : Adding type registration uuid-binary -> org.hibernate.type.BasicTypeReference@226de93c
2026-08-26T22:06:51.594-04:00 DEBUG 29880 --- [veterinaria] [main] org.hibernate.type.BasicTypeRegistry     : Adding type registration uuid-char -> org.hibernate.type.BasicTypeReference@72028a45
2026-08-26T22:06:51.594-04:00 DEBUG 29880 --- [veterinaria] [main] org.hibernate.type.BasicTypeRegistry     : Adding type registration class -> org.hibernate.type.BasicTypeReference@74667e6a
2026-08-26T22:06:51.595-04:00 DEBUG 29880 --- [veterinaria] [main] org.hibernate.type.BasicTypeRegistry     : Adding type registration java.lang.Class -> org.hibernate.type.BasicTypeReference@74667e6a
2026-08-26T22:06:51.595-04:00 DEBUG 29880 --- [veterinaria] [main] org.hibernate.type.BasicTypeRegistry     : Adding type registration currency -> org.hibernate.type.BasicTypeReference@7b222230
2026-08-26T22:06:51.596-04:00 DEBUG 29880 --- [veterinaria] [main] org.hibernate.type.BasicTypeRegistry     : Adding type registration Currency -> org.hibernate.type.BasicTypeReference@7b222230
2026-08-26T22:06:51.596-04:00 DEBUG 29880 --- [veterinaria] [main] org.hibernate.type.BasicTypeRegistry     : Adding type registration java.util.Currency -> org.hibernate.type.BasicTypeReference@7b222230
2026-08-26T22:06:51.596-04:00 DEBUG 29880 --- [veterinaria] [main] org.hibernate.type.BasicTypeRegistry     : Adding type registration locale -> org.hibernate.type.BasicTypeReference@364b1061
2026-08-26T22:06:51.596-04:00 DEBUG 29880 --- [veterinaria] [main] org.hibernate.type.BasicTypeRegistry     : Adding type registration java.util.Locale -> org.hibernate.type.BasicTypeReference@364b1061
2026-08-26T22:06:51.597-04:00 DEBUG 29880 --- [veterinaria] [main] org.hibernate.type.BasicTypeRegistry     : Adding type registration serializable -> org.hibernate.type.BasicTypeReference@50fdf44f
2026-08-26T22:06:51.597-04:00 DEBUG 29880 --- [veterinaria] [main] org.hibernate.type.BasicTypeRegistry     : Adding type registration java.io.Serializable -> org.hibernate.type.BasicTypeReference@50fdf44f
2026-08-26T22:06:51.597-04:00 DEBUG 29880 --- [veterinaria] [main] org.hibernate.type.BasicTypeRegistry     : Adding type registration timezone -> org.hibernate.type.BasicTypeReference@172f4514
2026-08-26T22:06:51.598-04:00 DEBUG 29880 --- [veterinaria] [main] org.hibernate.type.BasicTypeRegistry     : Adding type registration java.util.TimeZone -> org.hibernate.type.BasicTypeReference@172f4514
2026-08-26T22:06:51.600-04:00 DEBUG 29880 --- [veterinaria] [main] org.hibernate.type.BasicTypeRegistry     : Adding type registration ZoneOffset -> org.hibernate.type.BasicTypeReference@7df6d663
2026-08-26T22:06:51.602-04:00 DEBUG 29880 --- [veterinaria] [main] org.hibernate.type.BasicTypeRegistry     : Adding type registration java.time.ZoneOffset -> org.hibernate.type.BasicTypeReference@7df6d663
2026-08-26T22:06:51.602-04:00 DEBUG 29880 --- [veterinaria] [main] org.hibernate.type.BasicTypeRegistry     : Adding type registration url -> org.hibernate.type.BasicTypeReference@13d019a4
2026-08-26T22:06:51.603-04:00 DEBUG 29880 --- [veterinaria] [main] org.hibernate.type.BasicTypeRegistry     : Adding type registration java.net.URL -> org.hibernate.type.BasicTypeReference@13d019a4
2026-08-26T22:06:51.603-04:00 DEBUG 29880 --- [veterinaria] [main] org.hibernate.type.BasicTypeRegistry     : Adding type registration vector -> org.hibernate.type.BasicTypeReference@2c30c81d
2026-08-26T22:06:51.603-04:00 DEBUG 29880 --- [veterinaria] [main] org.hibernate.type.BasicTypeRegistry     : Adding type registration row_version -> org.hibernate.type.BasicTypeReference@415a3f6a
2026-08-26T22:06:51.610-04:00 DEBUG 29880 --- [veterinaria] [main] org.hibernate.type.BasicTypeRegistry     : Adding type registration object -> org.hibernate.type.JavaObjectType@4b325930
2026-08-26T22:06:51.611-04:00 DEBUG 29880 --- [veterinaria] [main] org.hibernate.type.BasicTypeRegistry     : Adding type registration java.lang.Object -> org.hibernate.type.JavaObjectType@4b325930
2026-08-26T22:06:51.613-04:00 DEBUG 29880 --- [veterinaria] [main] org.hibernate.type.BasicTypeRegistry     : Adding type registration null -> org.hibernate.type.NullType@32a72c4
2026-08-26T22:06:51.614-04:00 DEBUG 29880 --- [veterinaria] [main] org.hibernate.type.BasicTypeRegistry     : Adding type registration imm_date -> org.hibernate.type.BasicTypeReference@15986dd5
2026-08-26T22:06:51.614-04:00 DEBUG 29880 --- [veterinaria] [main] org.hibernate.type.BasicTypeRegistry     : Adding type registration imm_time -> org.hibernate.type.BasicTypeReference@678a9516
2026-08-26T22:06:51.614-04:00 DEBUG 29880 --- [veterinaria] [main] org.hibernate.type.BasicTypeRegistry     : Adding type registration imm_timestamp -> org.hibernate.type.BasicTypeReference@5bf9ea6b
2026-08-26T22:06:51.614-04:00 DEBUG 29880 --- [veterinaria] [main] org.hibernate.type.BasicTypeRegistry     : Adding type registration imm_calendar -> org.hibernate.type.BasicTypeReference@b950f82
2026-08-26T22:06:51.615-04:00 DEBUG 29880 --- [veterinaria] [main] org.hibernate.type.BasicTypeRegistry     : Adding type registration imm_calendar_date -> org.hibernate.type.BasicTypeReference@5d352de0
2026-08-26T22:06:51.615-04:00 DEBUG 29880 --- [veterinaria] [main] org.hibernate.type.BasicTypeRegistry     : Adding type registration imm_calendar_time -> org.hibernate.type.BasicTypeReference@6e243175
2026-08-26T22:06:51.615-04:00 DEBUG 29880 --- [veterinaria] [main] org.hibernate.type.BasicTypeRegistry     : Adding type registration imm_binary -> org.hibernate.type.BasicTypeReference@7a1a3468
2026-08-26T22:06:51.615-04:00 DEBUG 29880 --- [veterinaria] [main] org.hibernate.type.BasicTypeRegistry     : Adding type registration imm_serializable -> org.hibernate.type.BasicTypeReference@59d0cdb6
2026-08-26T22:06:51.620-04:00 TRACE 29880 --- [veterinaria] [main] o.h.q.sqm.function.SqmFunctionRegistry   : SqmFunctionRegistry created
2026-08-26T22:06:51.622-04:00 TRACE 29880 --- [veterinaria] [main] o.h.s.i.AbstractServiceRegistryImpl      : Initializing service [role=org.hibernate.boot.cfgxml.spi.CfgXmlAccessService]
2026-08-26T22:06:51.627-04:00 DEBUG 29880 --- [veterinaria] [main] o.h.boot.internal.BootstrapContextImpl   : Injecting JPA temp ClassLoader [org.springframework.instrument.classloading.SimpleThrowawayClassLoader@5e0c4f21] into BootstrapContext; was [null]
2026-08-26T22:06:51.627-04:00 DEBUG 29880 --- [veterinaria] [main] o.h.boot.internal.ClassLoaderAccessImpl  : ClassLoaderAccessImpl#injectTempClassLoader(org.springframework.instrument.classloading.SimpleThrowawayClassLoader@5e0c4f21) [was null]
2026-08-26T22:06:51.628-04:00 DEBUG 29880 --- [veterinaria] [main] o.h.boot.internal.BootstrapContextImpl   : Injecting ScanEnvironment [org.hibernate.jpa.boot.internal.StandardJpaScanEnvironmentImpl@70b2fa10] into BootstrapContext; was [null]
2026-08-26T22:06:51.629-04:00 DEBUG 29880 --- [veterinaria] [main] o.h.boot.internal.BootstrapContextImpl   : Injecting ScanOptions [org.hibernate.boot.archive.scan.internal.StandardScanOptions@7c96c85] into BootstrapContext; was [org.hibernate.boot.archive.scan.internal.StandardScanOptions@b0f2d91]
2026-08-26T22:06:51.866-04:00  INFO 29880 --- [veterinaria] [main] o.s.o.j.p.SpringPersistenceUnitInfo      : No LoadTimeWeaver setup: ignoring JPA class transformer
2026-08-26T22:06:51.867-04:00 DEBUG 29880 --- [veterinaria] [main] o.h.boot.internal.BootstrapContextImpl   : Injecting JPA temp ClassLoader [null] into BootstrapContext; was [org.springframework.instrument.classloading.SimpleThrowawayClassLoader@5e0c4f21]
2026-08-26T22:06:51.867-04:00 DEBUG 29880 --- [veterinaria] [main] o.h.boot.internal.ClassLoaderAccessImpl  : ClassLoaderAccessImpl#injectTempClassLoader(null) [was org.springframework.instrument.classloading.SimpleThrowawayClassLoader@5e0c4f21]
2026-08-26T22:06:51.879-04:00 TRACE 29880 --- [veterinaria] [main] o.h.s.i.AbstractServiceRegistryImpl      : Initializing service [role=org.hibernate.engine.jdbc.env.spi.JdbcEnvironment]
2026-08-26T22:06:51.879-04:00 TRACE 29880 --- [veterinaria] [main] o.h.s.i.AbstractServiceRegistryImpl      : Initializing service [role=org.hibernate.engine.jdbc.dialect.spi.DialectFactory]
2026-08-26T22:06:51.880-04:00 TRACE 29880 --- [veterinaria] [main] o.h.s.i.AbstractServiceRegistryImpl      : Initializing service [role=org.hibernate.engine.jdbc.dialect.spi.DialectResolver]
2026-08-26T22:06:51.886-04:00 TRACE 29880 --- [veterinaria] [main] o.h.s.i.AbstractServiceRegistryImpl      : Initializing service [role=org.hibernate.engine.jdbc.connections.spi.MultiTenantConnectionProvider]
2026-08-26T22:06:51.887-04:00 TRACE 29880 --- [veterinaria] [main] o.h.s.i.AbstractServiceRegistryImpl      : Initializing service [role=org.hibernate.engine.jdbc.connections.spi.ConnectionProvider]
2026-08-26T22:06:51.887-04:00 TRACE 29880 --- [veterinaria] [main] o.h.s.i.AbstractServiceRegistryImpl      : Initializing service [role=org.hibernate.engine.jdbc.connections.spi.MultiTenantConnectionProvider]
2026-08-26T22:06:51.889-04:00 TRACE 29880 --- [veterinaria] [main] o.h.s.i.AbstractServiceRegistryImpl      : Initializing service [role=org.hibernate.engine.jndi.spi.JndiService]
2026-08-26T22:06:51.897-04:00 TRACE 29880 --- [veterinaria] [main] o.h.s.i.AbstractServiceRegistryImpl      : Initializing service [role=org.hibernate.resource.transaction.spi.TransactionCoordinatorBuilder]
2026-08-26T22:06:51.963-04:00 DEBUG 29880 --- [veterinaria] [main] com.zaxxer.hikari.HikariConfig           : HikariPool-1 - configuration:
2026-08-26T22:06:51.971-04:00 DEBUG 29880 --- [veterinaria] [main] com.zaxxer.hikari.HikariConfig           : allowPoolSuspension.............false
2026-08-26T22:06:51.972-04:00 DEBUG 29880 --- [veterinaria] [main] com.zaxxer.hikari.HikariConfig           : autoCommit......................true
2026-08-26T22:06:51.973-04:00 DEBUG 29880 --- [veterinaria] [main] com.zaxxer.hikari.HikariConfig           : catalog.........................none
2026-08-26T22:06:51.974-04:00 DEBUG 29880 --- [veterinaria] [main] com.zaxxer.hikari.HikariConfig           : connectionInitSql...............none
2026-08-26T22:06:51.976-04:00 DEBUG 29880 --- [veterinaria] [main] com.zaxxer.hikari.HikariConfig           : connectionTestQuery.............none
2026-08-26T22:06:51.978-04:00 DEBUG 29880 --- [veterinaria] [main] com.zaxxer.hikari.HikariConfig           : connectionTimeout...............30000
2026-08-26T22:06:51.978-04:00 DEBUG 29880 --- [veterinaria] [main] com.zaxxer.hikari.HikariConfig           : dataSource......................none
2026-08-26T22:06:51.978-04:00 DEBUG 29880 --- [veterinaria] [main] com.zaxxer.hikari.HikariConfig           : dataSourceClassName.............none
2026-08-26T22:06:51.992-04:00 DEBUG 29880 --- [veterinaria] [main] com.zaxxer.hikari.HikariConfig           : dataSourceJNDI..................none
2026-08-26T22:06:51.993-04:00 DEBUG 29880 --- [veterinaria] [main] com.zaxxer.hikari.HikariConfig           : dataSourceProperties............{password=<masked>}
2026-08-26T22:06:51.994-04:00 DEBUG 29880 --- [veterinaria] [main] com.zaxxer.hikari.HikariConfig           : driverClassName................."com.mysql.cj.jdbc.Driver"
2026-08-26T22:06:51.995-04:00 DEBUG 29880 --- [veterinaria] [main] com.zaxxer.hikari.HikariConfig           : exceptionOverrideClassName......none
2026-08-26T22:06:51.996-04:00 DEBUG 29880 --- [veterinaria] [main] com.zaxxer.hikari.HikariConfig           : healthCheckProperties...........{}
2026-08-26T22:06:51.998-04:00 DEBUG 29880 --- [veterinaria] [main] com.zaxxer.hikari.HikariConfig           : healthCheckRegistry.............none
2026-08-26T22:06:52.001-04:00 DEBUG 29880 --- [veterinaria] [main] com.zaxxer.hikari.HikariConfig           : idleTimeout.....................600000
2026-08-26T22:06:52.004-04:00 DEBUG 29880 --- [veterinaria] [main] com.zaxxer.hikari.HikariConfig           : initializationFailTimeout.......1
2026-08-26T22:06:52.005-04:00 DEBUG 29880 --- [veterinaria] [main] com.zaxxer.hikari.HikariConfig           : isolateInternalQueries..........false
2026-08-26T22:06:52.007-04:00 DEBUG 29880 --- [veterinaria] [main] com.zaxxer.hikari.HikariConfig           : jdbcUrl.........................jdbc:mysql://localhost:3307/mydatabase
2026-08-26T22:06:52.009-04:00 DEBUG 29880 --- [veterinaria] [main] com.zaxxer.hikari.HikariConfig           : keepaliveTime...................0
2026-08-26T22:06:52.010-04:00 DEBUG 29880 --- [veterinaria] [main] com.zaxxer.hikari.HikariConfig           : leakDetectionThreshold..........0
2026-08-26T22:06:52.011-04:00 DEBUG 29880 --- [veterinaria] [main] com.zaxxer.hikari.HikariConfig           : maxLifetime.....................1800000
2026-08-26T22:06:52.012-04:00 DEBUG 29880 --- [veterinaria] [main] com.zaxxer.hikari.HikariConfig           : maximumPoolSize.................10
2026-08-26T22:06:52.014-04:00 DEBUG 29880 --- [veterinaria] [main] com.zaxxer.hikari.HikariConfig           : metricRegistry..................none
2026-08-26T22:06:52.014-04:00 DEBUG 29880 --- [veterinaria] [main] com.zaxxer.hikari.HikariConfig           : metricsTrackerFactory...........none
2026-08-26T22:06:52.016-04:00 DEBUG 29880 --- [veterinaria] [main] com.zaxxer.hikari.HikariConfig           : minimumIdle.....................10
2026-08-26T22:06:52.018-04:00 DEBUG 29880 --- [veterinaria] [main] com.zaxxer.hikari.HikariConfig           : password........................<masked>
2026-08-26T22:06:52.019-04:00 DEBUG 29880 --- [veterinaria] [main] com.zaxxer.hikari.HikariConfig           : poolName........................"HikariPool-1"
2026-08-26T22:06:52.020-04:00 DEBUG 29880 --- [veterinaria] [main] com.zaxxer.hikari.HikariConfig           : readOnly........................false
2026-08-26T22:06:52.020-04:00 DEBUG 29880 --- [veterinaria] [main] com.zaxxer.hikari.HikariConfig           : registerMbeans..................false
2026-08-26T22:06:52.021-04:00 DEBUG 29880 --- [veterinaria] [main] com.zaxxer.hikari.HikariConfig           : scheduledExecutor...............none
2026-08-26T22:06:52.022-04:00 DEBUG 29880 --- [veterinaria] [main] com.zaxxer.hikari.HikariConfig           : schema..........................none
2026-08-26T22:06:52.022-04:00 DEBUG 29880 --- [veterinaria] [main] com.zaxxer.hikari.HikariConfig           : threadFactory...................internal
2026-08-26T22:06:52.023-04:00 DEBUG 29880 --- [veterinaria] [main] com.zaxxer.hikari.HikariConfig           : transactionIsolation............default
2026-08-26T22:06:52.023-04:00 DEBUG 29880 --- [veterinaria] [main] com.zaxxer.hikari.HikariConfig           : username........................"myuser"
2026-08-26T22:06:52.024-04:00 DEBUG 29880 --- [veterinaria] [main] com.zaxxer.hikari.HikariConfig           : validationTimeout...............5000
2026-08-26T22:06:52.025-04:00  INFO 29880 --- [veterinaria] [main] com.zaxxer.hikari.HikariDataSource       : HikariPool-1 - Starting...
2026-08-26T22:06:52.578-04:00  INFO 29880 --- [veterinaria] [main] com.zaxxer.hikari.pool.HikariPool        : HikariPool-1 - Added connection com.mysql.cj.jdbc.ConnectionImpl@5817f1ca
2026-08-26T22:06:52.582-04:00  INFO 29880 --- [veterinaria] [main] com.zaxxer.hikari.HikariDataSource       : HikariPool-1 - Start completed.
2026-08-26T22:06:52.593-04:00 DEBUG 29880 --- [veterinaria] [main] o.h.e.j.e.i.JdbcEnvironmentInitiator     : Database ->
       name : MySQL
    version : 8.0.32
      major : 8
      minor : 0
2026-08-26T22:06:52.594-04:00 DEBUG 29880 --- [veterinaria] [main] o.h.e.j.e.i.JdbcEnvironmentInitiator     : Driver ->
       name : MySQL Connector/J
    version : mysql-connector-j-8.3.0 (Revision: 805f872a57875f311cb82487efcfb070411a3fa0)
      major : 8
      minor : 3
2026-08-26T22:06:52.595-04:00 DEBUG 29880 --- [veterinaria] [main] o.h.e.j.e.i.JdbcEnvironmentInitiator     : JDBC version : 4.2
2026-08-26T22:06:52.687-04:00 DEBUG 29880 --- [veterinaria] [HikariPool-1 housekeeper] com.zaxxer.hikari.pool.HikariPool        : HikariPool-1 - Pool stats (total=1, active=1, idle=0, waiting=0)
2026-08-26T22:06:52.730-04:00 DEBUG 29880 --- [veterinaria] [HikariPool-1 connection adder] com.zaxxer.hikari.pool.HikariPool        : HikariPool-1 - Added connection com.mysql.cj.jdbc.ConnectionImpl@5c2fd758
2026-08-26T22:06:52.776-04:00 DEBUG 29880 --- [veterinaria] [main] org.hibernate.orm.dialect                : HHH035001: Using dialect: org.hibernate.dialect.MySQLDialect, version: 8.0.32
2026-08-26T22:06:52.789-04:00 DEBUG 29880 --- [veterinaria] [HikariPool-1 connection adder] com.zaxxer.hikari.pool.HikariPool        : HikariPool-1 - Added connection com.mysql.cj.jdbc.ConnectionImpl@1d12dd63
2026-08-26T22:06:52.794-04:00 DEBUG 29880 --- [veterinaria] [main] o.h.e.j.env.spi.IdentifierHelperBuilder  : JDBC driver metadata reported database stores quoted identifiers in more than one case
2026-08-26T22:06:52.794-04:00 DEBUG 29880 --- [veterinaria] [main] o.h.e.j.env.spi.IdentifierHelperBuilder  : IdentifierCaseStrategy for both quoted and unquoted identifiers was set to the same strategy [MIXED]; that will likely lead to problems in schema update and validation if using quoted identifiers
2026-08-26T22:06:52.803-04:00 TRACE 29880 --- [veterinaria] [main] .e.j.e.i.NormalizingIdentifierHelperImpl : Normalizing identifier quoting [mydatabase]
2026-08-26T22:06:52.803-04:00 TRACE 29880 --- [veterinaria] [main] .e.j.e.i.NormalizingIdentifierHelperImpl : Normalizing identifier quoting [null]
2026-08-26T22:06:52.819-04:00 TRACE 29880 --- [veterinaria] [main] o.h.s.i.AbstractServiceRegistryImpl      : Initializing service [role=org.hibernate.engine.jdbc.spi.JdbcServices]
2026-08-26T22:06:52.820-04:00 TRACE 29880 --- [veterinaria] [main] o.h.s.i.AbstractServiceRegistryImpl      : Initializing service [role=org.hibernate.engine.jdbc.spi.SqlStatementLogger]
2026-08-26T22:06:52.821-04:00 TRACE 29880 --- [veterinaria] [main] o.h.s.i.AbstractServiceRegistryImpl      : Initializing service [role=org.hibernate.sql.ast.spi.ParameterMarkerStrategy]
2026-08-26T22:06:52.841-04:00 DEBUG 29880 --- [veterinaria] [main] o.h.t.d.sql.spi.DdlTypeRegistry          : addDescriptor(12, org.hibernate.type.descriptor.sql.internal.CapacityDependentDdlType@5597ca3) replaced previous registration(org.hibernate.type.descriptor.sql.internal.CapacityDependentDdlType@31b741e2)
2026-08-26T22:06:52.844-04:00 DEBUG 29880 --- [veterinaria] [main] o.h.t.d.sql.spi.DdlTypeRegistry          : addDescriptor(-9, org.hibernate.type.descriptor.sql.internal.CapacityDependentDdlType@573a078) replaced previous registration(org.hibernate.type.descriptor.sql.internal.CapacityDependentDdlType@28f05b0c)
2026-08-26T22:06:52.844-04:00 DEBUG 29880 --- [veterinaria] [main] o.h.t.d.sql.spi.DdlTypeRegistry          : addDescriptor(-3, org.hibernate.type.descriptor.sql.internal.CapacityDependentDdlType@660296d5) replaced previous registration(org.hibernate.type.descriptor.sql.internal.CapacityDependentDdlType@6d3163a6)
2026-08-26T22:06:52.846-04:00 DEBUG 29880 --- [veterinaria] [main] o.h.t.d.sql.spi.DdlTypeRegistry          : addDescriptor(4003, org.hibernate.type.descriptor.sql.internal.DdlTypeImpl@75d97e18) replaced previous registration(org.hibernate.type.descriptor.sql.internal.DdlTypeImpl@5fdb7394)
2026-08-26T22:06:52.847-04:00 DEBUG 29880 --- [veterinaria] [main] o.h.t.d.sql.spi.DdlTypeRegistry          : addDescriptor(4001, org.hibernate.type.descriptor.sql.internal.DdlTypeImpl@2d9de284) replaced previous registration(org.hibernate.type.descriptor.sql.internal.DdlTypeImpl@4b5798c2)
2026-08-26T22:06:52.849-04:00 DEBUG 29880 --- [veterinaria] [main] o.h.t.d.sql.spi.DdlTypeRegistry          : addDescriptor(4002, org.hibernate.type.descriptor.sql.internal.DdlTypeImpl@7540160e) replaced previous registration(org.hibernate.type.descriptor.sql.internal.DdlTypeImpl@71039ce1)
2026-08-26T22:06:52.852-04:00 DEBUG 29880 --- [veterinaria] [main] o.h.t.d.sql.spi.DdlTypeRegistry          : addDescriptor(2004, org.hibernate.type.descriptor.sql.internal.CapacityDependentDdlType@3348c987) replaced previous registration(org.hibernate.type.descriptor.sql.internal.DdlTypeImpl@44aed6a4)
2026-08-26T22:06:52.852-04:00 DEBUG 29880 --- [veterinaria] [main] o.h.t.d.sql.spi.DdlTypeRegistry          : addDescriptor(2005, org.hibernate.type.descriptor.sql.internal.CapacityDependentDdlType@31ab4859) replaced previous registration(org.hibernate.type.descriptor.sql.internal.DdlTypeImpl@5ca22e19)
2026-08-26T22:06:52.854-04:00 DEBUG 29880 --- [veterinaria] [main] o.h.t.d.sql.spi.DdlTypeRegistry          : addDescriptor(2011, org.hibernate.type.descriptor.sql.internal.CapacityDependentDdlType@29d3d0fb) replaced previous registration(org.hibernate.type.descriptor.sql.internal.DdlTypeImpl@1bfa3893)
2026-08-26T22:06:52.856-04:00 DEBUG 29880 --- [veterinaria] [HikariPool-1 connection adder] com.zaxxer.hikari.pool.HikariPool        : HikariPool-1 - Added connection com.mysql.cj.jdbc.ConnectionImpl@2cc525ae
2026-08-26T22:06:52.861-04:00 DEBUG 29880 --- [veterinaria] [main] o.h.t.d.jdbc.spi.JdbcTypeRegistry        : addDescriptor(NCharTypeDescriptor) replaced previous registration(CharTypeDescriptor)
2026-08-26T22:06:52.862-04:00 DEBUG 29880 --- [veterinaria] [main] o.h.t.d.jdbc.spi.JdbcTypeRegistry        : addDescriptor(NVarcharTypeDescriptor) replaced previous registration(VarcharTypeDescriptor)
2026-08-26T22:06:52.863-04:00 DEBUG 29880 --- [veterinaria] [main] o.h.t.d.jdbc.spi.JdbcTypeRegistry        : addDescriptor(LongNVarcharTypeDescriptor) replaced previous registration(LongVarcharTypeDescriptor)
2026-08-26T22:06:52.869-04:00 DEBUG 29880 --- [veterinaria] [main] o.h.t.d.jdbc.spi.JdbcTypeRegistry        : addDescriptor(NClobTypeDescriptor(DEFAULT)) replaced previous registration(ClobTypeDescriptor(DEFAULT))
2026-08-26T22:06:52.870-04:00 DEBUG 29880 --- [veterinaria] [main] o.h.t.d.jdbc.spi.JdbcTypeRegistry        : addDescriptor(2005, ClobTypeDescriptor(STREAM_BINDING)) replaced previous registration(ClobTypeDescriptor(DEFAULT))
2026-08-26T22:06:52.877-04:00 DEBUG 29880 --- [veterinaria] [main] org.hibernate.type.BasicTypeRegistry     : Adding type registration null -> org.hibernate.type.NullType@1f9a7684
2026-08-26T22:06:52.878-04:00 DEBUG 29880 --- [veterinaria] [main] org.hibernate.type.BasicTypeRegistry     : Type registration key [null] overrode previous entry : `org.hibernate.type.NullType@32a72c4`
2026-08-26T22:06:52.888-04:00 DEBUG 29880 --- [veterinaria] [main] org.hibernate.type.BasicTypeRegistry     : Adding type registration org.hibernate.type.DurationType -> basicType@1(java.time.Duration,3015)
2026-08-26T22:06:52.889-04:00 DEBUG 29880 --- [veterinaria] [main] org.hibernate.type.BasicTypeRegistry     : Adding type registration Duration -> basicType@1(java.time.Duration,3015)
2026-08-26T22:06:52.889-04:00 DEBUG 29880 --- [veterinaria] [main] org.hibernate.type.BasicTypeRegistry     : Adding type registration java.time.Duration -> basicType@1(java.time.Duration,3015)
2026-08-26T22:06:52.901-04:00 DEBUG 29880 --- [veterinaria] [main] org.hibernate.type.BasicTypeRegistry     : Adding type registration org.hibernate.type.OffsetDateTimeType -> basicType@2(java.time.OffsetDateTime,3003)
2026-08-26T22:06:52.901-04:00 DEBUG 29880 --- [veterinaria] [main] org.hibernate.type.BasicTypeRegistry     : Adding type registration OffsetDateTime -> basicType@2(java.time.OffsetDateTime,3003)
2026-08-26T22:06:52.902-04:00 DEBUG 29880 --- [veterinaria] [main] org.hibernate.type.BasicTypeRegistry     : Adding type registration java.time.OffsetDateTime -> basicType@2(java.time.OffsetDateTime,3003)
2026-08-26T22:06:52.902-04:00 DEBUG 29880 --- [veterinaria] [main] org.hibernate.type.BasicTypeRegistry     : Adding type registration org.hibernate.type.ZonedDateTimeType -> basicType@3(java.time.ZonedDateTime,3003)
2026-08-26T22:06:52.903-04:00 DEBUG 29880 --- [veterinaria] [main] org.hibernate.type.BasicTypeRegistry     : Adding type registration ZonedDateTime -> basicType@3(java.time.ZonedDateTime,3003)
2026-08-26T22:06:52.904-04:00 DEBUG 29880 --- [veterinaria] [main] org.hibernate.type.BasicTypeRegistry     : Adding type registration java.time.ZonedDateTime -> basicType@3(java.time.ZonedDateTime,3003)
2026-08-26T22:06:52.907-04:00 DEBUG 29880 --- [veterinaria] [HikariPool-1 connection adder] com.zaxxer.hikari.pool.HikariPool        : HikariPool-1 - Added connection com.mysql.cj.jdbc.ConnectionImpl@7d3d222c
2026-08-26T22:06:52.907-04:00 DEBUG 29880 --- [veterinaria] [main] org.hibernate.type.BasicTypeRegistry     : Adding type registration org.hibernate.type.OffsetTimeType -> basicType@4(java.time.OffsetTime,3007)
2026-08-26T22:06:52.907-04:00 DEBUG 29880 --- [veterinaria] [main] org.hibernate.type.BasicTypeRegistry     : Adding type registration OffsetTime -> basicType@4(java.time.OffsetTime,3007)
2026-08-26T22:06:52.909-04:00 DEBUG 29880 --- [veterinaria] [main] org.hibernate.type.BasicTypeRegistry     : Adding type registration java.time.OffsetTime -> basicType@4(java.time.OffsetTime,3007)
2026-08-26T22:06:52.912-04:00 DEBUG 29880 --- [veterinaria] [main] o.h.type.spi.TypeConfiguration$Scope     : Scoping TypeConfiguration [org.hibernate.type.spi.TypeConfiguration@58b8f9e3] to MetadataBuildingContext [org.hibernate.boot.internal.MetadataBuildingContextRootImpl@32a033b6]
2026-08-26T22:06:52.958-04:00 DEBUG 29880 --- [veterinaria] [HikariPool-1 connection adder] com.zaxxer.hikari.pool.HikariPool        : HikariPool-1 - Added connection com.mysql.cj.jdbc.ConnectionImpl@79733bb0
2026-08-26T22:06:53.001-04:00 DEBUG 29880 --- [veterinaria] [main] o.h.boot.model.relational.Namespace      : Created database namespace [logicalName=Name{catalog=null, schema=null}, physicalName=Name{catalog=null, schema=null}]
2026-08-26T22:06:53.013-04:00 DEBUG 29880 --- [veterinaria] [HikariPool-1 connection adder] com.zaxxer.hikari.pool.HikariPool        : HikariPool-1 - Added connection com.mysql.cj.jdbc.ConnectionImpl@117f5f6b
2026-08-26T22:06:53.023-04:00 TRACE 29880 --- [veterinaria] [main] o.h.s.i.AbstractServiceRegistryImpl      : Initializing service [role=org.hibernate.boot.spi.SessionFactoryBuilderService]
2026-08-26T22:06:53.049-04:00 TRACE 29880 --- [veterinaria] [main] o.h.s.i.AbstractServiceRegistryImpl      : Initializing service [role=org.hibernate.engine.jdbc.connections.spi.MultiTenantConnectionProvider]
2026-08-26T22:06:53.051-04:00 TRACE 29880 --- [veterinaria] [main] org.hibernate.loader.BatchFetchStyle     : Interpreting BatchFetchStyle from setting : null
2026-08-26T22:06:53.057-04:00 TRACE 29880 --- [veterinaria] [main] o.h.s.i.AbstractServiceRegistryImpl      : Initializing service [role=org.hibernate.bytecode.spi.BytecodeProvider]
2026-08-26T22:06:53.072-04:00 DEBUG 29880 --- [veterinaria] [HikariPool-1 connection adder] com.zaxxer.hikari.pool.HikariPool        : HikariPool-1 - Added connection com.mysql.cj.jdbc.ConnectionImpl@468e2480
2026-08-26T22:06:53.090-04:00 DEBUG 29880 --- [veterinaria] [main] o.hibernate.internal.SessionFactoryImpl  : Building session factory
2026-08-26T22:06:53.091-04:00 TRACE 29880 --- [veterinaria] [main] o.h.s.i.AbstractServiceRegistryImpl      : Initializing service [role=org.hibernate.service.spi.SessionFactoryServiceRegistryFactory]
2026-08-26T22:06:53.120-04:00 DEBUG 29880 --- [veterinaria] [HikariPool-1 connection adder] com.zaxxer.hikari.pool.HikariPool        : HikariPool-1 - Added connection com.mysql.cj.jdbc.ConnectionImpl@6ec8531b
2026-08-26T22:06:53.174-04:00 DEBUG 29880 --- [veterinaria] [HikariPool-1 connection adder] com.zaxxer.hikari.pool.HikariPool        : HikariPool-1 - Added connection com.mysql.cj.jdbc.ConnectionImpl@7e189e38
2026-08-26T22:06:53.200-04:00 DEBUG 29880 --- [veterinaria] [HikariPool-1 connection adder] com.zaxxer.hikari.pool.HikariPool        : HikariPool-1 - After adding stats (total=10, active=0, idle=10, waiting=0)
2026-08-26T22:06:53.207-04:00 DEBUG 29880 --- [veterinaria] [main] .h.s.i.SessionFactoryServiceRegistryImpl : EventListenerRegistry access via ServiceRegistry is deprecated.  Use `sessionFactory.getEventEngine().getListenerRegistry()` instead
2026-08-26T22:06:53.208-04:00 DEBUG 29880 --- [veterinaria] [main] o.hibernate.internal.SessionFactoryImpl  : Instantiating SessionFactory with settings: {java.specification.version=20, sun.cpu.isalist=amd64, hibernate.resource.beans.container=org.springframework.orm.hibernate5.SpringBeanContainer@5ae66c98, hibernate.connection.handling_mode=DELAYED_ACQUISITION_AND_HOLD, sun.jnu.encoding=Cp1252, hibernate.implicit_naming_strategy=org.springframework.boot.orm.jpa.hibernate.SpringImplicitNamingStrategy, java.class.path=C:\Users\rodri\OneDrive\Escritorio\Uni\Bimestre VI\Seguridad y calidad en el desarrollo\Semana 2\veterinaria-s2\veterinaria\target\classes;C:\Users\rodri\.m2\repository\org\springframework\boot\spring-boot-starter-web\3.2.5\spring-boot-starter-web-3.2.5.jar;C:\Users\rodri\.m2\repository\org\springframework\boot\spring-boot-starter\3.2.5\spring-boot-starter-3.2.5.jar;C:\Users\rodri\.m2\repository\org\springframework\boot\spring-boot\3.2.5\spring-boot-3.2.5.jar;C:\Users\rodri\.m2\repository\org\springframework\boot\spring-boot-autoconfigure\3.2.5\spring-boot-autoconfigure-3.2.5.jar;C:\Users\rodri\.m2\repository\org\springframework\boot\spring-boot-starter-logging\3.2.5\spring-boot-starter-logging-3.2.5.jar;C:\Users\rodri\.m2\repository\ch\qos\logback\logback-classic\1.4.14\logback-classic-1.4.14.jar;C:\Users\rodri\.m2\repository\ch\qos\logback\logback-core\1.4.14\logback-core-1.4.14.jar;C:\Users\rodri\.m2\repository\org\apache\logging\log4j\log4j-to-slf4j\2.21.1\log4j-to-slf4j-2.21.1.jar;C:\Users\rodri\.m2\repository\org\apache\logging\log4j\log4j-api\2.21.1\log4j-api-2.21.1.jar;C:\Users\rodri\.m2\repository\org\slf4j\jul-to-slf4j\2.0.13\jul-to-slf4j-2.0.13.jar;C:\Users\rodri\.m2\repository\jakarta\annotation\jakarta.annotation-api\2.1.1\jakarta.annotation-api-2.1.1.jar;C:\Users\rodri\.m2\repository\org\yaml\snakeyaml\2.2\snakeyaml-2.2.jar;C:\Users\rodri\.m2\repository\org\springframework\boot\spring-boot-starter-json\3.2.5\spring-boot-starter-json-3.2.5.jar;C:\Users\rodri\.m2\repository\com\fasterxml\jackson\datatype\jackson-datatype-jdk8\2.15.4\jackson-datatype-jdk8-2.15.4.jar;C:\Users\rodri\.m2\repository\com\fasterxml\jackson\datatype\jackson-datatype-jsr310\2.15.4\jackson-datatype-jsr310-2.15.4.jar;C:\Users\rodri\.m2\repository\com\fasterxml\jackson\module\jackson-module-parameter-names\2.15.4\jackson-module-parameter-names-2.15.4.jar;C:\Users\rodri\.m2\repository\org\springframework\boot\spring-boot-starter-tomcat\3.2.5\spring-boot-starter-tomcat-3.2.5.jar;C:\Users\rodri\.m2\repository\org\apache\tomcat\embed\tomcat-embed-core\10.1.20\tomcat-embed-core-10.1.20.jar;C:\Users\rodri\.m2\repository\org\apache\tomcat\embed\tomcat-embed-el\10.1.20\tomcat-embed-el-10.1.20.jar;C:\Users\rodri\.m2\repository\org\apache\tomcat\embed\tomcat-embed-websocket\10.1.20\tomcat-embed-websocket-10.1.20.jar;C:\Users\rodri\.m2\repository\org\springframework\spring-web\6.1.6\spring-web-6.1.6.jar;C:\Users\rodri\.m2\repository\org\springframework\spring-beans\6.1.6\spring-beans-6.1.6.jar;C:\Users\rodri\.m2\repository\io\micrometer\micrometer-observation\1.12.5\micrometer-observation-1.12.5.jar;C:\Users\rodri\.m2\repository\io\micrometer\micrometer-commons\1.12.5\micrometer-commons-1.12.5.jar;C:\Users\rodri\.m2\repository\org\springframework\spring-webmvc\6.1.6\spring-webmvc-6.1.6.jar;C:\Users\rodri\.m2\repository\org\springframework\spring-context\6.1.6\spring-context-6.1.6.jar;C:\Users\rodri\.m2\repository\org\springframework\spring-expression\6.1.6\spring-expression-6.1.6.jar;C:\Users\rodri\.m2\repository\org\springframework\boot\spring-boot-starter-security\3.2.5\spring-boot-starter-security-3.2.5.jar;C:\Users\rodri\.m2\repository\org\springframework\spring-aop\6.1.6\spring-aop-6.1.6.jar;C:\Users\rodri\.m2\repository\org\springframework\security\spring-security-config\6.2.4\spring-security-config-6.2.4.jar;C:\Users\rodri\.m2\repository\org\springframework\security\spring-security-web\6.2.4\spring-security-web-6.2.4.jar;C:\Users\rodri\.m2\repository\org\springframework\boot\spring-boot-starter-data-jpa\3.2.5\spring-boot-starter-data-jpa-3.2.5.jar;C:\Users\rodri\.m2\repository\org\springframework\boot\spring-boot-starter-aop\3.2.5\spring-boot-starter-aop-3.2.5.jar;C:\Users\rodri\.m2\repository\org\aspectj\aspectjweaver\1.9.22\aspectjweaver-1.9.22.jar;C:\Users\rodri\.m2\repository\org\springframework\boot\spring-boot-starter-jdbc\3.2.5\spring-boot-starter-jdbc-3.2.5.jar;C:\Users\rodri\.m2\repository\com\zaxxer\HikariCP\5.0.1\HikariCP-5.0.1.jar;C:\Users\rodri\.m2\repository\org\springframework\spring-jdbc\6.1.6\spring-jdbc-6.1.6.jar;C:\Users\rodri\.m2\repository\org\hibernate\orm\hibernate-core\6.4.4.Final\hibernate-core-6.4.4.Final.jar;C:\Users\rodri\.m2\repository\jakarta\persistence\jakarta.persistence-api\3.1.0\jakarta.persistence-api-3.1.0.jar;C:\Users\rodri\.m2\repository\jakarta\transaction\jakarta.transaction-api\2.0.1\jakarta.transaction-api-2.0.1.jar;C:\Users\rodri\.m2\repository\org\jboss\logging\jboss-logging\3.5.3.Final\jboss-logging-3.5.3.Final.jar;C:\Users\rodri\.m2\repository\org\hibernate\common\hibernate-commons-annotations\6.0.6.Final\hibernate-commons-annotations-6.0.6.Final.jar;C:\Users\rodri\.m2\repository\io\smallrye\jandex\3.1.2\jandex-3.1.2.jar;C:\Users\rodri\.m2\repository\com\fasterxml\classmate\1.6.0\classmate-1.6.0.jar;C:\Users\rodri\.m2\repository\net\bytebuddy\byte-buddy\1.14.13\byte-buddy-1.14.13.jar;C:\Users\rodri\.m2\repository\org\glassfish\jaxb\jaxb-runtime\4.0.5\jaxb-runtime-4.0.5.jar;C:\Users\rodri\.m2\repository\org\glassfish\jaxb\jaxb-core\4.0.5\jaxb-core-4.0.5.jar;C:\Users\rodri\.m2\repository\org\eclipse\angus\angus-activation\2.0.2\angus-activation-2.0.2.jar;C:\Users\rodri\.m2\repository\org\glassfish\jaxb\txw2\4.0.5\txw2-4.0.5.jar;C:\Users\rodri\.m2\repository\com\sun\istack\istack-commons-runtime\4.1.2\istack-commons-runtime-4.1.2.jar;C:\Users\rodri\.m2\repository\jakarta\inject\jakarta.inject-api\2.0.1\jakarta.inject-api-2.0.1.jar;C:\Users\rodri\.m2\repository\org\antlr\antlr4-runtime\4.13.0\antlr4-runtime-4.13.0.jar;C:\Users\rodri\.m2\repository\org\springframework\data\spring-data-jpa\3.2.5\spring-data-jpa-3.2.5.jar;C:\Users\rodri\.m2\repository\org\springframework\data\spring-data-commons\3.2.5\spring-data-commons-3.2.5.jar;C:\Users\rodri\.m2\repository\org\springframework\spring-orm\6.1.6\spring-orm-6.1.6.jar;C:\Users\rodri\.m2\repository\org\springframework\spring-tx\6.1.6\spring-tx-6.1.6.jar;C:\Users\rodri\.m2\repository\org\springframework\spring-aspects\6.1.6\spring-aspects-6.1.6.jar;C:\Users\rodri\.m2\repository\com\mysql\mysql-connector-j\8.3.0\mysql-connector-j-8.3.0.jar;C:\Users\rodri\.m2\repository\org\springframework\boot\spring-boot-starter-thymeleaf\3.2.5\spring-boot-starter-thymeleaf-3.2.5.jar;C:\Users\rodri\.m2\repository\org\thymeleaf\thymeleaf-spring6\3.1.2.RELEASE\thymeleaf-spring6-3.1.2.RELEASE.jar;C:\Users\rodri\.m2\repository\org\thymeleaf\thymeleaf\3.1.2.RELEASE\thymeleaf-3.1.2.RELEASE.jar;C:\Users\rodri\.m2\repository\org\attoparser\attoparser\2.0.7.RELEASE\attoparser-2.0.7.RELEASE.jar;C:\Users\rodri\.m2\repository\org\unbescape\unbescape\1.1.6.RELEASE\unbescape-1.1.6.RELEASE.jar;C:\Users\rodri\.m2\repository\org\thymeleaf\extras\thymeleaf-extras-springsecurity6\3.1.2.RELEASE\thymeleaf-extras-springsecurity6-3.1.2.RELEASE.jar;C:\Users\rodri\.m2\repository\org\slf4j\slf4j-api\2.0.13\slf4j-api-2.0.13.jar;C:\Users\rodri\.m2\repository\io\jsonwebtoken\jjwt-api\0.12.5\jjwt-api-0.12.5.jar;C:\Users\rodri\.m2\repository\io\jsonwebtoken\jjwt-impl\0.12.5\jjwt-impl-0.12.5.jar;C:\Users\rodri\.m2\repository\io\jsonwebtoken\jjwt-jackson\0.12.5\jjwt-jackson-0.12.5.jar;C:\Users\rodri\.m2\repository\com\fasterxml\jackson\core\jackson-databind\2.15.4\jackson-databind-2.15.4.jar;C:\Users\rodri\.m2\repository\com\fasterxml\jackson\core\jackson-annotations\2.15.4\jackson-annotations-2.15.4.jar;C:\Users\rodri\.m2\repository\com\fasterxml\jackson\core\jackson-core\2.15.4\jackson-core-2.15.4.jar;C:\Users\rodri\.m2\repository\jakarta\xml\bind\jakarta.xml.bind-api\4.0.2\jakarta.xml.bind-api-4.0.2.jar;C:\Users\rodri\.m2\repository\jakarta\activation\jakarta.activation-api\2.1.3\jakarta.activation-api-2.1.3.jar;C:\Users\rodri\.m2\repository\org\springframework\spring-core\6.1.6\spring-core-6.1.6.jar;C:\Users\rodri\.m2\repository\org\springframework\spring-jcl\6.1.6\spring-jcl-6.1.6.jar;C:\Users\rodri\.m2\repository\org\springframework\security\spring-security-core\6.2.4\spring-security-core-6.2.4.jar;C:\Users\rodri\.m2\repository\org\springframework\security\spring-security-crypto\6.2.4\spring-security-crypto-6.2.4.jar, java.vm.vendor=Oracle Corporation, LOG_PATH=UsersodriOneDriveEscritorioUniBimestre VISeguridad y calidad en el desarrolloSemana 2veterinariaveterinariasrcmainesources, sun.arch.data.model=64, user.variant=, java.vendor.url=https://java.oracle.com/, catalina.useNaming=false, user.timezone=America/Santiago, jakarta.persistence.sharedCache.mode=UNSPECIFIED, org.jboss.logging.provider=slf4j, java.vm.specification.version=20, os.name=Windows 10, jakarta.persistence.nonJtaDataSource=HikariDataSource (HikariPool-1), sun.java.launcher=SUN_STANDARD, user.country=CL, sun.boot.library.path=C:\Program Files\Java\jdk-20\bin, sun.java.command=cl.duoc.veterinaria.App.VeterinariaApplication, javax.persistence.nonJtaDataSource=HikariDataSource (HikariPool-1), hibernate.transaction.jta.platform=org.hibernate.engine.transaction.jta.platform.internal.NoJtaPlatform@1aaf46e6, jdk.debug=release, sun.cpu.endian=little, hibernate.cdi.extensions=true, user.home=C:\Users\rodri, user.language=es, java.specification.vendor=Oracle Corporation, java.version.date=2023-07-18, java.home=C:\Program Files\Java\jdk-20, file.separator=\, java.vm.compressedOopsMode=Zero based, line.separator=
, hibernate.persistenceUnitName=default, java.vm.specification.vendor=Oracle Corporation, java.specification.name=Java Platform API Specification, FILE_LOG_CHARSET=UTF-8, hibernate.transaction.coordinator_class=class org.hibernate.resource.transaction.backend.jdbc.internal.JdbcResourceLocalTransactionCoordinatorBuilderImpl, java.awt.headless=true, jakarta.persistence.validation.mode=AUTO, hibernate.hbm2ddl.auto=update, user.script=, sun.management.compiler=HotSpot 64-Bit Tiered Compilers, java.runtime.version=20.0.2+9-78, user.name=rodri, stdout.encoding=cp850, path.separator=;, os.version=10.0, java.runtime.name=Java(TM) SE Runtime Environment, file.encoding=UTF-8, java.vm.name=Java HotSpot(TM) 64-Bit Server VM, LOG_FILE=backend.log, java.vendor.url.bug=https://bugreport.java.com/bugreport/, java.io.tmpdir=C:\Users\rodri\AppData\Local\Temp\, catalina.home=C:\Users\rodri\AppData\Local\Temp\tomcat.8080.14594354952368735027, java.version=20.0.2, hibernate.physical_naming_strategy=org.hibernate.boot.model.naming.CamelCaseToUnderscoresNamingStrategy, user.dir=C:\Users\rodri\OneDrive\Escritorio\Uni\Bimestre VI\Seguridad y calidad en el desarrollo\Semana 2\veterinaria-s2, os.arch=amd64, java.vm.specification.name=Java Virtual Machine Specification, PID=29880, sun.os.patch.level=, CONSOLE_LOG_CHARSET=UTF-8, catalina.base=C:\Users\rodri\AppData\Local\Temp\tomcat.8080.14594354952368735027, hibernate.boot.CfgXmlAccessService.key=org.hibernate.boot.registry.StandardServiceRegistryBuilder$1@391d28ea, native.encoding=Cp1252, java.library.path=C:\Program Files\Java\jdk-20\bin;C:\Windows\Sun\Java\bin;C:\Windows\system32;C:\Windows;c:\Users\rodri\AppData\Roaming\Code\User\globalStorage\github.copilot-chat\debugCommand;c:\Users\rodri\AppData\Roaming\Code\User\globalStorage\github.copilot-chat\copilotCli;C:\app\rodri\product\21c\dbhomeXE\bin;C:\Program Files\Common Files\Oracle\Java\javapath;C:\Windows\system32;C:\Windows;C:\Windows\System32\Wbem;C:\Windows\System32\WindowsPowerShell\v1.0\;C:\Windows\System32\OpenSSH\;C:\Program Files\NVIDIA Corporation\NVIDIA App\NvDLISR;C:\Program Files (x86)\NVIDIA Corporation\PhysX\Common;C:\Program Files\Seelen\Seelen UI;C:\Program Files\Docker\Docker\resources\bin;C:\Program Files\Git\cmd;C:\Users\rodri\AppData\Local\Programs\Python\Launcher\;C:\Users\rodri\AppData\Local\Microsoft\WindowsApps;C:\Users\rodri\AppData\Local\Programs\Microsoft VS Code\bin;C:\Users\rodri\AppData\Local\GitHubDesktop\bin;c:\Users\rodri\.vscode\extensions\vscjava.vscode-java-debug-0.59.0\bundled\scripts\noConfigScripts;., stderr.encoding=cp850, java.vendor=Oracle Corporation, java.vm.info=mixed mode, sharing, java.vm.version=20.0.2+9-78, sun.io.unicode.encoding=UnicodeLittle, hibernate.archive.scanner=org.hibernate.boot.archive.scan.internal.DisabledScanner, hibernate.connection.datasource=HikariDataSource (HikariPool-1), java.class.version=64.0, LOGGED_APPLICATION_NAME=[veterinaria] }
2026-08-26T22:06:53.210-04:00 TRACE 29880 --- [veterinaria] [main] .e.j.e.i.NormalizingIdentifierHelperImpl : Normalizing identifier quoting [null]
2026-08-26T22:06:53.210-04:00 TRACE 29880 --- [veterinaria] [main] o.h.s.i.AbstractServiceRegistryImpl      : Initializing service [role=org.hibernate.cache.spi.CacheImplementor]
2026-08-26T22:06:53.214-04:00 DEBUG 29880 --- [veterinaria] [main] o.hibernate.internal.SessionFactoryImpl  : Session factory constructed with filter configurations : {}
2026-08-26T22:06:53.310-04:00 DEBUG 29880 --- [veterinaria] [main] o.h.q.sqm.function.SqmFunctionRegistry   : Registered SqmFunctionTemplate [NamedSqmFunctionTemplate(max)] under max; prior registration was null
2026-08-26T22:06:53.311-04:00 DEBUG 29880 --- [veterinaria] [main] o.h.q.sqm.function.SqmFunctionRegistry   : Registered SqmFunctionTemplate [NamedSqmFunctionTemplate(min)] under min; prior registration was null
2026-08-26T22:06:53.311-04:00 DEBUG 29880 --- [veterinaria] [main] o.h.q.sqm.function.SqmFunctionRegistry   : Registered SqmFunctionTemplate [NamedSqmFunctionTemplate(sum)] under sum; prior registration was null
2026-08-26T22:06:53.314-04:00 DEBUG 29880 --- [veterinaria] [main] o.h.q.sqm.function.SqmFunctionRegistry   : Registered SqmFunctionTemplate [NamedSqmFunctionTemplate(avg)] under avg; prior registration was null
2026-08-26T22:06:53.318-04:00 DEBUG 29880 --- [veterinaria] [main] o.h.q.sqm.function.SqmFunctionRegistry   : Registered SqmFunctionTemplate [org.hibernate.dialect.function.CountFunction@1d622556] under count; prior registration was null
2026-08-26T22:06:53.321-04:00 DEBUG 29880 --- [veterinaria] [main] o.h.q.sqm.function.SqmFunctionRegistry   : Registered SqmFunctionTemplate [org.hibernate.dialect.function.EveryAnyEmulation@389008d1] under every; prior registration was null
2026-08-26T22:06:53.322-04:00 DEBUG 29880 --- [veterinaria] [main] o.h.q.sqm.function.SqmFunctionRegistry   : Registered SqmFunctionTemplate [org.hibernate.dialect.function.EveryAnyEmulation@718f3088] under any; prior registration was null
2026-08-26T22:06:53.323-04:00 DEBUG 29880 --- [veterinaria] [main] o.h.q.sqm.function.SqmFunctionRegistry   : Registered SqmFunctionTemplate [NamedSqmFunctionTemplate(floor)] under floor; prior registration was null
2026-08-26T22:06:53.330-04:00 DEBUG 29880 --- [veterinaria] [main] o.h.q.sqm.function.SqmFunctionRegistry   : Registered SqmFunctionTemplate [NamedSqmFunctionTemplate(ceiling)] under ceiling; prior registration was null
2026-08-26T22:06:53.331-04:00 DEBUG 29880 --- [veterinaria] [main] o.h.q.sqm.function.SqmFunctionRegistry   : Registered SqmFunctionTemplate [NamedSqmFunctionTemplate(mod)] under mod; prior registration was null
2026-08-26T22:06:53.331-04:00 DEBUG 29880 --- [veterinaria] [main] o.h.q.sqm.function.SqmFunctionRegistry   : Registered SqmFunctionTemplate [NamedSqmFunctionTemplate(abs)] under abs; prior registration was null
2026-08-26T22:06:53.335-04:00 DEBUG 29880 --- [veterinaria] [main] o.h.q.sqm.function.SqmFunctionRegistry   : Registered SqmFunctionTemplate [NamedSqmFunctionTemplate(sign)] under sign; prior registration was null
2026-08-26T22:06:53.337-04:00 DEBUG 29880 --- [veterinaria] [main] o.h.q.sqm.function.SqmFunctionRegistry   : Registered SqmFunctionTemplate [NamedSqmFunctionTemplate(sqrt)] under sqrt; prior registration was null
2026-08-26T22:06:53.338-04:00 DEBUG 29880 --- [veterinaria] [main] o.h.q.sqm.function.SqmFunctionRegistry   : Registered SqmFunctionTemplate [NamedSqmFunctionTemplate(ln)] under ln; prior registration was null
2026-08-26T22:06:53.343-04:00 DEBUG 29880 --- [veterinaria] [main] o.h.q.sqm.function.SqmFunctionRegistry   : Registered SqmFunctionTemplate [NamedSqmFunctionTemplate(exp)] under exp; prior registration was null
2026-08-26T22:06:53.344-04:00 DEBUG 29880 --- [veterinaria] [main] o.h.q.sqm.function.SqmFunctionRegistry   : Registered SqmFunctionTemplate [NamedSqmFunctionTemplate(power)] under power; prior registration was null
2026-08-26T22:06:53.348-04:00 DEBUG 29880 --- [veterinaria] [main] o.h.q.sqm.function.SqmFunctionRegistry   : Registered SqmFunctionTemplate [NamedSqmFunctionTemplate(round)] under round; prior registration was null
2026-08-26T22:06:53.348-04:00 DEBUG 29880 --- [veterinaria] [main] o.h.q.sqm.function.SqmFunctionRegistry   : Registered SqmFunctionTemplate [NamedSqmFunctionTemplate(sin)] under sin; prior registration was null
2026-08-26T22:06:53.349-04:00 DEBUG 29880 --- [veterinaria] [main] o.h.q.sqm.function.SqmFunctionRegistry   : Registered SqmFunctionTemplate [NamedSqmFunctionTemplate(cos)] under cos; prior registration was null
2026-08-26T22:06:53.354-04:00 DEBUG 29880 --- [veterinaria] [main] o.h.q.sqm.function.SqmFunctionRegistry   : Registered SqmFunctionTemplate [NamedSqmFunctionTemplate(tan)] under tan; prior registration was null
2026-08-26T22:06:53.355-04:00 DEBUG 29880 --- [veterinaria] [main] o.h.q.sqm.function.SqmFunctionRegistry   : Registered SqmFunctionTemplate [NamedSqmFunctionTemplate(asin)] under asin; prior registration was null
2026-08-26T22:06:53.360-04:00 DEBUG 29880 --- [veterinaria] [main] o.h.q.sqm.function.SqmFunctionRegistry   : Registered SqmFunctionTemplate [NamedSqmFunctionTemplate(acos)] under acos; prior registration was null
2026-08-26T22:06:53.363-04:00 DEBUG 29880 --- [veterinaria] [main] o.h.q.sqm.function.SqmFunctionRegistry   : Registered SqmFunctionTemplate [NamedSqmFunctionTemplate(atan)] under atan; prior registration was null
2026-08-26T22:06:53.363-04:00 DEBUG 29880 --- [veterinaria] [main] o.h.q.sqm.function.SqmFunctionRegistry   : Registered SqmFunctionTemplate [NamedSqmFunctionTemplate(atan2)] under atan2; prior registration was null
2026-08-26T22:06:53.373-04:00 DEBUG 29880 --- [veterinaria] [main] o.h.q.sqm.function.SqmFunctionRegistry   : Registered SqmFunctionTemplate [org.hibernate.query.sqm.function.PatternBasedSqmFunctionDescriptor@3e6acec2] under sinh; prior registration was null
2026-08-26T22:06:53.379-04:00 DEBUG 29880 --- [veterinaria] [main] o.h.q.sqm.function.SqmFunctionRegistry   : Registered SqmFunctionTemplate [org.hibernate.query.sqm.function.PatternBasedSqmFunctionDescriptor@3d764641] under cosh; prior registration was null
2026-08-26T22:06:53.381-04:00 DEBUG 29880 --- [veterinaria] [main] o.h.q.sqm.function.SqmFunctionRegistry   : Registered SqmFunctionTemplate [org.hibernate.query.sqm.function.PatternBasedSqmFunctionDescriptor@1e8bccfb] under tanh; prior registration was null
2026-08-26T22:06:53.382-04:00 DEBUG 29880 --- [veterinaria] [main] o.h.q.sqm.function.SqmFunctionRegistry   : Registered SqmFunctionTemplate [org.hibernate.query.sqm.function.PatternBasedSqmFunctionDescriptor@77eb607e] under pi; prior registration was null
2026-08-26T22:06:53.388-04:00 DEBUG 29880 --- [veterinaria] [main] o.h.q.sqm.function.SqmFunctionRegistry   : Registered SqmFunctionTemplate [org.hibernate.query.sqm.function.PatternBasedSqmFunctionDescriptor@1f1fbc9f] under log; prior registration was null
2026-08-26T22:06:53.390-04:00 DEBUG 29880 --- [veterinaria] [main] o.h.q.sqm.function.SqmFunctionRegistry   : Registered SqmFunctionTemplate [NamedSqmFunctionTemplate(coalesce)] under coalesce; prior registration was null
2026-08-26T22:06:53.390-04:00 DEBUG 29880 --- [veterinaria] [main] o.h.q.sqm.function.SqmFunctionRegistry   : Registered SqmFunctionTemplate [NamedSqmFunctionTemplate(nullif)] under nullif; prior registration was null
2026-08-26T22:06:53.393-04:00 DEBUG 29880 --- [veterinaria] [main] o.h.q.sqm.function.SqmFunctionRegistry   : Registered SqmFunctionTemplate [NamedSqmFunctionTemplate(left)] under left; prior registration was null
2026-08-26T22:06:53.394-04:00 DEBUG 29880 --- [veterinaria] [main] o.h.q.sqm.function.SqmFunctionRegistry   : Registered SqmFunctionTemplate [NamedSqmFunctionTemplate(right)] under right; prior registration was null
2026-08-26T22:06:53.395-04:00 DEBUG 29880 --- [veterinaria] [main] o.h.q.sqm.function.SqmFunctionRegistry   : Registered SqmFunctionTemplate [NamedSqmFunctionTemplate(replace)] under replace; prior registration was null
2026-08-26T22:06:53.397-04:00 DEBUG 29880 --- [veterinaria] [main] o.h.q.sqm.function.SqmFunctionRegistry   : Registered SqmFunctionTemplate [NamedSqmFunctionTemplate(concat)] under concat; prior registration was null
2026-08-26T22:06:53.398-04:00 DEBUG 29880 --- [veterinaria] [main] o.h.q.sqm.function.SqmFunctionRegistry   : Registered SqmFunctionTemplate [NamedSqmFunctionTemplate(lower)] under lower; prior registration was null
2026-08-26T22:06:53.398-04:00 DEBUG 29880 --- [veterinaria] [main] o.h.q.sqm.function.SqmFunctionRegistry   : Registered SqmFunctionTemplate [NamedSqmFunctionTemplate(upper)] under upper; prior registration was null
2026-08-26T22:06:53.399-04:00 DEBUG 29880 --- [veterinaria] [main] o.h.q.sqm.function.SqmFunctionRegistry   : Registered SqmFunctionTemplate [NamedSqmFunctionTemplate(substring)] under substring; prior registration was null
2026-08-26T22:06:53.401-04:00 DEBUG 29880 --- [veterinaria] [main] o.h.q.sqm.function.SqmFunctionRegistry   : Registered SqmFunctionTemplate [NamedSqmFunctionTemplate(locate)] under locate; prior registration was null
2026-08-26T22:06:53.401-04:00 DEBUG 29880 --- [veterinaria] [main] o.h.q.sqm.function.SqmFunctionRegistry   : Registered SqmFunctionTemplate [NamedSqmFunctionTemplate(character_length)] under character_length; prior registration was null
2026-08-26T22:06:53.402-04:00 DEBUG 29880 --- [veterinaria] [main] o.h.q.sqm.function.SqmFunctionRegistry   : Registering alternate key : length -> character_length
2026-08-26T22:06:53.404-04:00 DEBUG 29880 --- [veterinaria] [main] o.h.q.sqm.function.SqmFunctionRegistry   : Registered SqmFunctionTemplate [org.hibernate.dialect.function.LocatePositionEmulation@338a4c61] under position; prior registration was null
2026-08-26T22:06:53.411-04:00 DEBUG 29880 --- [veterinaria] [main] o.h.q.sqm.function.SqmFunctionRegistry   : Registered SqmFunctionTemplate [org.hibernate.dialect.function.InsertSubstringOverlayEmulation@4ef8090b] under overlay; prior registration was null
2026-08-26T22:06:53.413-04:00 DEBUG 29880 --- [veterinaria] [main] o.h.q.sqm.function.SqmFunctionRegistry   : Registered SqmFunctionTemplate [org.hibernate.dialect.function.TrimFunction@7bda01da] under trim; prior registration was null
2026-08-26T22:06:53.420-04:00 DEBUG 29880 --- [veterinaria] [main] o.h.q.sqm.function.SqmFunctionRegistry   : Registered SqmFunctionTemplate [org.hibernate.dialect.function.CastFunction@2f6e92ca] under cast; prior registration was null
2026-08-26T22:06:53.422-04:00 DEBUG 29880 --- [veterinaria] [main] o.h.q.sqm.function.SqmFunctionRegistry   : Registered SqmFunctionTemplate [org.hibernate.query.sqm.function.PatternBasedSqmFunctionDescriptor@380fdcf2] under collate; prior registration was null
2026-08-26T22:06:53.426-04:00 DEBUG 29880 --- [veterinaria] [main] o.h.q.sqm.function.SqmFunctionRegistry   : Registered SqmFunctionTemplate [org.hibernate.dialect.function.ExtractFunction@15d58530] under extract; prior registration was null
2026-08-26T22:06:53.428-04:00 DEBUG 29880 --- [veterinaria] [main] o.h.q.sqm.function.SqmFunctionRegistry   : Registered SqmFunctionTemplate [NamedSqmFunctionTemplate(least)] under least; prior registration was null
2026-08-26T22:06:53.429-04:00 DEBUG 29880 --- [veterinaria] [main] o.h.q.sqm.function.SqmFunctionRegistry   : Registered SqmFunctionTemplate [NamedSqmFunctionTemplate(greatest)] under greatest; prior registration was null
2026-08-26T22:06:53.430-04:00 DEBUG 29880 --- [veterinaria] [main] o.h.q.sqm.function.SqmFunctionRegistry   : Registered SqmFunctionTemplate [org.hibernate.dialect.function.CoalesceIfnullEmulation@4a890fdd] under ifnull; prior registration was null
2026-08-26T22:06:53.431-04:00 DEBUG 29880 --- [veterinaria] [main] o.h.q.sqm.function.SqmFunctionRegistry   : Registered SqmFunctionTemplate [NamedSqmFunctionTemplate(lpad)] under lpad; prior registration was null
2026-08-26T22:06:53.431-04:00 DEBUG 29880 --- [veterinaria] [main] o.h.q.sqm.function.SqmFunctionRegistry   : Registered SqmFunctionTemplate [NamedSqmFunctionTemplate(rpad)] under rpad; prior registration was null
2026-08-26T22:06:53.434-04:00 DEBUG 29880 --- [veterinaria] [main] o.h.q.sqm.function.SqmFunctionRegistry   : Registered SqmFunctionTemplate [org.hibernate.dialect.function.LpadRpadPadEmulation@2acb1264] under pad; prior registration was null
2026-08-26T22:06:53.438-04:00 DEBUG 29880 --- [veterinaria] [main] o.h.q.sqm.function.SqmFunctionRegistry   : Registered SqmFunctionTemplate [org.hibernate.dialect.function.CastStrEmulation@351ede23] under str; prior registration was null
2026-08-26T22:06:53.454-04:00 DEBUG 29880 --- [veterinaria] [main] o.h.q.sqm.function.SqmFunctionRegistry   : Registered SqmFunctionTemplate [org.hibernate.dialect.function.FormatFunction@1bc6c20d] under format; prior registration was null
2026-08-26T22:06:53.460-04:00 DEBUG 29880 --- [veterinaria] [main] o.h.q.sqm.function.SqmFunctionRegistry   : Registered SqmFunctionTemplate [org.hibernate.dialect.function.TimestampaddFunction@7a730479] under timestampadd; prior registration was null
2026-08-26T22:06:53.464-04:00 DEBUG 29880 --- [veterinaria] [main] o.h.q.sqm.function.SqmFunctionRegistry   : Registered SqmFunctionTemplate [org.hibernate.dialect.function.TimestampdiffFunction@287ad0da] under timestampdiff; prior registration was null
2026-08-26T22:06:53.465-04:00 DEBUG 29880 --- [veterinaria] [main] o.h.q.sqm.function.SqmFunctionRegistry   : Registering alternate key : dateadd -> timestampadd
2026-08-26T22:06:53.470-04:00 DEBUG 29880 --- [veterinaria] [main] o.h.q.sqm.function.SqmFunctionRegistry   : Registering alternate key : datediff -> timestampdiff
2026-08-26T22:06:53.472-04:00 DEBUG 29880 --- [veterinaria] [main] o.h.q.sqm.function.SqmFunctionRegistry   : Registered SqmFunctionTemplate [org.hibernate.dialect.function.CurrentFunction@2f0cab82] under current_date; prior registration was null
2026-08-26T22:06:53.475-04:00 DEBUG 29880 --- [veterinaria] [main] o.h.q.sqm.function.SqmFunctionRegistry   : Registered SqmFunctionTemplate [org.hibernate.dialect.function.CurrentFunction@7fcc3745] under current_time; prior registration was null
2026-08-26T22:06:53.478-04:00 DEBUG 29880 --- [veterinaria] [main] o.h.q.sqm.function.SqmFunctionRegistry   : Registered SqmFunctionTemplate [org.hibernate.dialect.function.CurrentFunction@6d35ff7b] under current_timestamp; prior registration was null
2026-08-26T22:06:53.478-04:00 DEBUG 29880 --- [veterinaria] [main] o.h.q.sqm.function.SqmFunctionRegistry   : Registering alternate key : current date -> current_date
2026-08-26T22:06:53.479-04:00 DEBUG 29880 --- [veterinaria] [main] o.h.q.sqm.function.SqmFunctionRegistry   : Registering alternate key : current time -> current_time
2026-08-26T22:06:53.479-04:00 DEBUG 29880 --- [veterinaria] [main] o.h.q.sqm.function.SqmFunctionRegistry   : Registering alternate key : current timestamp -> current_timestamp
2026-08-26T22:06:53.480-04:00 DEBUG 29880 --- [veterinaria] [main] o.h.q.sqm.function.SqmFunctionRegistry   : Registered SqmFunctionTemplate [org.hibernate.dialect.function.CurrentFunction@4ef31221] under local_date; prior registration was null
2026-08-26T22:06:53.480-04:00 DEBUG 29880 --- [veterinaria] [main] o.h.q.sqm.function.SqmFunctionRegistry   : Registered SqmFunctionTemplate [org.hibernate.dialect.function.CurrentFunction@4e9e0c6] under local_time; prior registration was null
2026-08-26T22:06:53.481-04:00 DEBUG 29880 --- [veterinaria] [main] o.h.q.sqm.function.SqmFunctionRegistry   : Registered SqmFunctionTemplate [org.hibernate.dialect.function.CurrentFunction@1a819901] under local_datetime; prior registration was null
2026-08-26T22:06:53.481-04:00 DEBUG 29880 --- [veterinaria] [main] o.h.q.sqm.function.SqmFunctionRegistry   : Registered SqmFunctionTemplate [org.hibernate.dialect.function.CurrentFunction@588d630d] under offset_datetime; prior registration was null
2026-08-26T22:06:53.481-04:00 DEBUG 29880 --- [veterinaria] [main] o.h.q.sqm.function.SqmFunctionRegistry   : Registering alternate key : local date -> local_date
2026-08-26T22:06:53.483-04:00 DEBUG 29880 --- [veterinaria] [main] o.h.q.sqm.function.SqmFunctionRegistry   : Registering alternate key : local time -> local_time
2026-08-26T22:06:53.484-04:00 DEBUG 29880 --- [veterinaria] [main] o.h.q.sqm.function.SqmFunctionRegistry   : Registering alternate key : local datetime -> local_datetime
2026-08-26T22:06:53.485-04:00 DEBUG 29880 --- [veterinaria] [main] o.h.q.sqm.function.SqmFunctionRegistry   : Registering alternate key : offset datetime -> offset_datetime
2026-08-26T22:06:53.485-04:00 DEBUG 29880 --- [veterinaria] [main] o.h.q.sqm.function.SqmFunctionRegistry   : Registered SqmFunctionTemplate [org.hibernate.dialect.function.CurrentFunction@eb91027] under instant; prior registration was null
2026-08-26T22:06:53.488-04:00 DEBUG 29880 --- [veterinaria] [main] o.h.q.sqm.function.SqmFunctionRegistry   : Registering alternate key : current_instant -> instant
2026-08-26T22:06:53.490-04:00 DEBUG 29880 --- [veterinaria] [main] o.h.q.sqm.function.SqmFunctionRegistry   : Registered SqmFunctionTemplate [org.hibernate.dialect.function.SqlFunction@261a66b8] under sql; prior registration was null
2026-08-26T22:06:53.490-04:00 DEBUG 29880 --- [veterinaria] [main] o.h.q.sqm.function.SqmFunctionRegistry   : Registered SqmFunctionTemplate [NamedSqmFunctionTemplate(soundex)] under soundex; prior registration was null
2026-08-26T22:06:53.495-04:00 DEBUG 29880 --- [veterinaria] [main] o.h.q.sqm.function.SqmFunctionRegistry   : Registered SqmFunctionTemplate [NamedSqmFunctionTemplate(radians)] under radians; prior registration was null
2026-08-26T22:06:53.495-04:00 DEBUG 29880 --- [veterinaria] [main] o.h.q.sqm.function.SqmFunctionRegistry   : Registered SqmFunctionTemplate [NamedSqmFunctionTemplate(degrees)] under degrees; prior registration was null
2026-08-26T22:06:53.503-04:00 DEBUG 29880 --- [veterinaria] [main] o.h.q.sqm.function.SqmFunctionRegistry   : Registered SqmFunctionTemplate [NamedSqmFunctionTemplate(cot)] under cot; prior registration was null
2026-08-26T22:06:53.504-04:00 DEBUG 29880 --- [veterinaria] [main] o.h.q.sqm.function.SqmFunctionRegistry   : Registered SqmFunctionTemplate [NamedSqmFunctionTemplate(log)] under log; prior registration was org.hibernate.query.sqm.function.PatternBasedSqmFunctionDescriptor@1f1fbc9f
2026-08-26T22:06:53.504-04:00 DEBUG 29880 --- [veterinaria] [main] o.h.q.sqm.function.SqmFunctionRegistry   : Registered SqmFunctionTemplate [NamedSqmFunctionTemplate(log2)] under log2; prior registration was null
2026-08-26T22:06:53.504-04:00 DEBUG 29880 --- [veterinaria] [main] o.h.q.sqm.function.SqmFunctionRegistry   : Registered SqmFunctionTemplate [NamedSqmFunctionTemplate(log10)] under log10; prior registration was null
2026-08-26T22:06:53.505-04:00 DEBUG 29880 --- [veterinaria] [main] o.h.q.sqm.function.SqmFunctionRegistry   : Registered SqmFunctionTemplate [NamedSqmFunctionTemplate(ltrim)] under ltrim; prior registration was null
2026-08-26T22:06:53.505-04:00 DEBUG 29880 --- [veterinaria] [main] o.h.q.sqm.function.SqmFunctionRegistry   : Registered SqmFunctionTemplate [NamedSqmFunctionTemplate(rtrim)] under rtrim; prior registration was null
2026-08-26T22:06:53.505-04:00 DEBUG 29880 --- [veterinaria] [main] o.h.q.sqm.function.SqmFunctionRegistry   : Registered SqmFunctionTemplate [NamedSqmFunctionTemplate(octet_length)] under octet_length; prior registration was null
2026-08-26T22:06:53.510-04:00 DEBUG 29880 --- [veterinaria] [main] o.h.q.sqm.function.SqmFunctionRegistry   : Registered SqmFunctionTemplate [NamedSqmFunctionTemplate(reverse)] under reverse; prior registration was null
2026-08-26T22:06:53.510-04:00 DEBUG 29880 --- [veterinaria] [main] o.h.q.sqm.function.SqmFunctionRegistry   : Registered SqmFunctionTemplate [NamedSqmFunctionTemplate(space)] under space; prior registration was null
2026-08-26T22:06:53.511-04:00 DEBUG 29880 --- [veterinaria] [main] o.h.q.sqm.function.SqmFunctionRegistry   : Registered SqmFunctionTemplate [NamedSqmFunctionTemplate(repeat)] under repeat; prior registration was null
2026-08-26T22:06:53.512-04:00 DEBUG 29880 --- [veterinaria] [main] o.h.q.sqm.function.SqmFunctionRegistry   : Registered SqmFunctionTemplate [org.hibernate.query.sqm.function.MultipatternSqmFunctionDescriptor@7884f722] under lpad; prior registration was NamedSqmFunctionTemplate(lpad)
2026-08-26T22:06:53.512-04:00 DEBUG 29880 --- [veterinaria] [main] o.h.q.sqm.function.SqmFunctionRegistry   : Registered SqmFunctionTemplate [org.hibernate.query.sqm.function.MultipatternSqmFunctionDescriptor@16029e2f] under rpad; prior registration was NamedSqmFunctionTemplate(rpad)
2026-08-26T22:06:53.513-04:00 DEBUG 29880 --- [veterinaria] [main] o.h.q.sqm.function.SqmFunctionRegistry   : Registered SqmFunctionTemplate [NamedSqmFunctionTemplate(md5)] under md5; prior registration was null
2026-08-26T22:06:53.513-04:00 DEBUG 29880 --- [veterinaria] [main] o.h.q.sqm.function.SqmFunctionRegistry   : Registered SqmFunctionTemplate [NamedSqmFunctionTemplate(day)] under day; prior registration was null
2026-08-26T22:06:53.513-04:00 DEBUG 29880 --- [veterinaria] [main] o.h.q.sqm.function.SqmFunctionRegistry   : Registered SqmFunctionTemplate [NamedSqmFunctionTemplate(month)] under month; prior registration was null
2026-08-26T22:06:53.514-04:00 DEBUG 29880 --- [veterinaria] [main] o.h.q.sqm.function.SqmFunctionRegistry   : Registered SqmFunctionTemplate [NamedSqmFunctionTemplate(year)] under year; prior registration was null
2026-08-26T22:06:53.514-04:00 DEBUG 29880 --- [veterinaria] [main] o.h.q.sqm.function.SqmFunctionRegistry   : Registered SqmFunctionTemplate [NamedSqmFunctionTemplate(hour)] under hour; prior registration was null
2026-08-26T22:06:53.514-04:00 DEBUG 29880 --- [veterinaria] [main] o.h.q.sqm.function.SqmFunctionRegistry   : Registered SqmFunctionTemplate [NamedSqmFunctionTemplate(minute)] under minute; prior registration was null
2026-08-26T22:06:53.514-04:00 DEBUG 29880 --- [veterinaria] [main] o.h.q.sqm.function.SqmFunctionRegistry   : Registered SqmFunctionTemplate [NamedSqmFunctionTemplate(second)] under second; prior registration was null
2026-08-26T22:06:53.514-04:00 DEBUG 29880 --- [veterinaria] [main] o.h.q.sqm.function.SqmFunctionRegistry   : Registered SqmFunctionTemplate [NamedSqmFunctionTemplate(microsecond)] under microsecond; prior registration was null
2026-08-26T22:06:53.521-04:00 DEBUG 29880 --- [veterinaria] [main] o.h.q.sqm.function.SqmFunctionRegistry   : Registered SqmFunctionTemplate [NamedSqmFunctionTemplate(dayofweek)] under dayofweek; prior registration was null
2026-08-26T22:06:53.522-04:00 DEBUG 29880 --- [veterinaria] [main] o.h.q.sqm.function.SqmFunctionRegistry   : Registered SqmFunctionTemplate [NamedSqmFunctionTemplate(dayofmonth)] under dayofmonth; prior registration was null
2026-08-26T22:06:53.522-04:00 DEBUG 29880 --- [veterinaria] [main] o.h.q.sqm.function.SqmFunctionRegistry   : Registering alternate key : day -> dayofmonth
2026-08-26T22:06:53.526-04:00 DEBUG 29880 --- [veterinaria] [main] o.h.q.sqm.function.SqmFunctionRegistry   : Registered SqmFunctionTemplate [NamedSqmFunctionTemplate(dayofyear)] under dayofyear; prior registration was null
2026-08-26T22:06:53.528-04:00 DEBUG 29880 --- [veterinaria] [main] o.h.q.sqm.function.SqmFunctionRegistry   : Registered SqmFunctionTemplate [NamedSqmFunctionTemplate(week)] under week; prior registration was null
2026-08-26T22:06:53.528-04:00 DEBUG 29880 --- [veterinaria] [main] o.h.q.sqm.function.SqmFunctionRegistry   : Registered SqmFunctionTemplate [NamedSqmFunctionTemplate(quarter)] under quarter; prior registration was null
2026-08-26T22:06:53.528-04:00 DEBUG 29880 --- [veterinaria] [main] o.h.q.sqm.function.SqmFunctionRegistry   : Registered SqmFunctionTemplate [NamedSqmFunctionTemplate(monthname)] under monthname; prior registration was null
2026-08-26T22:06:53.528-04:00 DEBUG 29880 --- [veterinaria] [main] o.h.q.sqm.function.SqmFunctionRegistry   : Registered SqmFunctionTemplate [NamedSqmFunctionTemplate(dayname)] under dayname; prior registration was null
2026-08-26T22:06:53.529-04:00 DEBUG 29880 --- [veterinaria] [main] o.h.q.sqm.function.SqmFunctionRegistry   : Registered SqmFunctionTemplate [NamedSqmFunctionTemplate(last_day)] under last_day; prior registration was null
2026-08-26T22:06:53.530-04:00 DEBUG 29880 --- [veterinaria] [main] o.h.q.sqm.function.SqmFunctionRegistry   : Registered SqmFunctionTemplate [NamedSqmFunctionTemplate(date)] under date; prior registration was null
2026-08-26T22:06:53.530-04:00 DEBUG 29880 --- [veterinaria] [main] o.h.q.sqm.function.SqmFunctionRegistry   : Registered SqmFunctionTemplate [NamedSqmFunctionTemplate(timestamp)] under timestamp; prior registration was null
2026-08-26T22:06:53.535-04:00 DEBUG 29880 --- [veterinaria] [main] o.h.q.sqm.function.SqmFunctionRegistry   : Registered SqmFunctionTemplate [NamedSqmFunctionTemplate(time)] under time; prior registration was null
2026-08-26T22:06:53.536-04:00 DEBUG 29880 --- [veterinaria] [main] o.h.q.sqm.function.SqmFunctionRegistry   : Registered SqmFunctionTemplate [NamedSqmFunctionTemplate(utc_date)] under utc_date; prior registration was null
2026-08-26T22:06:53.538-04:00 DEBUG 29880 --- [veterinaria] [main] o.h.q.sqm.function.SqmFunctionRegistry   : Registered SqmFunctionTemplate [NamedSqmFunctionTemplate(utc_time)] under utc_time; prior registration was null
2026-08-26T22:06:53.540-04:00 DEBUG 29880 --- [veterinaria] [main] o.h.q.sqm.function.SqmFunctionRegistry   : Registered SqmFunctionTemplate [NamedSqmFunctionTemplate(utc_timestamp)] under utc_timestamp; prior registration was null
2026-08-26T22:06:53.543-04:00 DEBUG 29880 --- [veterinaria] [main] o.h.q.sqm.function.SqmFunctionRegistry   : Registered SqmFunctionTemplate [NamedSqmFunctionTemplate(rand)] under rand; prior registration was null
2026-08-26T22:06:53.545-04:00 DEBUG 29880 --- [veterinaria] [main] o.h.q.sqm.function.SqmFunctionRegistry   : Registered SqmFunctionTemplate [NamedSqmFunctionTemplate(crc32)] under crc32; prior registration was null
2026-08-26T22:06:53.545-04:00 DEBUG 29880 --- [veterinaria] [main] o.h.q.sqm.function.SqmFunctionRegistry   : Registered SqmFunctionTemplate [NamedSqmFunctionTemplate(sha1)] under sha1; prior registration was null
2026-08-26T22:06:53.546-04:00 DEBUG 29880 --- [veterinaria] [main] o.h.q.sqm.function.SqmFunctionRegistry   : Registered SqmFunctionTemplate [NamedSqmFunctionTemplate(sha2)] under sha2; prior registration was null
2026-08-26T22:06:53.547-04:00 DEBUG 29880 --- [veterinaria] [main] o.h.q.sqm.function.SqmFunctionRegistry   : Registered SqmFunctionTemplate [NamedSqmFunctionTemplate(sha)] under sha; prior registration was null
2026-08-26T22:06:53.548-04:00 DEBUG 29880 --- [veterinaria] [main] o.h.q.sqm.function.SqmFunctionRegistry   : Registered SqmFunctionTemplate [NamedSqmFunctionTemplate(bit_length)] under bit_length; prior registration was null
2026-08-26T22:06:53.548-04:00 DEBUG 29880 --- [veterinaria] [main] o.h.q.sqm.function.SqmFunctionRegistry   : Registered SqmFunctionTemplate [NamedSqmFunctionTemplate(octet_length)] under octet_length; prior registration was NamedSqmFunctionTemplate(octet_length)
2026-08-26T22:06:53.549-04:00 DEBUG 29880 --- [veterinaria] [main] o.h.q.sqm.function.SqmFunctionRegistry   : Registered SqmFunctionTemplate [NamedSqmFunctionTemplate(ascii)] under ascii; prior registration was null
2026-08-26T22:06:53.550-04:00 DEBUG 29880 --- [veterinaria] [main] o.h.q.sqm.function.SqmFunctionRegistry   : Registered SqmFunctionTemplate [NamedSqmFunctionTemplate(instr)] under instr; prior registration was null
2026-08-26T22:06:53.550-04:00 DEBUG 29880 --- [veterinaria] [main] o.h.q.sqm.function.SqmFunctionRegistry   : Registered SqmFunctionTemplate [NamedSqmFunctionTemplate(substr)] under substr; prior registration was null
2026-08-26T22:06:53.551-04:00 DEBUG 29880 --- [veterinaria] [main] o.h.q.sqm.function.SqmFunctionRegistry   : Registered SqmFunctionTemplate [org.hibernate.query.sqm.function.PatternBasedSqmFunctionDescriptor@3b2db389] under position; prior registration was org.hibernate.dialect.function.LocatePositionEmulation@338a4c61
2026-08-26T22:06:53.551-04:00 DEBUG 29880 --- [veterinaria] [main] o.h.q.sqm.function.SqmFunctionRegistry   : Registered SqmFunctionTemplate [NamedSqmFunctionTemplate(curtime)] under curtime; prior registration was null
2026-08-26T22:06:53.551-04:00 DEBUG 29880 --- [veterinaria] [main] o.h.q.sqm.function.SqmFunctionRegistry   : Registered SqmFunctionTemplate [NamedSqmFunctionTemplate(curdate)] under curdate; prior registration was null
2026-08-26T22:06:53.551-04:00 DEBUG 29880 --- [veterinaria] [main] o.h.q.sqm.function.SqmFunctionRegistry   : Registered SqmFunctionTemplate [NamedSqmFunctionTemplate(now)] under now; prior registration was null
2026-08-26T22:06:53.563-04:00 DEBUG 29880 --- [veterinaria] [main] o.h.q.sqm.function.SqmFunctionRegistry   : Registered SqmFunctionTemplate [org.hibernate.dialect.function.TruncFunction@31880efa] under trunc; prior registration was null
2026-08-26T22:06:53.563-04:00 DEBUG 29880 --- [veterinaria] [main] o.h.q.sqm.function.SqmFunctionRegistry   : Registering alternate key : truncate -> trunc
2026-08-26T22:06:53.564-04:00 DEBUG 29880 --- [veterinaria] [main] o.h.q.sqm.function.SqmFunctionRegistry   : Registered SqmFunctionTemplate [NamedSqmFunctionTemplate(insert)] under insert; prior registration was null
2026-08-26T22:06:53.564-04:00 DEBUG 29880 --- [veterinaria] [main] o.h.q.sqm.function.SqmFunctionRegistry   : Registered SqmFunctionTemplate [org.hibernate.query.sqm.function.PatternBasedSqmFunctionDescriptor@79295932] under bitand; prior registration was null
2026-08-26T22:06:53.565-04:00 DEBUG 29880 --- [veterinaria] [main] o.h.q.sqm.function.SqmFunctionRegistry   : Registered SqmFunctionTemplate [org.hibernate.query.sqm.function.PatternBasedSqmFunctionDescriptor@2cadcff6] under bitor; prior registration was null
2026-08-26T22:06:53.565-04:00 DEBUG 29880 --- [veterinaria] [main] o.h.q.sqm.function.SqmFunctionRegistry   : Registered SqmFunctionTemplate [org.hibernate.query.sqm.function.PatternBasedSqmFunctionDescriptor@76e00bdb] under bitxor; prior registration was null
2026-08-26T22:06:53.565-04:00 DEBUG 29880 --- [veterinaria] [main] o.h.q.sqm.function.SqmFunctionRegistry   : Registered SqmFunctionTemplate [org.hibernate.query.sqm.function.PatternBasedSqmFunctionDescriptor@7ee2423] under bitnot; prior registration was null
2026-08-26T22:06:53.567-04:00 DEBUG 29880 --- [veterinaria] [main] o.h.q.sqm.function.SqmFunctionRegistry   : Registered SqmFunctionTemplate [NamedSqmFunctionTemplate(bit_and)] under bit_and; prior registration was null
2026-08-26T22:06:53.569-04:00 DEBUG 29880 --- [veterinaria] [main] o.h.q.sqm.function.SqmFunctionRegistry   : Registered SqmFunctionTemplate [NamedSqmFunctionTemplate(bit_or)] under bit_or; prior registration was null
2026-08-26T22:06:53.569-04:00 DEBUG 29880 --- [veterinaria] [main] o.h.q.sqm.function.SqmFunctionRegistry   : Registered SqmFunctionTemplate [NamedSqmFunctionTemplate(stddev)] under stddev; prior registration was null
2026-08-26T22:06:53.569-04:00 DEBUG 29880 --- [veterinaria] [main] o.h.q.sqm.function.SqmFunctionRegistry   : Registered SqmFunctionTemplate [NamedSqmFunctionTemplate(stddev_pop)] under stddev_pop; prior registration was null
2026-08-26T22:06:53.570-04:00 DEBUG 29880 --- [veterinaria] [main] o.h.q.sqm.function.SqmFunctionRegistry   : Registered SqmFunctionTemplate [NamedSqmFunctionTemplate(stddev_samp)] under stddev_samp; prior registration was null
2026-08-26T22:06:53.570-04:00 DEBUG 29880 --- [veterinaria] [main] o.h.q.sqm.function.SqmFunctionRegistry   : Registered SqmFunctionTemplate [NamedSqmFunctionTemplate(variance)] under variance; prior registration was null
2026-08-26T22:06:53.570-04:00 DEBUG 29880 --- [veterinaria] [main] o.h.q.sqm.function.SqmFunctionRegistry   : Registered SqmFunctionTemplate [NamedSqmFunctionTemplate(var_pop)] under var_pop; prior registration was null
2026-08-26T22:06:53.570-04:00 DEBUG 29880 --- [veterinaria] [main] o.h.q.sqm.function.SqmFunctionRegistry   : Registered SqmFunctionTemplate [NamedSqmFunctionTemplate(var_samp)] under var_samp; prior registration was null
2026-08-26T22:06:53.571-04:00 DEBUG 29880 --- [veterinaria] [main] o.h.q.sqm.function.SqmFunctionRegistry   : Registered SqmFunctionTemplate [NamedSqmFunctionTemplate(datediff)] under datediff; prior registration was null
2026-08-26T22:06:53.571-04:00 DEBUG 29880 --- [veterinaria] [main] o.h.q.sqm.function.SqmFunctionRegistry   : Registered SqmFunctionTemplate [NamedSqmFunctionTemplate(adddate)] under adddate; prior registration was null
2026-08-26T22:06:53.571-04:00 DEBUG 29880 --- [veterinaria] [main] o.h.q.sqm.function.SqmFunctionRegistry   : Registered SqmFunctionTemplate [NamedSqmFunctionTemplate(subdate)] under subdate; prior registration was null
2026-08-26T22:06:53.571-04:00 DEBUG 29880 --- [veterinaria] [main] o.h.q.sqm.function.SqmFunctionRegistry   : Registered SqmFunctionTemplate [NamedSqmFunctionTemplate(addtime)] under addtime; prior registration was null
2026-08-26T22:06:53.571-04:00 DEBUG 29880 --- [veterinaria] [main] o.h.q.sqm.function.SqmFunctionRegistry   : Registered SqmFunctionTemplate [NamedSqmFunctionTemplate(subtime)] under subtime; prior registration was null
2026-08-26T22:06:53.572-04:00 DEBUG 29880 --- [veterinaria] [main] o.h.q.sqm.function.SqmFunctionRegistry   : Registered SqmFunctionTemplate [org.hibernate.dialect.function.FormatFunction@343d1d25] under format; prior registration was org.hibernate.dialect.function.FormatFunction@1bc6c20d
2026-08-26T22:06:53.573-04:00 DEBUG 29880 --- [veterinaria] [main] o.h.q.sqm.function.SqmFunctionRegistry   : Registered SqmFunctionTemplate [NamedSqmFunctionTemplate(makedate)] under makedate; prior registration was null
2026-08-26T22:06:53.575-04:00 DEBUG 29880 --- [veterinaria] [main] o.h.q.sqm.function.SqmFunctionRegistry   : Registered SqmFunctionTemplate [NamedSqmFunctionTemplate(maketime)] under maketime; prior registration was null
2026-08-26T22:06:53.576-04:00 DEBUG 29880 --- [veterinaria] [main] o.h.q.sqm.function.SqmFunctionRegistry   : Registered SqmFunctionTemplate [NamedSqmFunctionTemplate(localtime)] under localtime; prior registration was null
2026-08-26T22:06:53.577-04:00 DEBUG 29880 --- [veterinaria] [main] o.h.q.sqm.function.SqmFunctionRegistry   : Registered SqmFunctionTemplate [NamedSqmFunctionTemplate(localtimestamp)] under localtimestamp; prior registration was null
2026-08-26T22:06:53.578-04:00 DEBUG 29880 --- [veterinaria] [main] o.h.q.sqm.function.SqmFunctionRegistry   : Registered SqmFunctionTemplate [NamedSqmFunctionTemplate(localtime)] under local_time; prior registration was org.hibernate.dialect.function.CurrentFunction@4e9e0c6
2026-08-26T22:06:53.578-04:00 DEBUG 29880 --- [veterinaria] [main] o.h.q.sqm.function.SqmFunctionRegistry   : Registered SqmFunctionTemplate [NamedSqmFunctionTemplate(localtimestamp)] under local_datetime; prior registration was org.hibernate.dialect.function.CurrentFunction@1a819901
2026-08-26T22:06:53.579-04:00 DEBUG 29880 --- [veterinaria] [main] o.h.q.sqm.function.SqmFunctionRegistry   : Registered SqmFunctionTemplate [NamedSqmFunctionTemplate(localtime)] under localtime; prior registration was NamedSqmFunctionTemplate(localtime)
2026-08-26T22:06:53.579-04:00 DEBUG 29880 --- [veterinaria] [main] o.h.q.sqm.function.SqmFunctionRegistry   : Registered SqmFunctionTemplate [org.hibernate.query.sqm.function.PatternBasedSqmFunctionDescriptor@762da62b] under pi; prior registration was org.hibernate.query.sqm.function.PatternBasedSqmFunctionDescriptor@77eb607e
2026-08-26T22:06:53.580-04:00 DEBUG 29880 --- [veterinaria] [main] o.h.q.sqm.function.SqmFunctionRegistry   : Registered SqmFunctionTemplate [org.hibernate.query.sqm.function.PatternBasedSqmFunctionDescriptor@e5c5e6] under chr; prior registration was null
2026-08-26T22:06:53.580-04:00 DEBUG 29880 --- [veterinaria] [main] o.h.q.sqm.function.SqmFunctionRegistry   : Registering alternate key : char -> chr
2026-08-26T22:06:53.581-04:00 DEBUG 29880 --- [veterinaria] [main] o.h.q.sqm.function.SqmFunctionRegistry   : Registered SqmFunctionTemplate [org.hibernate.query.sqm.function.PatternBasedSqmFunctionDescriptor@76dc36e5] under sysdate; prior registration was null
2026-08-26T22:06:53.581-04:00 DEBUG 29880 --- [veterinaria] [main] o.h.q.sqm.function.SqmFunctionRegistry   : Registered SqmFunctionTemplate [NamedSqmFunctionTemplate(row_number)] under row_number; prior registration was null
2026-08-26T22:06:53.582-04:00 DEBUG 29880 --- [veterinaria] [main] o.h.q.sqm.function.SqmFunctionRegistry   : Registered SqmFunctionTemplate [NamedSqmFunctionTemplate(lag)] under lag; prior registration was null
2026-08-26T22:06:53.586-04:00 DEBUG 29880 --- [veterinaria] [main] o.h.q.sqm.function.SqmFunctionRegistry   : Registered SqmFunctionTemplate [NamedSqmFunctionTemplate(lead)] under lead; prior registration was null
2026-08-26T22:06:53.587-04:00 DEBUG 29880 --- [veterinaria] [main] o.h.q.sqm.function.SqmFunctionRegistry   : Registered SqmFunctionTemplate [NamedSqmFunctionTemplate(first_value)] under first_value; prior registration was null
2026-08-26T22:06:53.589-04:00 DEBUG 29880 --- [veterinaria] [main] o.h.q.sqm.function.SqmFunctionRegistry   : Registered SqmFunctionTemplate [NamedSqmFunctionTemplate(last_value)] under last_value; prior registration was null
2026-08-26T22:06:53.592-04:00 DEBUG 29880 --- [veterinaria] [main] o.h.q.sqm.function.SqmFunctionRegistry   : Registered SqmFunctionTemplate [NamedSqmFunctionTemplate(nth_value)] under nth_value; prior registration was null
2026-08-26T22:06:53.595-04:00 DEBUG 29880 --- [veterinaria] [main] o.h.q.sqm.function.SqmFunctionRegistry   : Registered SqmFunctionTemplate [org.hibernate.dialect.function.HypotheticalSetWindowEmulation@3ee258] under rank; prior registration was null
2026-08-26T22:06:53.595-04:00 DEBUG 29880 --- [veterinaria] [main] o.h.q.sqm.function.SqmFunctionRegistry   : Registered SqmFunctionTemplate [org.hibernate.dialect.function.HypotheticalSetWindowEmulation@4f676900] under dense_rank; prior registration was null
2026-08-26T22:06:53.596-04:00 DEBUG 29880 --- [veterinaria] [main] o.h.q.sqm.function.SqmFunctionRegistry   : Registered SqmFunctionTemplate [org.hibernate.dialect.function.HypotheticalSetWindowEmulation@73a49597] under percent_rank; prior registration was null
2026-08-26T22:06:53.596-04:00 DEBUG 29880 --- [veterinaria] [main] o.h.q.sqm.function.SqmFunctionRegistry   : Registered SqmFunctionTemplate [org.hibernate.dialect.function.HypotheticalSetWindowEmulation@5eb2972f] under cume_dist; prior registration was null
2026-08-26T22:06:53.598-04:00 DEBUG 29880 --- [veterinaria] [main] o.h.q.sqm.function.SqmFunctionRegistry   : Registered SqmFunctionTemplate [org.hibernate.dialect.function.ListaggGroupConcatEmulation@40ac0a56] under listagg; prior registration was null
2026-08-26T22:06:53.603-04:00 DEBUG 29880 --- [veterinaria] [main] org.hibernate.HQL_FUNCTIONS              : abs(NUMERIC arg)
2026-08-26T22:06:53.604-04:00 DEBUG 29880 --- [veterinaria] [main] org.hibernate.HQL_FUNCTIONS              : Double acos(NUMERIC arg)
2026-08-26T22:06:53.604-04:00 DEBUG 29880 --- [veterinaria] [main] org.hibernate.HQL_FUNCTIONS              : adddate(DATE datetime, INTEGER days)
2026-08-26T22:06:53.604-04:00 DEBUG 29880 --- [veterinaria] [main] org.hibernate.HQL_FUNCTIONS              : addtime(TIME datetime, TIME time)
2026-08-26T22:06:53.605-04:00 DEBUG 29880 --- [veterinaria] [main] org.hibernate.HQL_FUNCTIONS              : Boolean any(BOOLEAN arg)
2026-08-26T22:06:53.605-04:00 DEBUG 29880 --- [veterinaria] [main] org.hibernate.HQL_FUNCTIONS              : Integer ascii(STRING arg)
2026-08-26T22:06:53.607-04:00 DEBUG 29880 --- [veterinaria] [main] org.hibernate.HQL_FUNCTIONS              : Double asin(NUMERIC arg)
2026-08-26T22:06:53.609-04:00 DEBUG 29880 --- [veterinaria] [main] org.hibernate.HQL_FUNCTIONS              : Double atan(NUMERIC arg)
2026-08-26T22:06:53.611-04:00 DEBUG 29880 --- [veterinaria] [main] org.hibernate.HQL_FUNCTIONS              : Double atan2(NUMERIC arg0, NUMERIC arg1)
2026-08-26T22:06:53.611-04:00 DEBUG 29880 --- [veterinaria] [main] org.hibernate.HQL_FUNCTIONS              : avg(arg)
2026-08-26T22:06:53.611-04:00 DEBUG 29880 --- [veterinaria] [main] org.hibernate.HQL_FUNCTIONS              : bit_and(arg)
2026-08-26T22:06:53.611-04:00 DEBUG 29880 --- [veterinaria] [main] org.hibernate.HQL_FUNCTIONS              : Integer bit_length(STRING_OR_CLOB arg)
2026-08-26T22:06:53.612-04:00 DEBUG 29880 --- [veterinaria] [main] org.hibernate.HQL_FUNCTIONS              : bit_or(arg)
2026-08-26T22:06:53.612-04:00 DEBUG 29880 --- [veterinaria] [main] org.hibernate.HQL_FUNCTIONS              : bitand(arg0, arg1)
2026-08-26T22:06:53.612-04:00 DEBUG 29880 --- [veterinaria] [main] org.hibernate.HQL_FUNCTIONS              : bitnot(arg)
2026-08-26T22:06:53.612-04:00 DEBUG 29880 --- [veterinaria] [main] org.hibernate.HQL_FUNCTIONS              : bitor(arg0, arg1)
2026-08-26T22:06:53.613-04:00 DEBUG 29880 --- [veterinaria] [main] org.hibernate.HQL_FUNCTIONS              : bitxor(arg0, arg1)
2026-08-26T22:06:53.613-04:00 DEBUG 29880 --- [veterinaria] [main] org.hibernate.HQL_FUNCTIONS              : cast(arg as Type)
2026-08-26T22:06:53.613-04:00 DEBUG 29880 --- [veterinaria] [main] org.hibernate.HQL_FUNCTIONS              : ceiling(NUMERIC arg)
2026-08-26T22:06:53.613-04:00 DEBUG 29880 --- [veterinaria] [main] org.hibernate.HQL_FUNCTIONS              : Character char(INTEGER arg)
2026-08-26T22:06:53.614-04:00 DEBUG 29880 --- [veterinaria] [main] org.hibernate.HQL_FUNCTIONS              : Integer character_length(STRING_OR_CLOB arg)
2026-08-26T22:06:53.614-04:00 DEBUG 29880 --- [veterinaria] [main] org.hibernate.HQL_FUNCTIONS              : Character chr(INTEGER arg)
2026-08-26T22:06:53.614-04:00 DEBUG 29880 --- [veterinaria] [main] org.hibernate.HQL_FUNCTIONS              : coalesce(arg0[, arg1[, ...]])
2026-08-26T22:06:53.615-04:00 DEBUG 29880 --- [veterinaria] [main] org.hibernate.HQL_FUNCTIONS              : String collate(STRING string as COLLATION collation)
2026-08-26T22:06:53.619-04:00 DEBUG 29880 --- [veterinaria] [main] org.hibernate.HQL_FUNCTIONS              : String concat(STRING string0[, STRING string1[, ...]])
2026-08-26T22:06:53.621-04:00 DEBUG 29880 --- [veterinaria] [main] org.hibernate.HQL_FUNCTIONS              : Double cos(NUMERIC arg)
2026-08-26T22:06:53.621-04:00 DEBUG 29880 --- [veterinaria] [main] org.hibernate.HQL_FUNCTIONS              : Double cosh(NUMERIC arg)
2026-08-26T22:06:53.622-04:00 DEBUG 29880 --- [veterinaria] [main] org.hibernate.HQL_FUNCTIONS              : Double cot(NUMERIC arg)
2026-08-26T22:06:53.622-04:00 DEBUG 29880 --- [veterinaria] [main] org.hibernate.HQL_FUNCTIONS              : Long count([distinct ]{arg|*})
2026-08-26T22:06:53.623-04:00 DEBUG 29880 --- [veterinaria] [main] org.hibernate.HQL_FUNCTIONS              : Integer crc32(arg)
2026-08-26T22:06:53.627-04:00 DEBUG 29880 --- [veterinaria] [main] org.hibernate.HQL_FUNCTIONS              : Double cume_dist([arg0[, ...]])
2026-08-26T22:06:53.629-04:00 DEBUG 29880 --- [veterinaria] [main] org.hibernate.HQL_FUNCTIONS              : Date curdate()
2026-08-26T22:06:53.630-04:00 DEBUG 29880 --- [veterinaria] [main] org.hibernate.HQL_FUNCTIONS              : Date current date
2026-08-26T22:06:53.630-04:00 DEBUG 29880 --- [veterinaria] [main] org.hibernate.HQL_FUNCTIONS              : Time current time
2026-08-26T22:06:53.631-04:00 DEBUG 29880 --- [veterinaria] [main] org.hibernate.HQL_FUNCTIONS              : Timestamp current timestamp
2026-08-26T22:06:53.631-04:00 DEBUG 29880 --- [veterinaria] [main] org.hibernate.HQL_FUNCTIONS              : Date current_date
2026-08-26T22:06:53.631-04:00 DEBUG 29880 --- [veterinaria] [main] org.hibernate.HQL_FUNCTIONS              : Instant current_instant
2026-08-26T22:06:53.631-04:00 DEBUG 29880 --- [veterinaria] [main] org.hibernate.HQL_FUNCTIONS              : Time current_time
2026-08-26T22:06:53.631-04:00 DEBUG 29880 --- [veterinaria] [main] org.hibernate.HQL_FUNCTIONS              : Timestamp current_timestamp
2026-08-26T22:06:53.631-04:00 DEBUG 29880 --- [veterinaria] [main] org.hibernate.HQL_FUNCTIONS              : Time curtime()
2026-08-26T22:06:53.631-04:00 DEBUG 29880 --- [veterinaria] [main] org.hibernate.HQL_FUNCTIONS              : Date date(arg)
2026-08-26T22:06:53.632-04:00 DEBUG 29880 --- [veterinaria] [main] org.hibernate.HQL_FUNCTIONS              : dateadd(TEMPORAL_UNIT field, INTEGER magnitude, TEMPORAL datetime)
2026-08-26T22:06:53.632-04:00 DEBUG 29880 --- [veterinaria] [main] org.hibernate.HQL_FUNCTIONS              : Integer datediff(DATE end, DATE start)
2026-08-26T22:06:53.633-04:00 DEBUG 29880 --- [veterinaria] [main] org.hibernate.HQL_FUNCTIONS              : Integer day(DATE arg)
2026-08-26T22:06:53.634-04:00 DEBUG 29880 --- [veterinaria] [main] org.hibernate.HQL_FUNCTIONS              : String dayname(DATE arg)
2026-08-26T22:06:53.634-04:00 DEBUG 29880 --- [veterinaria] [main] org.hibernate.HQL_FUNCTIONS              : Integer dayofmonth(DATE arg)
2026-08-26T22:06:53.635-04:00 DEBUG 29880 --- [veterinaria] [main] org.hibernate.HQL_FUNCTIONS              : Integer dayofweek(DATE arg)
2026-08-26T22:06:53.635-04:00 DEBUG 29880 --- [veterinaria] [main] org.hibernate.HQL_FUNCTIONS              : Integer dayofyear(DATE arg)
2026-08-26T22:06:53.635-04:00 DEBUG 29880 --- [veterinaria] [main] org.hibernate.HQL_FUNCTIONS              : Double degrees(NUMERIC arg)
2026-08-26T22:06:53.635-04:00 DEBUG 29880 --- [veterinaria] [main] org.hibernate.HQL_FUNCTIONS              : Long dense_rank([arg0[, ...]])
2026-08-26T22:06:53.636-04:00 DEBUG 29880 --- [veterinaria] [main] org.hibernate.HQL_FUNCTIONS              : Boolean every(BOOLEAN arg)
2026-08-26T22:06:53.636-04:00 DEBUG 29880 --- [veterinaria] [main] org.hibernate.HQL_FUNCTIONS              : Double exp(NUMERIC arg)
2026-08-26T22:06:53.637-04:00 DEBUG 29880 --- [veterinaria] [main] org.hibernate.HQL_FUNCTIONS              : extract(TEMPORAL_UNIT field from TEMPORAL arg)
2026-08-26T22:06:53.637-04:00 DEBUG 29880 --- [veterinaria] [main] org.hibernate.HQL_FUNCTIONS              : first_valueANY value
2026-08-26T22:06:53.638-04:00 DEBUG 29880 --- [veterinaria] [main] org.hibernate.HQL_FUNCTIONS              : floor(NUMERIC arg)
2026-08-26T22:06:53.638-04:00 DEBUG 29880 --- [veterinaria] [main] org.hibernate.HQL_FUNCTIONS              : String format(TEMPORAL datetime as STRING pattern)
2026-08-26T22:06:53.639-04:00 DEBUG 29880 --- [veterinaria] [main] org.hibernate.HQL_FUNCTIONS              : greatest(COMPARABLE arg0, COMPARABLE arg1[, arg2[, ...]])
2026-08-26T22:06:53.639-04:00 DEBUG 29880 --- [veterinaria] [main] org.hibernate.HQL_FUNCTIONS              : Integer hour(TIME arg)
2026-08-26T22:06:53.639-04:00 DEBUG 29880 --- [veterinaria] [main] org.hibernate.HQL_FUNCTIONS              : ifnull(arg0, arg1)
2026-08-26T22:06:53.639-04:00 DEBUG 29880 --- [veterinaria] [main] org.hibernate.HQL_FUNCTIONS              : String insert(STRING string, INTEGER start, INTEGER length, STRING replacement)
2026-08-26T22:06:53.640-04:00 DEBUG 29880 --- [veterinaria] [main] org.hibernate.HQL_FUNCTIONS              : Instant instant
2026-08-26T22:06:53.640-04:00 DEBUG 29880 --- [veterinaria] [main] org.hibernate.HQL_FUNCTIONS              : Integer instr(STRING string, STRING pattern[, INTEGER start[, INTEGER occurrence]])
2026-08-26T22:06:53.640-04:00 DEBUG 29880 --- [veterinaria] [main] org.hibernate.HQL_FUNCTIONS              : lagANY value[, INTEGER offset[, ANY default]]
2026-08-26T22:06:53.640-04:00 DEBUG 29880 --- [veterinaria] [main] org.hibernate.HQL_FUNCTIONS              : Date last_day(DATE arg)
2026-08-26T22:06:53.640-04:00 DEBUG 29880 --- [veterinaria] [main] org.hibernate.HQL_FUNCTIONS              : last_valueANY value
2026-08-26T22:06:53.641-04:00 DEBUG 29880 --- [veterinaria] [main] org.hibernate.HQL_FUNCTIONS              : leadANY value[, INTEGER offset[, ANY default]]
2026-08-26T22:06:53.642-04:00 DEBUG 29880 --- [veterinaria] [main] org.hibernate.HQL_FUNCTIONS              : least(COMPARABLE arg0, COMPARABLE arg1[, arg2[, ...]])
2026-08-26T22:06:53.643-04:00 DEBUG 29880 --- [veterinaria] [main] org.hibernate.HQL_FUNCTIONS              : String left(STRING string, INTEGER length)
2026-08-26T22:06:53.644-04:00 DEBUG 29880 --- [veterinaria] [main] org.hibernate.HQL_FUNCTIONS              : Integer length(STRING_OR_CLOB arg)
2026-08-26T22:06:53.644-04:00 DEBUG 29880 --- [veterinaria] [main] org.hibernate.HQL_FUNCTIONS              : String listagg(STRING arg0, STRING arg1)
2026-08-26T22:06:53.644-04:00 DEBUG 29880 --- [veterinaria] [main] org.hibernate.HQL_FUNCTIONS              : Double ln(NUMERIC arg)
2026-08-26T22:06:53.644-04:00 DEBUG 29880 --- [veterinaria] [main] org.hibernate.HQL_FUNCTIONS              : LocalDate local date
2026-08-26T22:06:53.645-04:00 DEBUG 29880 --- [veterinaria] [main] org.hibernate.HQL_FUNCTIONS              : LocalDateTime local datetime
2026-08-26T22:06:53.645-04:00 DEBUG 29880 --- [veterinaria] [main] org.hibernate.HQL_FUNCTIONS              : LocalTime local time
2026-08-26T22:06:53.645-04:00 DEBUG 29880 --- [veterinaria] [main] org.hibernate.HQL_FUNCTIONS              : LocalDate local_date
2026-08-26T22:06:53.645-04:00 DEBUG 29880 --- [veterinaria] [main] org.hibernate.HQL_FUNCTIONS              : LocalDateTime local_datetime
2026-08-26T22:06:53.646-04:00 DEBUG 29880 --- [veterinaria] [main] org.hibernate.HQL_FUNCTIONS              : LocalTime local_time
2026-08-26T22:06:53.646-04:00 DEBUG 29880 --- [veterinaria] [main] org.hibernate.HQL_FUNCTIONS              : Timestamp localtime
2026-08-26T22:06:53.647-04:00 DEBUG 29880 --- [veterinaria] [main] org.hibernate.HQL_FUNCTIONS              : Timestamp localtimestamp
2026-08-26T22:06:53.647-04:00 DEBUG 29880 --- [veterinaria] [main] org.hibernate.HQL_FUNCTIONS              : Integer locate(STRING pattern, STRING string[, INTEGER start])
2026-08-26T22:06:53.647-04:00 DEBUG 29880 --- [veterinaria] [main] org.hibernate.HQL_FUNCTIONS              : Double log(NUMERIC arg0[, NUMERIC arg1])
2026-08-26T22:06:53.647-04:00 DEBUG 29880 --- [veterinaria] [main] org.hibernate.HQL_FUNCTIONS              : Double log10(NUMERIC arg)
2026-08-26T22:06:53.648-04:00 DEBUG 29880 --- [veterinaria] [main] org.hibernate.HQL_FUNCTIONS              : Double log2(NUMERIC arg)
2026-08-26T22:06:53.648-04:00 DEBUG 29880 --- [veterinaria] [main] org.hibernate.HQL_FUNCTIONS              : String lower(STRING string)
2026-08-26T22:06:53.648-04:00 DEBUG 29880 --- [veterinaria] [main] org.hibernate.HQL_FUNCTIONS              : String lpad(string, length[, padding])
2026-08-26T22:06:53.648-04:00 DEBUG 29880 --- [veterinaria] [main] org.hibernate.HQL_FUNCTIONS              : String ltrim(STRING string[, STRING characters])
2026-08-26T22:06:53.648-04:00 DEBUG 29880 --- [veterinaria] [main] org.hibernate.HQL_FUNCTIONS              : Date makedate(INTEGER year, INTEGER dayofyear)
2026-08-26T22:06:53.648-04:00 DEBUG 29880 --- [veterinaria] [main] org.hibernate.HQL_FUNCTIONS              : Time maketime(INTEGER hour, INTEGER min, INTEGER sec)
2026-08-26T22:06:53.648-04:00 DEBUG 29880 --- [veterinaria] [main] org.hibernate.HQL_FUNCTIONS              : max(COMPARABLE arg)
2026-08-26T22:06:53.648-04:00 DEBUG 29880 --- [veterinaria] [main] org.hibernate.HQL_FUNCTIONS              : String md5(arg)
2026-08-26T22:06:53.650-04:00 DEBUG 29880 --- [veterinaria] [main] org.hibernate.HQL_FUNCTIONS              : Integer microsecond(TIME arg)
2026-08-26T22:06:53.652-04:00 DEBUG 29880 --- [veterinaria] [main] org.hibernate.HQL_FUNCTIONS              : min(COMPARABLE arg)
2026-08-26T22:06:53.653-04:00 DEBUG 29880 --- [veterinaria] [main] org.hibernate.HQL_FUNCTIONS              : Integer minute(TIME arg)
2026-08-26T22:06:53.654-04:00 DEBUG 29880 --- [veterinaria] [main] org.hibernate.HQL_FUNCTIONS              : Integer mod(INTEGER arg0, INTEGER arg1)
2026-08-26T22:06:53.654-04:00 DEBUG 29880 --- [veterinaria] [main] org.hibernate.HQL_FUNCTIONS              : Integer month(DATE arg)
2026-08-26T22:06:53.654-04:00 DEBUG 29880 --- [veterinaria] [main] org.hibernate.HQL_FUNCTIONS              : String monthname(DATE arg)
2026-08-26T22:06:53.655-04:00 DEBUG 29880 --- [veterinaria] [main] org.hibernate.HQL_FUNCTIONS              : Timestamp now()
2026-08-26T22:06:53.655-04:00 DEBUG 29880 --- [veterinaria] [main] org.hibernate.HQL_FUNCTIONS              : nth_valueANY value, INTEGER nth
2026-08-26T22:06:53.655-04:00 DEBUG 29880 --- [veterinaria] [main] org.hibernate.HQL_FUNCTIONS              : nullif(arg0, arg1)
2026-08-26T22:06:53.656-04:00 DEBUG 29880 --- [veterinaria] [main] org.hibernate.HQL_FUNCTIONS              : Integer octet_length(STRING_OR_CLOB arg)
2026-08-26T22:06:53.656-04:00 DEBUG 29880 --- [veterinaria] [main] org.hibernate.HQL_FUNCTIONS              : OffsetDateTime offset datetime
2026-08-26T22:06:53.656-04:00 DEBUG 29880 --- [veterinaria] [main] org.hibernate.HQL_FUNCTIONS              : OffsetDateTime offset_datetime
2026-08-26T22:06:53.660-04:00 DEBUG 29880 --- [veterinaria] [main] org.hibernate.HQL_FUNCTIONS              : String overlay(STRING string placing STRING replacement from INTEGER start[ for INTEGER length])
2026-08-26T22:06:53.661-04:00 DEBUG 29880 --- [veterinaria] [main] org.hibernate.HQL_FUNCTIONS              : String pad(STRING string with INTEGER length {leading|trailing}[ STRING character])
2026-08-26T22:06:53.661-04:00 DEBUG 29880 --- [veterinaria] [main] org.hibernate.HQL_FUNCTIONS              : Double percent_rank([arg0[, ...]])
2026-08-26T22:06:53.662-04:00 DEBUG 29880 --- [veterinaria] [main] org.hibernate.HQL_FUNCTIONS              : Double pi
2026-08-26T22:06:53.663-04:00 DEBUG 29880 --- [veterinaria] [main] org.hibernate.HQL_FUNCTIONS              : Integer position(STRING pattern in STRING string)
2026-08-26T22:06:53.664-04:00 DEBUG 29880 --- [veterinaria] [main] org.hibernate.HQL_FUNCTIONS              : Double power(NUMERIC arg0, NUMERIC arg1)
2026-08-26T22:06:53.664-04:00 DEBUG 29880 --- [veterinaria] [main] org.hibernate.HQL_FUNCTIONS              : Integer quarter(DATE arg)
2026-08-26T22:06:53.664-04:00 DEBUG 29880 --- [veterinaria] [main] org.hibernate.HQL_FUNCTIONS              : Double radians(NUMERIC arg)
2026-08-26T22:06:53.664-04:00 DEBUG 29880 --- [veterinaria] [main] org.hibernate.HQL_FUNCTIONS              : Double rand([INTEGER seed])
2026-08-26T22:06:53.665-04:00 DEBUG 29880 --- [veterinaria] [main] org.hibernate.HQL_FUNCTIONS              : Long rank([arg0[, ...]])
2026-08-26T22:06:53.665-04:00 DEBUG 29880 --- [veterinaria] [main] org.hibernate.HQL_FUNCTIONS              : String repeat(STRING string, INTEGER times)
2026-08-26T22:06:53.665-04:00 DEBUG 29880 --- [veterinaria] [main] org.hibernate.HQL_FUNCTIONS              : String replace(STRING string, STRING pattern, STRING replacement)
2026-08-26T22:06:53.665-04:00 DEBUG 29880 --- [veterinaria] [main] org.hibernate.HQL_FUNCTIONS              : String reverse(STRING arg)
2026-08-26T22:06:53.668-04:00 DEBUG 29880 --- [veterinaria] [main] org.hibernate.HQL_FUNCTIONS              : String right(STRING string, INTEGER length)
2026-08-26T22:06:53.669-04:00 DEBUG 29880 --- [veterinaria] [main] org.hibernate.HQL_FUNCTIONS              : round(NUMERIC number[, INTEGER places])
2026-08-26T22:06:53.669-04:00 DEBUG 29880 --- [veterinaria] [main] org.hibernate.HQL_FUNCTIONS              : Long row_number()
2026-08-26T22:06:53.669-04:00 DEBUG 29880 --- [veterinaria] [main] org.hibernate.HQL_FUNCTIONS              : String rpad(string, length[, padding])
2026-08-26T22:06:53.669-04:00 DEBUG 29880 --- [veterinaria] [main] org.hibernate.HQL_FUNCTIONS              : String rtrim(STRING string[, STRING characters])
2026-08-26T22:06:53.670-04:00 DEBUG 29880 --- [veterinaria] [main] org.hibernate.HQL_FUNCTIONS              : Integer second(TIME arg)
2026-08-26T22:06:53.671-04:00 DEBUG 29880 --- [veterinaria] [main] org.hibernate.HQL_FUNCTIONS              : String sha(arg)
2026-08-26T22:06:53.671-04:00 DEBUG 29880 --- [veterinaria] [main] org.hibernate.HQL_FUNCTIONS              : String sha1(arg)
2026-08-26T22:06:53.672-04:00 DEBUG 29880 --- [veterinaria] [main] org.hibernate.HQL_FUNCTIONS              : String sha2(arg0, arg1)
2026-08-26T22:06:53.672-04:00 DEBUG 29880 --- [veterinaria] [main] org.hibernate.HQL_FUNCTIONS              : Integer sign(NUMERIC arg)
2026-08-26T22:06:53.672-04:00 DEBUG 29880 --- [veterinaria] [main] org.hibernate.HQL_FUNCTIONS              : Double sin(NUMERIC arg)
2026-08-26T22:06:53.673-04:00 DEBUG 29880 --- [veterinaria] [main] org.hibernate.HQL_FUNCTIONS              : Double sinh(NUMERIC arg)
2026-08-26T22:06:53.673-04:00 DEBUG 29880 --- [veterinaria] [main] org.hibernate.HQL_FUNCTIONS              : String soundex(arg)
2026-08-26T22:06:53.673-04:00 DEBUG 29880 --- [veterinaria] [main] org.hibernate.HQL_FUNCTIONS              : String space(INTEGER arg)
2026-08-26T22:06:53.673-04:00 DEBUG 29880 --- [veterinaria] [main] org.hibernate.HQL_FUNCTIONS              : Object sql
2026-08-26T22:06:53.675-04:00 DEBUG 29880 --- [veterinaria] [main] org.hibernate.HQL_FUNCTIONS              : Double sqrt(NUMERIC arg)
2026-08-26T22:06:53.675-04:00 DEBUG 29880 --- [veterinaria] [main] org.hibernate.HQL_FUNCTIONS              : Double stddev(NUMERIC arg)
2026-08-26T22:06:53.676-04:00 DEBUG 29880 --- [veterinaria] [main] org.hibernate.HQL_FUNCTIONS              : Double stddev_pop(NUMERIC arg)
2026-08-26T22:06:53.676-04:00 DEBUG 29880 --- [veterinaria] [main] org.hibernate.HQL_FUNCTIONS              : Double stddev_samp(NUMERIC arg)
2026-08-26T22:06:53.677-04:00 DEBUG 29880 --- [veterinaria] [main] org.hibernate.HQL_FUNCTIONS              : String str(arg)
2026-08-26T22:06:53.678-04:00 DEBUG 29880 --- [veterinaria] [main] org.hibernate.HQL_FUNCTIONS              : subdate(DATE datetime, INTEGER days)
2026-08-26T22:06:53.678-04:00 DEBUG 29880 --- [veterinaria] [main] org.hibernate.HQL_FUNCTIONS              : String substr(STRING string, INTEGER start[, INTEGER length])
2026-08-26T22:06:53.678-04:00 DEBUG 29880 --- [veterinaria] [main] org.hibernate.HQL_FUNCTIONS              : String substring(STRING string{ from|,} INTEGER start[{ for|,} INTEGER length])
2026-08-26T22:06:53.678-04:00 DEBUG 29880 --- [veterinaria] [main] org.hibernate.HQL_FUNCTIONS              : subtime(TIME datetime, TIME time)
2026-08-26T22:06:53.679-04:00 DEBUG 29880 --- [veterinaria] [main] org.hibernate.HQL_FUNCTIONS              : sum(arg)
2026-08-26T22:06:53.679-04:00 DEBUG 29880 --- [veterinaria] [main] org.hibernate.HQL_FUNCTIONS              : Timestamp sysdate()
2026-08-26T22:06:53.680-04:00 DEBUG 29880 --- [veterinaria] [main] org.hibernate.HQL_FUNCTIONS              : Double tan(NUMERIC arg)
2026-08-26T22:06:53.680-04:00 DEBUG 29880 --- [veterinaria] [main] org.hibernate.HQL_FUNCTIONS              : Double tanh(NUMERIC arg)
2026-08-26T22:06:53.680-04:00 DEBUG 29880 --- [veterinaria] [main] org.hibernate.HQL_FUNCTIONS              : String time(arg)
2026-08-26T22:06:53.681-04:00 DEBUG 29880 --- [veterinaria] [main] org.hibernate.HQL_FUNCTIONS              : Timestamp timestamp(arg0[, arg1])
2026-08-26T22:06:53.681-04:00 DEBUG 29880 --- [veterinaria] [main] org.hibernate.HQL_FUNCTIONS              : timestampadd(TEMPORAL_UNIT field, INTEGER magnitude, TEMPORAL datetime)
2026-08-26T22:06:53.684-04:00 DEBUG 29880 --- [veterinaria] [main] org.hibernate.HQL_FUNCTIONS              : basicType@12(java.lang.Long,-5)|basicType@17(java.lang.Double,8) timestampdiff(TEMPORAL_UNIT field, TEMPORAL start, TEMPORAL end)
2026-08-26T22:06:53.685-04:00 DEBUG 29880 --- [veterinaria] [main] org.hibernate.HQL_FUNCTIONS              : String trim([[{leading|trailing|both} ][STRING arg0 ]from] STRING arg1)
2026-08-26T22:06:53.686-04:00 DEBUG 29880 --- [veterinaria] [main] org.hibernate.HQL_FUNCTIONS              : trunc( ... )
2026-08-26T22:06:53.688-04:00 DEBUG 29880 --- [veterinaria] [main] org.hibernate.HQL_FUNCTIONS              : truncate( ... )
2026-08-26T22:06:53.688-04:00 DEBUG 29880 --- [veterinaria] [main] org.hibernate.HQL_FUNCTIONS              : String upper(STRING string)
2026-08-26T22:06:53.688-04:00 DEBUG 29880 --- [veterinaria] [main] org.hibernate.HQL_FUNCTIONS              : Date utc_date
2026-08-26T22:06:53.688-04:00 DEBUG 29880 --- [veterinaria] [main] org.hibernate.HQL_FUNCTIONS              : Time utc_time
2026-08-26T22:06:53.688-04:00 DEBUG 29880 --- [veterinaria] [main] org.hibernate.HQL_FUNCTIONS              : Timestamp utc_timestamp
2026-08-26T22:06:53.689-04:00 DEBUG 29880 --- [veterinaria] [main] org.hibernate.HQL_FUNCTIONS              : Double var_pop(NUMERIC arg)
2026-08-26T22:06:53.689-04:00 DEBUG 29880 --- [veterinaria] [main] org.hibernate.HQL_FUNCTIONS              : Double var_samp(NUMERIC arg)
2026-08-26T22:06:53.689-04:00 DEBUG 29880 --- [veterinaria] [main] org.hibernate.HQL_FUNCTIONS              : Double variance(NUMERIC arg)
2026-08-26T22:06:53.689-04:00 DEBUG 29880 --- [veterinaria] [main] org.hibernate.HQL_FUNCTIONS              : Integer week(DATE arg)
2026-08-26T22:06:53.689-04:00 DEBUG 29880 --- [veterinaria] [main] org.hibernate.HQL_FUNCTIONS              : Integer year(DATE arg)
2026-08-26T22:06:53.704-04:00 DEBUG 29880 --- [veterinaria] [main] org.hibernate.orm.query.plan.cache       : Starting QueryInterpretationCache(2048)
2026-08-26T22:06:53.718-04:00 TRACE 29880 --- [veterinaria] [main] o.h.s.i.AbstractServiceRegistryImpl      : Initializing service [role=org.hibernate.engine.query.spi.NativeQueryInterpreter]
2026-08-26T22:06:53.825-04:00 DEBUG 29880 --- [veterinaria] [main] .h.s.i.SessionFactoryServiceRegistryImpl : EventListenerRegistry access via ServiceRegistry is deprecated.  Use `sessionFactory.getEventEngine().getListenerRegistry()` instead
2026-08-26T22:06:53.825-04:00 TRACE 29880 --- [veterinaria] [main] o.h.s.i.AbstractServiceRegistryImpl      : Initializing service [role=org.hibernate.engine.jdbc.mutation.spi.MutationExecutorService]
2026-08-26T22:06:53.827-04:00 TRACE 29880 --- [veterinaria] [main] o.h.s.i.AbstractServiceRegistryImpl      : Initializing service [role=org.hibernate.event.spi.EntityCopyObserverFactory]
2026-08-26T22:06:53.827-04:00 DEBUG 29880 --- [veterinaria] [main] h.e.i.EntityCopyObserverFactoryInitiator : Configured EntityCopyObserver strategy: disallow
2026-08-26T22:06:53.829-04:00 TRACE 29880 --- [veterinaria] [main] o.h.s.i.AbstractServiceRegistryImpl      : Initializing service [role=org.hibernate.sql.results.jdbc.spi.JdbcValuesMappingProducerProvider]
2026-08-26T22:06:53.840-04:00 TRACE 29880 --- [veterinaria] [main] o.h.s.i.AbstractServiceRegistryImpl      : Initializing service [role=org.hibernate.engine.jdbc.batch.spi.BatchBuilder]
2026-08-26T22:06:53.845-04:00 TRACE 29880 --- [veterinaria] [main] org.hibernate.orm.jdbc.batch             : Using standard BatchBuilder (1)
2026-08-26T22:06:53.850-04:00 TRACE 29880 --- [veterinaria] [main] o.h.s.i.AbstractServiceRegistryImpl      : Initializing service [role=org.hibernate.persister.spi.PersisterFactory]
2026-08-26T22:06:53.852-04:00 TRACE 29880 --- [veterinaria] [main] o.h.s.i.AbstractServiceRegistryImpl      : Initializing service [role=org.hibernate.persister.spi.PersisterClassResolver]
2026-08-26T22:06:53.855-04:00 DEBUG 29880 --- [veterinaria] [main] o.hibernate.orm.model.mapping.creation   : Starting post-init callbacks
2026-08-26T22:06:53.865-04:00 TRACE 29880 --- [veterinaria] [main] o.h.metamodel.internal.MetadataContext   : Wrapping up metadata context...
2026-08-26T22:06:53.875-04:00 TRACE 29880 --- [veterinaria] [main] o.h.s.i.AbstractServiceRegistryImpl      : Initializing service [role=org.hibernate.engine.transaction.jta.platform.spi.JtaPlatform]
2026-08-26T22:06:53.876-04:00  INFO 29880 --- [veterinaria] [main] o.h.e.t.j.p.i.JtaPlatformInitiator       : HHH000489: No JTA platform available (set 'hibernate.transaction.jta.platform' to enable JTA platform integration)
2026-08-26T22:06:53.877-04:00 DEBUG 29880 --- [veterinaria] [main] o.h.type.spi.TypeConfiguration$Scope     : Scoping TypeConfiguration [org.hibernate.type.spi.TypeConfiguration@58b8f9e3] to SessionFactoryImplementor [org.hibernate.internal.SessionFactoryImpl@5ad40184]
2026-08-26T22:06:53.879-04:00 DEBUG 29880 --- [veterinaria] [main] o.h.query.named.NamedObjectRepository    : Checking 0 named HQL queries
2026-08-26T22:06:53.879-04:00 DEBUG 29880 --- [veterinaria] [main] o.h.query.named.NamedObjectRepository    : Checking 0 named SQL queries
2026-08-26T22:06:53.883-04:00 DEBUG 29880 --- [veterinaria] [main] .h.t.s.s.SchemaManagementToolCoordinator : No actions found; doing nothing
2026-08-26T22:06:53.885-04:00 DEBUG 29880 --- [veterinaria] [main] o.h.internal.SessionFactoryRegistry      : Initializing SessionFactoryRegistry : org.hibernate.internal.SessionFactoryRegistry@2adc1e84
2026-08-26T22:06:53.886-04:00 DEBUG 29880 --- [veterinaria] [main] o.h.internal.SessionFactoryRegistry      : Registering SessionFactory: db1f6e14-b032-4b87-b3d4-80ddee9074c7 (<unnamed>)
2026-08-26T22:06:53.886-04:00 DEBUG 29880 --- [veterinaria] [main] o.h.internal.SessionFactoryRegistry      : Not binding SessionFactory to JNDI, no JNDI name configured
2026-08-26T22:06:53.886-04:00 TRACE 29880 --- [veterinaria] [main] o.h.type.spi.TypeConfiguration$Scope     : Handling #sessionFactoryCreated from [org.hibernate.internal.SessionFactoryImpl@5ad40184] for TypeConfiguration
2026-08-26T22:06:53.886-04:00 DEBUG 29880 --- [veterinaria] [main] o.hibernate.internal.SessionFactoryImpl  : Instantiated SessionFactory
2026-08-26T22:06:53.886-04:00  INFO 29880 --- [veterinaria] [main] j.LocalContainerEntityManagerFactoryBean : Initialized JPA EntityManagerFactory for persistence unit 'default'
2026-08-26T22:06:54.306-04:00  WARN 29880 --- [veterinaria] [main] JpaBaseConfiguration$JpaWebConfiguration : spring.jpa.open-in-view is enabled by default. Therefore, database queries may be performed during view rendering. Explicitly configure spring.jpa.open-in-view to disable this warning
2026-08-26T22:06:54.662-04:00 TRACE 29880 --- [veterinaria] [main] s.w.s.m.m.a.RequestMappingHandlerMapping : 
	c.d.v.C.HomeController:
	{GET [/]}: root(String,Model)
	{GET [/home]}: home(String,Model)
	{GET [/login]}: login(String,Model)
	{GET [/citas]}: citas(Model)
	{GET [/pacientes]}: pacientes(Model)
	{POST [/pacientes]}: guardarPaciente(String,String,int,String)
	{POST [/citas]}: guardarCita(String,String,String,String)
2026-08-26T22:06:54.671-04:00 TRACE 29880 --- [veterinaria] [main] s.w.s.m.m.a.RequestMappingHandlerMapping : 
	c.d.v.C.LoginController:
	{POST [/login]}: login(String,String)
2026-08-26T22:06:54.672-04:00 TRACE 29880 --- [veterinaria] [main] s.w.s.m.m.a.RequestMappingHandlerMapping : 
	c.d.v.C.SecuredController:
	{ [/greetings]}: greetings(String)
2026-08-26T22:06:54.692-04:00 TRACE 29880 --- [veterinaria] [main] s.w.s.m.m.a.RequestMappingHandlerMapping : 
	o.s.b.a.w.s.e.BasicErrorController:
	{ [/error]}: error(HttpServletRequest)
	{ [/error], produces [text/html]}: errorHtml(HttpServletRequest,HttpServletResponse)
2026-08-26T22:06:54.699-04:00 DEBUG 29880 --- [veterinaria] [main] s.w.s.m.m.a.RequestMappingHandlerMapping : 11 mappings in 'requestMappingHandlerMapping'
2026-08-26T22:06:54.715-04:00 DEBUG 29880 --- [veterinaria] [main] o.s.w.s.h.BeanNameUrlHandlerMapping      : Detected 0 mappings in 'beanNameHandlerMapping'
2026-08-26T22:06:54.851-04:00 TRACE 29880 --- [veterinaria] [main] o.s.w.s.f.support.RouterFunctionMapping  : 0 RouterFunction(s) in 'routerFunctionMapping'
2026-08-26T22:06:54.873-04:00 TRACE 29880 --- [veterinaria] [main] o.s.w.s.handler.SimpleUrlHandlerMapping  : Mapped [/webjars/**] onto ResourceHttpRequestHandler [classpath [META-INF/resources/webjars/]]
2026-08-26T22:06:54.875-04:00 TRACE 29880 --- [veterinaria] [main] o.s.w.s.handler.SimpleUrlHandlerMapping  : Mapped [/**] onto ResourceHttpRequestHandler [classpath [META-INF/resources/], classpath [resources/], classpath [static/], classpath [public/], ServletContext [/]]
2026-08-26T22:06:54.876-04:00 DEBUG 29880 --- [veterinaria] [main] o.s.w.s.handler.SimpleUrlHandlerMapping  : Patterns [/webjars/**, /**] in 'resourceHandlerMapping'
2026-08-26T22:06:54.982-04:00  INFO 29880 --- [veterinaria] [main] o.s.s.web.DefaultSecurityFilterChain     : Will secure any request with [org.springframework.security.web.session.DisableEncodeUrlFilter@1d008e61, org.springframework.security.web.context.request.async.WebAsyncManagerIntegrationFilter@191b44ca, org.springframework.security.web.context.SecurityContextHolderFilter@37753b69, org.springframework.security.web.header.HeaderWriterFilter@55a055cc, org.springframework.web.filter.CorsFilter@5de243bb, org.springframework.security.web.authentication.logout.LogoutFilter@34eb5d01, org.springframework.security.web.authentication.UsernamePasswordAuthenticationFilter@434ee422, cl.duoc.veterinaria.jwt.JWTAuthorizationFilter@ae73c80, org.springframework.security.web.savedrequest.RequestCacheAwareFilter@74c04377, org.springframework.security.web.servletapi.SecurityContextHolderAwareRequestFilter@10d49900, org.springframework.security.web.authentication.AnonymousAuthenticationFilter@2c4cf7eb, org.springframework.security.web.access.ExceptionTranslationFilter@248d2cec, org.springframework.security.web.access.intercept.AuthorizationFilter@5b1420f9]
2026-08-26T22:06:55.138-04:00 DEBUG 29880 --- [veterinaria] [main] s.w.s.m.m.a.RequestMappingHandlerAdapter : ControllerAdvice beans: 0 @ModelAttribute, 0 @InitBinder, 1 RequestBodyAdvice, 1 ResponseBodyAdvice
2026-08-26T22:06:55.227-04:00 DEBUG 29880 --- [veterinaria] [main] .m.m.a.ExceptionHandlerExceptionResolver : ControllerAdvice beans: 0 @ExceptionHandler, 1 ResponseBodyAdvice
2026-08-26T22:06:55.541-04:00  INFO 29880 --- [veterinaria] [main] o.s.b.w.embedded.tomcat.TomcatWebServer  : Tomcat started on port 8080 (http) with context path ''
2026-08-26T22:06:55.556-04:00  INFO 29880 --- [veterinaria] [main] c.d.v.App.VeterinariaApplication         : Started VeterinariaApplication in 8.381 seconds (process running for 8.985)
2026-08-26T22:07:06.021-04:00  INFO 29880 --- [veterinaria] [http-nio-8080-exec-1] o.a.c.c.C.[Tomcat].[localhost].[/]       : Initializing Spring DispatcherServlet 'dispatcherServlet'
2026-08-26T22:07:06.021-04:00  INFO 29880 --- [veterinaria] [http-nio-8080-exec-1] o.s.web.servlet.DispatcherServlet        : Initializing Servlet 'dispatcherServlet'
2026-08-26T22:07:06.022-04:00 TRACE 29880 --- [veterinaria] [http-nio-8080-exec-1] o.s.web.servlet.DispatcherServlet        : Detected org.springframework.web.multipart.support.StandardServletMultipartResolver@4301fa39
2026-08-26T22:07:06.022-04:00 TRACE 29880 --- [veterinaria] [http-nio-8080-exec-1] o.s.web.servlet.DispatcherServlet        : Detected org.springframework.web.servlet.i18n.AcceptHeaderLocaleResolver@6b33892a
2026-08-26T22:07:06.022-04:00 TRACE 29880 --- [veterinaria] [http-nio-8080-exec-1] o.s.web.servlet.DispatcherServlet        : Detected org.springframework.web.servlet.theme.FixedThemeResolver@4f356b98
2026-08-26T22:07:06.024-04:00 TRACE 29880 --- [veterinaria] [http-nio-8080-exec-1] o.s.web.servlet.DispatcherServlet        : Detected DefaultRequestToViewNameTranslator
2026-08-26T22:07:06.025-04:00 TRACE 29880 --- [veterinaria] [http-nio-8080-exec-1] o.s.web.servlet.DispatcherServlet        : Detected SessionFlashMapManager
2026-08-26T22:07:06.026-04:00 DEBUG 29880 --- [veterinaria] [http-nio-8080-exec-1] o.s.web.servlet.DispatcherServlet        : enableLoggingRequestDetails='false': request parameters and headers will be masked to prevent unsafe logging of potentially sensitive data
2026-08-26T22:07:06.027-04:00  INFO 29880 --- [veterinaria] [http-nio-8080-exec-1] o.s.web.servlet.DispatcherServlet        : Completed initialization in 5 ms
2026-08-26T22:07:06.076-04:00 TRACE 29880 --- [veterinaria] [http-nio-8080-exec-1] o.s.web.servlet.DispatcherServlet        : GET "/", parameters={}, headers={masked} in DispatcherServlet 'dispatcherServlet'
2026-08-26T22:07:06.078-04:00 TRACE 29880 --- [veterinaria] [http-nio-8080-exec-1] s.w.s.m.m.a.RequestMappingHandlerMapping : Mapped to cl.duoc.veterinaria.Controlller.HomeController#root(String, Model)
2026-08-26T22:07:06.081-04:00 TRACE 29880 --- [veterinaria] [http-nio-8080-exec-1] .i.SessionFactoryImpl$SessionBuilderImpl : Opening Hibernate Session.  tenant=null
2026-08-26T22:07:06.121-04:00 TRACE 29880 --- [veterinaria] [http-nio-8080-exec-1] o.h.s.i.AbstractServiceRegistryImpl      : Initializing service [role=org.hibernate.stat.spi.StatisticsImplementor]
2026-08-26T22:07:06.128-04:00 DEBUG 29880 --- [veterinaria] [http-nio-8080-exec-1] o.h.stat.internal.StatisticsInitiator    : Statistics initialized [enabled=false]
2026-08-26T22:07:06.131-04:00 TRACE 29880 --- [veterinaria] [http-nio-8080-exec-1] org.hibernate.internal.SessionImpl       : Opened Session [4324a907-35a8-4f2e-90c1-437d9e2fcf39] at timestamp: 1787796426131
2026-08-26T22:07:06.169-04:00 TRACE 29880 --- [veterinaria] [http-nio-8080-exec-1] o.s.web.method.HandlerMethod             : Arguments: [Veterinaria DuocUC, {}]
2026-08-26T22:07:06.172-04:00 TRACE 29880 --- [veterinaria] [http-nio-8080-exec-1] s.w.s.m.m.a.RequestMappingHandlerAdapter : Applying default cacheSeconds=-1
2026-08-26T22:07:06.184-04:00 DEBUG 29880 --- [veterinaria] [http-nio-8080-exec-1] o.s.w.s.v.ContentNegotiatingViewResolver : Selected 'text/html' given [text/html, application/xhtml+xml, image/avif, image/webp, image/apng, application/xml;q=0.9, */*;q=0.8]
2026-08-26T22:07:06.185-04:00 TRACE 29880 --- [veterinaria] [http-nio-8080-exec-1] o.s.web.servlet.DispatcherServlet        : Rendering view [org.thymeleaf.spring6.view.ThymeleafView@39c3770] 
2026-08-26T22:07:06.595-04:00 TRACE 29880 --- [veterinaria] [http-nio-8080-exec-1] org.hibernate.internal.SessionImpl       : Closing session [4324a907-35a8-4f2e-90c1-437d9e2fcf39]
2026-08-26T22:07:06.596-04:00 TRACE 29880 --- [veterinaria] [http-nio-8080-exec-1] o.h.e.jdbc.internal.JdbcCoordinatorImpl  : Closing JDBC container [org.hibernate.engine.jdbc.internal.JdbcCoordinatorImpl@214a8905]
2026-08-26T22:07:06.596-04:00 TRACE 29880 --- [veterinaria] [http-nio-8080-exec-1] o.h.r.j.i.ResourceRegistryStandardImpl   : Releasing JDBC resources
2026-08-26T22:07:06.597-04:00 TRACE 29880 --- [veterinaria] [http-nio-8080-exec-1] o.h.r.j.i.LogicalConnectionManagedImpl   : Closing logical connection
2026-08-26T22:07:06.597-04:00 TRACE 29880 --- [veterinaria] [http-nio-8080-exec-1] o.h.r.j.i.LogicalConnectionManagedImpl   : Logical connection closed
2026-08-26T22:07:06.600-04:00 DEBUG 29880 --- [veterinaria] [http-nio-8080-exec-1] o.s.web.servlet.DispatcherServlet        : Completed 200 OK, headers={masked}
2026-08-26T22:07:06.719-04:00 TRACE 29880 --- [veterinaria] [http-nio-8080-exec-3] o.s.web.servlet.DispatcherServlet        : GET "/login", parameters={}, headers={masked} in DispatcherServlet 'dispatcherServlet'
2026-08-26T22:07:06.720-04:00 TRACE 29880 --- [veterinaria] [http-nio-8080-exec-3] s.w.s.m.m.a.RequestMappingHandlerMapping : Mapped to cl.duoc.veterinaria.Controlller.HomeController#login(String, Model)
2026-08-26T22:07:06.720-04:00 TRACE 29880 --- [veterinaria] [http-nio-8080-exec-3] .i.SessionFactoryImpl$SessionBuilderImpl : Opening Hibernate Session.  tenant=null
2026-08-26T22:07:06.720-04:00 TRACE 29880 --- [veterinaria] [http-nio-8080-exec-3] org.hibernate.internal.SessionImpl       : Opened Session [d3760f19-0394-440d-8709-359f5c5a6489] at timestamp: 1787796426720
2026-08-26T22:07:06.721-04:00 TRACE 29880 --- [veterinaria] [http-nio-8080-exec-3] o.s.web.method.HandlerMethod             : Arguments: [Veterinaria DuocUC, {}]
2026-08-26T22:07:06.722-04:00 TRACE 29880 --- [veterinaria] [http-nio-8080-exec-3] s.w.s.m.m.a.RequestMappingHandlerAdapter : Applying default cacheSeconds=-1
2026-08-26T22:07:06.725-04:00 DEBUG 29880 --- [veterinaria] [http-nio-8080-exec-3] o.s.w.s.v.ContentNegotiatingViewResolver : Selected '*/*' given [text/css, */*;q=0.1]
2026-08-26T22:07:06.725-04:00 TRACE 29880 --- [veterinaria] [http-nio-8080-exec-3] o.s.web.servlet.DispatcherServlet        : Rendering view [org.thymeleaf.spring6.view.ThymeleafView@398a90de] 
2026-08-26T22:07:06.739-04:00 TRACE 29880 --- [veterinaria] [http-nio-8080-exec-3] org.hibernate.internal.SessionImpl       : Closing session [d3760f19-0394-440d-8709-359f5c5a6489]
2026-08-26T22:07:06.739-04:00 TRACE 29880 --- [veterinaria] [http-nio-8080-exec-3] o.h.e.jdbc.internal.JdbcCoordinatorImpl  : Closing JDBC container [org.hibernate.engine.jdbc.internal.JdbcCoordinatorImpl@b903363]
2026-08-26T22:07:06.739-04:00 TRACE 29880 --- [veterinaria] [http-nio-8080-exec-3] o.h.r.j.i.ResourceRegistryStandardImpl   : Releasing JDBC resources
2026-08-26T22:07:06.739-04:00 TRACE 29880 --- [veterinaria] [http-nio-8080-exec-3] o.h.r.j.i.LogicalConnectionManagedImpl   : Closing logical connection
2026-08-26T22:07:06.740-04:00 TRACE 29880 --- [veterinaria] [http-nio-8080-exec-3] o.h.r.j.i.LogicalConnectionManagedImpl   : Logical connection closed
2026-08-26T22:07:06.740-04:00 DEBUG 29880 --- [veterinaria] [http-nio-8080-exec-3] o.s.web.servlet.DispatcherServlet        : Completed 200 OK, headers={masked}
2026-08-26T22:07:06.817-04:00 TRACE 29880 --- [veterinaria] [http-nio-8080-exec-6] o.s.web.servlet.DispatcherServlet        : GET "/login", parameters={}, headers={masked} in DispatcherServlet 'dispatcherServlet'
2026-08-26T22:07:06.822-04:00 TRACE 29880 --- [veterinaria] [http-nio-8080-exec-6] s.w.s.m.m.a.RequestMappingHandlerMapping : Mapped to cl.duoc.veterinaria.Controlller.HomeController#login(String, Model)
2026-08-26T22:07:06.822-04:00 TRACE 29880 --- [veterinaria] [http-nio-8080-exec-6] .i.SessionFactoryImpl$SessionBuilderImpl : Opening Hibernate Session.  tenant=null
2026-08-26T22:07:06.823-04:00 TRACE 29880 --- [veterinaria] [http-nio-8080-exec-6] org.hibernate.internal.SessionImpl       : Opened Session [ca9bbf8c-3618-4e77-85f8-b51579c64c56] at timestamp: 1787796426823
2026-08-26T22:07:06.825-04:00 TRACE 29880 --- [veterinaria] [http-nio-8080-exec-6] o.s.web.method.HandlerMethod             : Arguments: [Veterinaria DuocUC, {}]
2026-08-26T22:07:06.826-04:00 TRACE 29880 --- [veterinaria] [http-nio-8080-exec-6] s.w.s.m.m.a.RequestMappingHandlerAdapter : Applying default cacheSeconds=-1
2026-08-26T22:07:06.827-04:00 TRACE 29880 --- [veterinaria] [http-nio-8080-exec-6] o.s.w.s.v.InternalResourceViewResolver   : View with key [login] served from cache
2026-08-26T22:07:06.828-04:00 DEBUG 29880 --- [veterinaria] [http-nio-8080-exec-6] o.s.w.s.v.ContentNegotiatingViewResolver : Selected '*/*' given [image/avif, image/webp, image/apng, image/svg+xml, image/*, */*;q=0.8]
2026-08-26T22:07:06.828-04:00 TRACE 29880 --- [veterinaria] [http-nio-8080-exec-6] o.s.web.servlet.DispatcherServlet        : Rendering view [org.thymeleaf.spring6.view.ThymeleafView@398a90de] 
2026-08-26T22:07:06.831-04:00 TRACE 29880 --- [veterinaria] [http-nio-8080-exec-6] org.hibernate.internal.SessionImpl       : Closing session [ca9bbf8c-3618-4e77-85f8-b51579c64c56]
2026-08-26T22:07:06.832-04:00 TRACE 29880 --- [veterinaria] [http-nio-8080-exec-6] o.h.e.jdbc.internal.JdbcCoordinatorImpl  : Closing JDBC container [org.hibernate.engine.jdbc.internal.JdbcCoordinatorImpl@8bd9de8]
2026-08-26T22:07:06.834-04:00 TRACE 29880 --- [veterinaria] [http-nio-8080-exec-6] o.h.r.j.i.ResourceRegistryStandardImpl   : Releasing JDBC resources
2026-08-26T22:07:06.834-04:00 TRACE 29880 --- [veterinaria] [http-nio-8080-exec-6] o.h.r.j.i.LogicalConnectionManagedImpl   : Closing logical connection
2026-08-26T22:07:06.834-04:00 TRACE 29880 --- [veterinaria] [http-nio-8080-exec-6] o.h.r.j.i.LogicalConnectionManagedImpl   : Logical connection closed
2026-08-26T22:07:06.835-04:00 DEBUG 29880 --- [veterinaria] [http-nio-8080-exec-6] o.s.web.servlet.DispatcherServlet        : Completed 200 OK, headers={masked}
2026-08-26T22:07:11.922-04:00 TRACE 29880 --- [veterinaria] [http-nio-8080-exec-9] o.s.web.servlet.DispatcherServlet        : GET "/login", parameters={}, headers={masked} in DispatcherServlet 'dispatcherServlet'
2026-08-26T22:07:11.923-04:00 TRACE 29880 --- [veterinaria] [http-nio-8080-exec-9] s.w.s.m.m.a.RequestMappingHandlerMapping : Mapped to cl.duoc.veterinaria.Controlller.HomeController#login(String, Model)
2026-08-26T22:07:11.925-04:00 TRACE 29880 --- [veterinaria] [http-nio-8080-exec-9] .i.SessionFactoryImpl$SessionBuilderImpl : Opening Hibernate Session.  tenant=null
2026-08-26T22:07:11.925-04:00 TRACE 29880 --- [veterinaria] [http-nio-8080-exec-9] org.hibernate.internal.SessionImpl       : Opened Session [9960b125-4e91-4ab9-94b0-bb8786a3b1a8] at timestamp: 1787796431925
2026-08-26T22:07:11.926-04:00 TRACE 29880 --- [veterinaria] [http-nio-8080-exec-9] o.s.web.method.HandlerMethod             : Arguments: [Veterinaria DuocUC, {}]
2026-08-26T22:07:11.927-04:00 TRACE 29880 --- [veterinaria] [http-nio-8080-exec-9] s.w.s.m.m.a.RequestMappingHandlerAdapter : Applying default cacheSeconds=-1
2026-08-26T22:07:11.927-04:00 TRACE 29880 --- [veterinaria] [http-nio-8080-exec-9] o.s.w.s.v.InternalResourceViewResolver   : View with key [login] served from cache
2026-08-26T22:07:11.928-04:00 DEBUG 29880 --- [veterinaria] [http-nio-8080-exec-9] o.s.w.s.v.ContentNegotiatingViewResolver : Selected 'text/html' given [text/html, application/xhtml+xml, image/avif, image/webp, image/apng, application/xml;q=0.9, */*;q=0.8]
2026-08-26T22:07:11.928-04:00 TRACE 29880 --- [veterinaria] [http-nio-8080-exec-9] o.s.web.servlet.DispatcherServlet        : Rendering view [org.thymeleaf.spring6.view.ThymeleafView@398a90de] 
2026-08-26T22:07:11.932-04:00 TRACE 29880 --- [veterinaria] [http-nio-8080-exec-9] org.hibernate.internal.SessionImpl       : Closing session [9960b125-4e91-4ab9-94b0-bb8786a3b1a8]
2026-08-26T22:07:11.933-04:00 TRACE 29880 --- [veterinaria] [http-nio-8080-exec-9] o.h.e.jdbc.internal.JdbcCoordinatorImpl  : Closing JDBC container [org.hibernate.engine.jdbc.internal.JdbcCoordinatorImpl@63682d4b]
2026-08-26T22:07:11.934-04:00 TRACE 29880 --- [veterinaria] [http-nio-8080-exec-9] o.h.r.j.i.ResourceRegistryStandardImpl   : Releasing JDBC resources
2026-08-26T22:07:11.934-04:00 TRACE 29880 --- [veterinaria] [http-nio-8080-exec-9] o.h.r.j.i.LogicalConnectionManagedImpl   : Closing logical connection
2026-08-26T22:07:11.934-04:00 TRACE 29880 --- [veterinaria] [http-nio-8080-exec-9] o.h.r.j.i.LogicalConnectionManagedImpl   : Logical connection closed
2026-08-26T22:07:11.935-04:00 DEBUG 29880 --- [veterinaria] [http-nio-8080-exec-9] o.s.web.servlet.DispatcherServlet        : Completed 200 OK, headers={masked}
2026-08-26T22:07:12.019-04:00 TRACE 29880 --- [veterinaria] [http-nio-8080-exec-7] o.s.web.servlet.DispatcherServlet        : GET "/login", parameters={}, headers={masked} in DispatcherServlet 'dispatcherServlet'
2026-08-26T22:07:12.019-04:00 TRACE 29880 --- [veterinaria] [http-nio-8080-exec-7] s.w.s.m.m.a.RequestMappingHandlerMapping : Mapped to cl.duoc.veterinaria.Controlller.HomeController#login(String, Model)
2026-08-26T22:07:12.019-04:00 TRACE 29880 --- [veterinaria] [http-nio-8080-exec-7] .i.SessionFactoryImpl$SessionBuilderImpl : Opening Hibernate Session.  tenant=null
2026-08-26T22:07:12.019-04:00 TRACE 29880 --- [veterinaria] [http-nio-8080-exec-7] org.hibernate.internal.SessionImpl       : Opened Session [ccd49c8e-b03c-4144-83b1-fded15e7ddd7] at timestamp: 1787796432019
2026-08-26T22:07:12.020-04:00 TRACE 29880 --- [veterinaria] [http-nio-8080-exec-7] o.s.web.method.HandlerMethod             : Arguments: [Veterinaria DuocUC, {}]
2026-08-26T22:07:12.020-04:00 TRACE 29880 --- [veterinaria] [http-nio-8080-exec-7] s.w.s.m.m.a.RequestMappingHandlerAdapter : Applying default cacheSeconds=-1
2026-08-26T22:07:12.020-04:00 TRACE 29880 --- [veterinaria] [http-nio-8080-exec-7] o.s.w.s.v.InternalResourceViewResolver   : View with key [login] served from cache
2026-08-26T22:07:12.021-04:00 DEBUG 29880 --- [veterinaria] [http-nio-8080-exec-7] o.s.w.s.v.ContentNegotiatingViewResolver : Selected '*/*' given [text/css, */*;q=0.1]
2026-08-26T22:07:12.021-04:00 TRACE 29880 --- [veterinaria] [http-nio-8080-exec-7] o.s.web.servlet.DispatcherServlet        : Rendering view [org.thymeleaf.spring6.view.ThymeleafView@398a90de] 
2026-08-26T22:07:12.022-04:00 TRACE 29880 --- [veterinaria] [http-nio-8080-exec-7] org.hibernate.internal.SessionImpl       : Closing session [ccd49c8e-b03c-4144-83b1-fded15e7ddd7]
2026-08-26T22:07:12.022-04:00 TRACE 29880 --- [veterinaria] [http-nio-8080-exec-7] o.h.e.jdbc.internal.JdbcCoordinatorImpl  : Closing JDBC container [org.hibernate.engine.jdbc.internal.JdbcCoordinatorImpl@64bdd3d7]
2026-08-26T22:07:12.023-04:00 TRACE 29880 --- [veterinaria] [http-nio-8080-exec-7] o.h.r.j.i.ResourceRegistryStandardImpl   : Releasing JDBC resources
2026-08-26T22:07:12.023-04:00 TRACE 29880 --- [veterinaria] [http-nio-8080-exec-7] o.h.r.j.i.LogicalConnectionManagedImpl   : Closing logical connection
2026-08-26T22:07:12.023-04:00 TRACE 29880 --- [veterinaria] [http-nio-8080-exec-7] o.h.r.j.i.LogicalConnectionManagedImpl   : Logical connection closed
2026-08-26T22:07:12.024-04:00 DEBUG 29880 --- [veterinaria] [http-nio-8080-exec-7] o.s.web.servlet.DispatcherServlet        : Completed 200 OK, headers={masked}
2026-08-26T22:07:12.058-04:00 TRACE 29880 --- [veterinaria] [http-nio-8080-exec-2] o.s.web.servlet.DispatcherServlet        : GET "/login", parameters={}, headers={masked} in DispatcherServlet 'dispatcherServlet'
2026-08-26T22:07:12.060-04:00 TRACE 29880 --- [veterinaria] [http-nio-8080-exec-2] s.w.s.m.m.a.RequestMappingHandlerMapping : Mapped to cl.duoc.veterinaria.Controlller.HomeController#login(String, Model)
2026-08-26T22:07:12.060-04:00 TRACE 29880 --- [veterinaria] [http-nio-8080-exec-2] .i.SessionFactoryImpl$SessionBuilderImpl : Opening Hibernate Session.  tenant=null
2026-08-26T22:07:12.061-04:00 TRACE 29880 --- [veterinaria] [http-nio-8080-exec-2] org.hibernate.internal.SessionImpl       : Opened Session [5cb4f1bb-005e-4f2a-ac52-149e4fe564c4] at timestamp: 1787796432061
2026-08-26T22:07:12.062-04:00 TRACE 29880 --- [veterinaria] [http-nio-8080-exec-2] o.s.web.method.HandlerMethod             : Arguments: [Veterinaria DuocUC, {}]
2026-08-26T22:07:12.062-04:00 TRACE 29880 --- [veterinaria] [http-nio-8080-exec-2] s.w.s.m.m.a.RequestMappingHandlerAdapter : Applying default cacheSeconds=-1
2026-08-26T22:07:12.063-04:00 TRACE 29880 --- [veterinaria] [http-nio-8080-exec-2] o.s.w.s.v.InternalResourceViewResolver   : View with key [login] served from cache
2026-08-26T22:07:12.064-04:00 DEBUG 29880 --- [veterinaria] [http-nio-8080-exec-2] o.s.w.s.v.ContentNegotiatingViewResolver : Selected '*/*' given [image/avif, image/webp, image/apng, image/svg+xml, image/*, */*;q=0.8]
2026-08-26T22:07:12.064-04:00 TRACE 29880 --- [veterinaria] [http-nio-8080-exec-2] o.s.web.servlet.DispatcherServlet        : Rendering view [org.thymeleaf.spring6.view.ThymeleafView@398a90de] 
2026-08-26T22:07:12.067-04:00 TRACE 29880 --- [veterinaria] [http-nio-8080-exec-2] org.hibernate.internal.SessionImpl       : Closing session [5cb4f1bb-005e-4f2a-ac52-149e4fe564c4]
2026-08-26T22:07:12.069-04:00 TRACE 29880 --- [veterinaria] [http-nio-8080-exec-2] o.h.e.jdbc.internal.JdbcCoordinatorImpl  : Closing JDBC container [org.hibernate.engine.jdbc.internal.JdbcCoordinatorImpl@48f276e7]
2026-08-26T22:07:12.070-04:00 TRACE 29880 --- [veterinaria] [http-nio-8080-exec-2] o.h.r.j.i.ResourceRegistryStandardImpl   : Releasing JDBC resources
2026-08-26T22:07:12.070-04:00 TRACE 29880 --- [veterinaria] [http-nio-8080-exec-2] o.h.r.j.i.LogicalConnectionManagedImpl   : Closing logical connection
2026-08-26T22:07:12.070-04:00 TRACE 29880 --- [veterinaria] [http-nio-8080-exec-2] o.h.r.j.i.LogicalConnectionManagedImpl   : Logical connection closed
2026-08-26T22:07:12.071-04:00 DEBUG 29880 --- [veterinaria] [http-nio-8080-exec-2] o.s.web.servlet.DispatcherServlet        : Completed 200 OK, headers={masked}
2026-08-26T22:07:16.605-04:00 TRACE 29880 --- [veterinaria] [http-nio-8080-exec-3] o.s.web.servlet.DispatcherServlet        : POST "/login?user=Veterinario&password=vet123", parameters={masked}, headers={masked} in DispatcherServlet 'dispatcherServlet'
2026-08-26T22:07:16.605-04:00 TRACE 29880 --- [veterinaria] [http-nio-8080-exec-3] s.w.s.m.m.a.RequestMappingHandlerMapping : Mapped to cl.duoc.veterinaria.Controlller.LoginController#login(String, String)
2026-08-26T22:07:16.605-04:00 TRACE 29880 --- [veterinaria] [http-nio-8080-exec-3] .i.SessionFactoryImpl$SessionBuilderImpl : Opening Hibernate Session.  tenant=null
2026-08-26T22:07:16.606-04:00 TRACE 29880 --- [veterinaria] [http-nio-8080-exec-3] org.hibernate.internal.SessionImpl       : Opened Session [dff0f2a4-c8c0-4bbe-8ae6-b3fc89facfb6] at timestamp: 1787796436606
2026-08-26T22:07:16.612-04:00 DEBUG 29880 --- [veterinaria] [http-nio-8080-exec-3] o.s.web.method.HandlerMethod             : Could not resolve parameter [1] in public java.lang.String cl.duoc.veterinaria.Controlller.LoginController.login(java.lang.String,java.lang.String): Required request parameter 'encryptedPass' for method parameter type String is not present
2026-08-26T22:07:16.619-04:00  WARN 29880 --- [veterinaria] [http-nio-8080-exec-3] .w.s.m.s.DefaultHandlerExceptionResolver : Resolved [org.springframework.web.bind.MissingServletRequestParameterException: Required request parameter 'encryptedPass' for method parameter type String is not present]
2026-08-26T22:07:16.620-04:00 TRACE 29880 --- [veterinaria] [http-nio-8080-exec-3] o.s.web.servlet.DispatcherServlet        : No view rendering, null ModelAndView returned.
2026-08-26T22:07:16.620-04:00 TRACE 29880 --- [veterinaria] [http-nio-8080-exec-3] org.hibernate.internal.SessionImpl       : Closing session [dff0f2a4-c8c0-4bbe-8ae6-b3fc89facfb6]
2026-08-26T22:07:16.620-04:00 TRACE 29880 --- [veterinaria] [http-nio-8080-exec-3] o.h.e.jdbc.internal.JdbcCoordinatorImpl  : Closing JDBC container [org.hibernate.engine.jdbc.internal.JdbcCoordinatorImpl@643fa58d]
2026-08-26T22:07:16.620-04:00 TRACE 29880 --- [veterinaria] [http-nio-8080-exec-3] o.h.r.j.i.ResourceRegistryStandardImpl   : Releasing JDBC resources
2026-08-26T22:07:16.620-04:00 TRACE 29880 --- [veterinaria] [http-nio-8080-exec-3] o.h.r.j.i.LogicalConnectionManagedImpl   : Closing logical connection
2026-08-26T22:07:16.620-04:00 TRACE 29880 --- [veterinaria] [http-nio-8080-exec-3] o.h.r.j.i.LogicalConnectionManagedImpl   : Logical connection closed
2026-08-26T22:07:16.621-04:00 DEBUG 29880 --- [veterinaria] [http-nio-8080-exec-3] o.s.web.servlet.DispatcherServlet        : Completed 400 BAD_REQUEST, headers={masked}
2026-08-26T22:07:16.630-04:00 TRACE 29880 --- [veterinaria] [http-nio-8080-exec-3] s.w.s.m.m.a.RequestMappingHandlerMapping : 2 matching mappings: [{ [/error]}, { [/error], produces [text/html]}]
2026-08-26T22:07:16.678-04:00 TRACE 29880 --- [veterinaria] [http-nio-8080-exec-5] o.s.web.servlet.DispatcherServlet        : GET "/login", parameters={}, headers={masked} in DispatcherServlet 'dispatcherServlet'
2026-08-26T22:07:16.678-04:00 TRACE 29880 --- [veterinaria] [http-nio-8080-exec-5] s.w.s.m.m.a.RequestMappingHandlerMapping : Mapped to cl.duoc.veterinaria.Controlller.HomeController#login(String, Model)
2026-08-26T22:07:16.679-04:00 TRACE 29880 --- [veterinaria] [http-nio-8080-exec-5] .i.SessionFactoryImpl$SessionBuilderImpl : Opening Hibernate Session.  tenant=null
2026-08-26T22:07:16.679-04:00 TRACE 29880 --- [veterinaria] [http-nio-8080-exec-5] org.hibernate.internal.SessionImpl       : Opened Session [71cef4b9-6265-40e7-8a45-a35ed8c5273c] at timestamp: 1787796436679
2026-08-26T22:07:16.680-04:00 TRACE 29880 --- [veterinaria] [http-nio-8080-exec-5] o.s.web.method.HandlerMethod             : Arguments: [Veterinaria DuocUC, {}]
2026-08-26T22:07:16.680-04:00 TRACE 29880 --- [veterinaria] [http-nio-8080-exec-5] s.w.s.m.m.a.RequestMappingHandlerAdapter : Applying default cacheSeconds=-1
2026-08-26T22:07:16.681-04:00 TRACE 29880 --- [veterinaria] [http-nio-8080-exec-5] o.s.w.s.v.InternalResourceViewResolver   : View with key [login] served from cache
2026-08-26T22:07:16.681-04:00 DEBUG 29880 --- [veterinaria] [http-nio-8080-exec-5] o.s.w.s.v.ContentNegotiatingViewResolver : Selected '*/*' given [*/*]
2026-08-26T22:07:16.681-04:00 TRACE 29880 --- [veterinaria] [http-nio-8080-exec-5] o.s.web.servlet.DispatcherServlet        : Rendering view [org.thymeleaf.spring6.view.ThymeleafView@2525b571] 
2026-08-26T22:07:16.683-04:00 TRACE 29880 --- [veterinaria] [http-nio-8080-exec-5] org.hibernate.internal.SessionImpl       : Closing session [71cef4b9-6265-40e7-8a45-a35ed8c5273c]
2026-08-26T22:07:16.684-04:00 TRACE 29880 --- [veterinaria] [http-nio-8080-exec-5] o.h.e.jdbc.internal.JdbcCoordinatorImpl  : Closing JDBC container [org.hibernate.engine.jdbc.internal.JdbcCoordinatorImpl@2be25fa5]
2026-08-26T22:07:16.684-04:00 TRACE 29880 --- [veterinaria] [http-nio-8080-exec-5] o.h.r.j.i.ResourceRegistryStandardImpl   : Releasing JDBC resources
2026-08-26T22:07:16.684-04:00 TRACE 29880 --- [veterinaria] [http-nio-8080-exec-5] o.h.r.j.i.LogicalConnectionManagedImpl   : Closing logical connection
2026-08-26T22:07:16.685-04:00 TRACE 29880 --- [veterinaria] [http-nio-8080-exec-5] o.h.r.j.i.LogicalConnectionManagedImpl   : Logical connection closed
2026-08-26T22:07:16.685-04:00 DEBUG 29880 --- [veterinaria] [http-nio-8080-exec-5] o.s.web.servlet.DispatcherServlet        : Completed 200 OK, headers={masked}
2026-08-26T22:07:22.689-04:00 DEBUG 29880 --- [veterinaria] [HikariPool-1 housekeeper] com.zaxxer.hikari.pool.HikariPool        : HikariPool-1 - Pool stats (total=10, active=0, idle=10, waiting=0)
2026-08-26T22:07:22.689-04:00 DEBUG 29880 --- [veterinaria] [HikariPool-1 housekeeper] com.zaxxer.hikari.pool.HikariPool        : HikariPool-1 - Fill pool skipped, pool has sufficient level or currently being filled (queueDepth=0).
2026-08-26T22:07:52.701-04:00 DEBUG 29880 --- [veterinaria] [HikariPool-1 housekeeper] com.zaxxer.hikari.pool.HikariPool        : HikariPool-1 - Pool stats (total=10, active=0, idle=10, waiting=0)
2026-08-26T22:07:52.701-04:00 DEBUG 29880 --- [veterinaria] [HikariPool-1 housekeeper] com.zaxxer.hikari.pool.HikariPool        : HikariPool-1 - Fill pool skipped, pool has sufficient level or currently being filled (queueDepth=0).
2026-08-26T22:08:22.715-04:00 DEBUG 29880 --- [veterinaria] [HikariPool-1 housekeeper] com.zaxxer.hikari.pool.HikariPool        : HikariPool-1 - Pool stats (total=10, active=0, idle=10, waiting=0)
2026-08-26T22:08:22.715-04:00 DEBUG 29880 --- [veterinaria] [HikariPool-1 housekeeper] com.zaxxer.hikari.pool.HikariPool        : HikariPool-1 - Fill pool skipped, pool has sufficient level or currently being filled (queueDepth=0).
2026-08-26T22:08:52.725-04:00 DEBUG 29880 --- [veterinaria] [HikariPool-1 housekeeper] com.zaxxer.hikari.pool.HikariPool        : HikariPool-1 - Pool stats (total=10, active=0, idle=10, waiting=0)
2026-08-26T22:08:52.726-04:00 DEBUG 29880 --- [veterinaria] [HikariPool-1 housekeeper] com.zaxxer.hikari.pool.HikariPool        : HikariPool-1 - Fill pool skipped, pool has sufficient level or currently being filled (queueDepth=0).
2026-08-26T22:09:22.728-04:00 DEBUG 29880 --- [veterinaria] [HikariPool-1 housekeeper] com.zaxxer.hikari.pool.HikariPool        : HikariPool-1 - Pool stats (total=10, active=0, idle=10, waiting=0)
2026-08-26T22:09:22.728-04:00 DEBUG 29880 --- [veterinaria] [HikariPool-1 housekeeper] com.zaxxer.hikari.pool.HikariPool        : HikariPool-1 - Fill pool skipped, pool has sufficient level or currently being filled (queueDepth=0).
2026-08-26T22:09:30.689-04:00 TRACE 29880 --- [veterinaria] [http-nio-8080-exec-8] o.s.web.servlet.DispatcherServlet        : POST "/login?user=Veterinario&encryptedPass=vet123", parameters={masked}, headers={masked} in DispatcherServlet 'dispatcherServlet'
2026-08-26T22:09:30.690-04:00 TRACE 29880 --- [veterinaria] [http-nio-8080-exec-8] s.w.s.m.m.a.RequestMappingHandlerMapping : Mapped to cl.duoc.veterinaria.Controlller.LoginController#login(String, String)
2026-08-26T22:09:30.691-04:00 TRACE 29880 --- [veterinaria] [http-nio-8080-exec-8] .i.SessionFactoryImpl$SessionBuilderImpl : Opening Hibernate Session.  tenant=null
2026-08-26T22:09:30.691-04:00 TRACE 29880 --- [veterinaria] [http-nio-8080-exec-8] org.hibernate.internal.SessionImpl       : Opened Session [6218f14e-1056-4896-bea3-ba4eccb407fc] at timestamp: 1787796570691
2026-08-26T22:09:30.692-04:00 TRACE 29880 --- [veterinaria] [http-nio-8080-exec-8] o.s.web.method.HandlerMethod             : Arguments: [Veterinario, vet123]
2026-08-26T22:09:30.921-04:00 DEBUG 29880 --- [veterinaria] [http-nio-8080-exec-8] m.m.a.RequestResponseBodyMethodProcessor : Using 'text/plain', given [*/*] and supported [text/plain, */*, application/json, application/*+json]
2026-08-26T22:09:30.922-04:00 TRACE 29880 --- [veterinaria] [http-nio-8080-exec-8] m.m.a.RequestResponseBodyMethodProcessor : Writing ["Bearer eyJhbGciOiJIUzUxMiJ9.eyJhdXRob3JpdGllcyI6WyJST0xFX1VTRVIiXSwic3ViIjoiVmV0ZXJpbmFyaW8iLCJpYXQiOjE3ODc3OTY1NzAsImV4cCI6MTc4Nzg4Mjk3MH0.Bb1fWp7bkWFAzoUbPoVMLwItIX7GhN1obmry34tuOorONkcoxVQaq_pmOXJjV9DeMwKqdtROARQBcT3DpmHbew"]
2026-08-26T22:09:30.927-04:00 TRACE 29880 --- [veterinaria] [http-nio-8080-exec-8] o.s.web.servlet.DispatcherServlet        : No view rendering, null ModelAndView returned.
2026-08-26T22:09:30.928-04:00 TRACE 29880 --- [veterinaria] [http-nio-8080-exec-8] org.hibernate.internal.SessionImpl       : Closing session [6218f14e-1056-4896-bea3-ba4eccb407fc]
2026-08-26T22:09:30.928-04:00 TRACE 29880 --- [veterinaria] [http-nio-8080-exec-8] o.h.e.jdbc.internal.JdbcCoordinatorImpl  : Closing JDBC container [org.hibernate.engine.jdbc.internal.JdbcCoordinatorImpl@6ebd7d03]
2026-08-26T22:09:30.928-04:00 TRACE 29880 --- [veterinaria] [http-nio-8080-exec-8] o.h.r.j.i.ResourceRegistryStandardImpl   : Releasing JDBC resources
2026-08-26T22:09:30.928-04:00 TRACE 29880 --- [veterinaria] [http-nio-8080-exec-8] o.h.r.j.i.LogicalConnectionManagedImpl   : Closing logical connection
2026-08-26T22:09:30.928-04:00 TRACE 29880 --- [veterinaria] [http-nio-8080-exec-8] o.h.r.j.i.LogicalConnectionManagedImpl   : Logical connection closed
2026-08-26T22:09:30.929-04:00 DEBUG 29880 --- [veterinaria] [http-nio-8080-exec-8] o.s.web.servlet.DispatcherServlet        : Completed 200 OK, headers={masked}
2026-08-26T22:09:52.742-04:00 DEBUG 29880 --- [veterinaria] [HikariPool-1 housekeeper] com.zaxxer.hikari.pool.HikariPool        : HikariPool-1 - Pool stats (total=10, active=0, idle=10, waiting=0)
2026-08-26T22:09:52.742-04:00 DEBUG 29880 --- [veterinaria] [HikariPool-1 housekeeper] com.zaxxer.hikari.pool.HikariPool        : HikariPool-1 - Fill pool skipped, pool has sufficient level or currently being filled (queueDepth=0).
2026-08-26T22:10:22.757-04:00 DEBUG 29880 --- [veterinaria] [HikariPool-1 housekeeper] com.zaxxer.hikari.pool.HikariPool        : HikariPool-1 - Pool stats (total=10, active=0, idle=10, waiting=0)
2026-08-26T22:10:22.757-04:00 DEBUG 29880 --- [veterinaria] [HikariPool-1 housekeeper] com.zaxxer.hikari.pool.HikariPool        : HikariPool-1 - Fill pool skipped, pool has sufficient level or currently being filled (queueDepth=0).
2026-08-26T22:10:52.766-04:00 DEBUG 29880 --- [veterinaria] [HikariPool-1 housekeeper] com.zaxxer.hikari.pool.HikariPool        : HikariPool-1 - Pool stats (total=10, active=0, idle=10, waiting=0)
2026-08-26T22:10:52.766-04:00 DEBUG 29880 --- [veterinaria] [HikariPool-1 housekeeper] com.zaxxer.hikari.pool.HikariPool        : HikariPool-1 - Fill pool skipped, pool has sufficient level or currently being filled (queueDepth=0).
2026-08-26T22:11:22.777-04:00 DEBUG 29880 --- [veterinaria] [HikariPool-1 housekeeper] com.zaxxer.hikari.pool.HikariPool        : HikariPool-1 - Pool stats (total=10, active=0, idle=10, waiting=0)
2026-08-26T22:11:22.777-04:00 DEBUG 29880 --- [veterinaria] [HikariPool-1 housekeeper] com.zaxxer.hikari.pool.HikariPool        : HikariPool-1 - Fill pool skipped, pool has sufficient level or currently being filled (queueDepth=0).
2026-08-26T22:11:52.784-04:00 DEBUG 29880 --- [veterinaria] [HikariPool-1 housekeeper] com.zaxxer.hikari.pool.HikariPool        : HikariPool-1 - Pool stats (total=10, active=0, idle=10, waiting=0)
2026-08-26T22:11:52.784-04:00 DEBUG 29880 --- [veterinaria] [HikariPool-1 housekeeper] com.zaxxer.hikari.pool.HikariPool        : HikariPool-1 - Fill pool skipped, pool has sufficient level or currently being filled (queueDepth=0).
2026-08-26T22:12:22.800-04:00 DEBUG 29880 --- [veterinaria] [HikariPool-1 housekeeper] com.zaxxer.hikari.pool.HikariPool        : HikariPool-1 - Pool stats (total=10, active=0, idle=10, waiting=0)
2026-08-26T22:12:22.800-04:00 DEBUG 29880 --- [veterinaria] [HikariPool-1 housekeeper] com.zaxxer.hikari.pool.HikariPool        : HikariPool-1 - Fill pool skipped, pool has sufficient level or currently being filled (queueDepth=0).
2026-08-26T22:12:52.802-04:00 DEBUG 29880 --- [veterinaria] [HikariPool-1 housekeeper] com.zaxxer.hikari.pool.HikariPool        : HikariPool-1 - Pool stats (total=10, active=0, idle=10, waiting=0)
2026-08-26T22:12:52.803-04:00 DEBUG 29880 --- [veterinaria] [HikariPool-1 housekeeper] com.zaxxer.hikari.pool.HikariPool        : HikariPool-1 - Fill pool skipped, pool has sufficient level or currently being filled (queueDepth=0).
2026-08-26T22:13:22.809-04:00 DEBUG 29880 --- [veterinaria] [HikariPool-1 housekeeper] com.zaxxer.hikari.pool.HikariPool        : HikariPool-1 - Pool stats (total=10, active=0, idle=10, waiting=0)
2026-08-26T22:13:22.809-04:00 DEBUG 29880 --- [veterinaria] [HikariPool-1 housekeeper] com.zaxxer.hikari.pool.HikariPool        : HikariPool-1 - Fill pool skipped, pool has sufficient level or currently being filled (queueDepth=0).
2026-08-26T22:13:52.812-04:00 DEBUG 29880 --- [veterinaria] [HikariPool-1 housekeeper] com.zaxxer.hikari.pool.HikariPool        : HikariPool-1 - Pool stats (total=10, active=0, idle=10, waiting=0)
2026-08-26T22:13:52.813-04:00 DEBUG 29880 --- [veterinaria] [HikariPool-1 housekeeper] com.zaxxer.hikari.pool.HikariPool        : HikariPool-1 - Fill pool skipped, pool has sufficient level or currently being filled (queueDepth=0).
2026-08-26T22:14:22.826-04:00 DEBUG 29880 --- [veterinaria] [HikariPool-1 housekeeper] com.zaxxer.hikari.pool.HikariPool        : HikariPool-1 - Pool stats (total=10, active=0, idle=10, waiting=0)
2026-08-26T22:14:22.826-04:00 DEBUG 29880 --- [veterinaria] [HikariPool-1 housekeeper] com.zaxxer.hikari.pool.HikariPool        : HikariPool-1 - Fill pool skipped, pool has sufficient level or currently being filled (queueDepth=0).
2026-08-26T22:14:52.836-04:00 DEBUG 29880 --- [veterinaria] [HikariPool-1 housekeeper] com.zaxxer.hikari.pool.HikariPool        : HikariPool-1 - Pool stats (total=10, active=0, idle=10, waiting=0)
2026-08-26T22:14:52.836-04:00 DEBUG 29880 --- [veterinaria] [HikariPool-1 housekeeper] com.zaxxer.hikari.pool.HikariPool        : HikariPool-1 - Fill pool skipped, pool has sufficient level or currently being filled (queueDepth=0).
2026-08-26T22:15:22.852-04:00 DEBUG 29880 --- [veterinaria] [HikariPool-1 housekeeper] com.zaxxer.hikari.pool.HikariPool        : HikariPool-1 - Pool stats (total=10, active=0, idle=10, waiting=0)
2026-08-26T22:15:22.852-04:00 DEBUG 29880 --- [veterinaria] [HikariPool-1 housekeeper] com.zaxxer.hikari.pool.HikariPool        : HikariPool-1 - Fill pool skipped, pool has sufficient level or currently being filled (queueDepth=0).
2026-08-26T22:15:52.856-04:00 DEBUG 29880 --- [veterinaria] [HikariPool-1 housekeeper] com.zaxxer.hikari.pool.HikariPool        : HikariPool-1 - Pool stats (total=10, active=0, idle=10, waiting=0)
2026-08-26T22:15:52.856-04:00 DEBUG 29880 --- [veterinaria] [HikariPool-1 housekeeper] com.zaxxer.hikari.pool.HikariPool        : HikariPool-1 - Fill pool skipped, pool has sufficient level or currently being filled (queueDepth=0).
2026-08-26T22:16:22.862-04:00 DEBUG 29880 --- [veterinaria] [HikariPool-1 housekeeper] com.zaxxer.hikari.pool.HikariPool        : HikariPool-1 - Pool stats (total=10, active=0, idle=10, waiting=0)
2026-08-26T22:16:22.862-04:00 DEBUG 29880 --- [veterinaria] [HikariPool-1 housekeeper] com.zaxxer.hikari.pool.HikariPool        : HikariPool-1 - Fill pool skipped, pool has sufficient level or currently being filled (queueDepth=0).
2026-08-26T22:16:52.863-04:00 DEBUG 29880 --- [veterinaria] [HikariPool-1 housekeeper] com.zaxxer.hikari.pool.HikariPool        : HikariPool-1 - Pool stats (total=10, active=0, idle=10, waiting=0)
2026-08-26T22:16:52.863-04:00 DEBUG 29880 --- [veterinaria] [HikariPool-1 housekeeper] com.zaxxer.hikari.pool.HikariPool        : HikariPool-1 - Fill pool skipped, pool has sufficient level or currently being filled (queueDepth=0).
2026-08-26T22:17:22.874-04:00 DEBUG 29880 --- [veterinaria] [HikariPool-1 housekeeper] com.zaxxer.hikari.pool.HikariPool        : HikariPool-1 - Pool stats (total=10, active=0, idle=10, waiting=0)
2026-08-26T22:17:22.874-04:00 DEBUG 29880 --- [veterinaria] [HikariPool-1 housekeeper] com.zaxxer.hikari.pool.HikariPool        : HikariPool-1 - Fill pool skipped, pool has sufficient level or currently being filled (queueDepth=0).
2026-08-26T22:17:52.882-04:00 DEBUG 29880 --- [veterinaria] [HikariPool-1 housekeeper] com.zaxxer.hikari.pool.HikariPool        : HikariPool-1 - Pool stats (total=10, active=0, idle=10, waiting=0)
2026-08-26T22:17:52.882-04:00 DEBUG 29880 --- [veterinaria] [HikariPool-1 housekeeper] com.zaxxer.hikari.pool.HikariPool        : HikariPool-1 - Fill pool skipped, pool has sufficient level or currently being filled (queueDepth=0).
2026-08-26T22:18:22.893-04:00 DEBUG 29880 --- [veterinaria] [HikariPool-1 housekeeper] com.zaxxer.hikari.pool.HikariPool        : HikariPool-1 - Pool stats (total=10, active=0, idle=10, waiting=0)
2026-08-26T22:18:22.893-04:00 DEBUG 29880 --- [veterinaria] [HikariPool-1 housekeeper] com.zaxxer.hikari.pool.HikariPool        : HikariPool-1 - Fill pool skipped, pool has sufficient level or currently being filled (queueDepth=0).
2026-08-26T22:18:52.895-04:00 DEBUG 29880 --- [veterinaria] [HikariPool-1 housekeeper] com.zaxxer.hikari.pool.HikariPool        : HikariPool-1 - Pool stats (total=10, active=0, idle=10, waiting=0)
2026-08-26T22:18:52.896-04:00 DEBUG 29880 --- [veterinaria] [HikariPool-1 housekeeper] com.zaxxer.hikari.pool.HikariPool        : HikariPool-1 - Fill pool skipped, pool has sufficient level or currently being filled (queueDepth=0).
2026-08-26T22:18:55.360-04:00 TRACE 29880 --- [veterinaria] [http-nio-8080-exec-4] o.s.web.servlet.DispatcherServlet        : POST "/greetings", parameters={}, headers={masked} in DispatcherServlet 'dispatcherServlet'
2026-08-26T22:18:55.360-04:00 TRACE 29880 --- [veterinaria] [http-nio-8080-exec-4] s.w.s.m.m.a.RequestMappingHandlerMapping : Mapped to cl.duoc.veterinaria.Controlller.SecuredController#greetings(String)
2026-08-26T22:18:55.360-04:00 TRACE 29880 --- [veterinaria] [http-nio-8080-exec-4] .i.SessionFactoryImpl$SessionBuilderImpl : Opening Hibernate Session.  tenant=null
2026-08-26T22:18:55.360-04:00 TRACE 29880 --- [veterinaria] [http-nio-8080-exec-4] org.hibernate.internal.SessionImpl       : Opened Session [b285c541-ec6f-42d3-bca2-11f0e491f84a] at timestamp: 1787797135360
2026-08-26T22:18:55.362-04:00 TRACE 29880 --- [veterinaria] [http-nio-8080-exec-4] o.s.web.method.HandlerMethod             : Arguments: [World]
2026-08-26T22:18:55.363-04:00 DEBUG 29880 --- [veterinaria] [http-nio-8080-exec-4] m.m.a.RequestResponseBodyMethodProcessor : Using 'text/plain', given [*/*] and supported [text/plain, */*, application/json, application/*+json]
2026-08-26T22:18:55.363-04:00 TRACE 29880 --- [veterinaria] [http-nio-8080-exec-4] m.m.a.RequestResponseBodyMethodProcessor : Writing ["Hello {World}"]
2026-08-26T22:18:55.364-04:00 TRACE 29880 --- [veterinaria] [http-nio-8080-exec-4] o.s.web.servlet.DispatcherServlet        : No view rendering, null ModelAndView returned.
2026-08-26T22:18:55.364-04:00 TRACE 29880 --- [veterinaria] [http-nio-8080-exec-4] org.hibernate.internal.SessionImpl       : Closing session [b285c541-ec6f-42d3-bca2-11f0e491f84a]
2026-08-26T22:18:55.364-04:00 TRACE 29880 --- [veterinaria] [http-nio-8080-exec-4] o.h.e.jdbc.internal.JdbcCoordinatorImpl  : Closing JDBC container [org.hibernate.engine.jdbc.internal.JdbcCoordinatorImpl@651f7b20]
2026-08-26T22:18:55.364-04:00 TRACE 29880 --- [veterinaria] [http-nio-8080-exec-4] o.h.r.j.i.ResourceRegistryStandardImpl   : Releasing JDBC resources
2026-08-26T22:18:55.364-04:00 TRACE 29880 --- [veterinaria] [http-nio-8080-exec-4] o.h.r.j.i.LogicalConnectionManagedImpl   : Closing logical connection
2026-08-26T22:18:55.365-04:00 TRACE 29880 --- [veterinaria] [http-nio-8080-exec-4] o.h.r.j.i.LogicalConnectionManagedImpl   : Logical connection closed
2026-08-26T22:18:55.365-04:00 DEBUG 29880 --- [veterinaria] [http-nio-8080-exec-4] o.s.web.servlet.DispatcherServlet        : Completed 200 OK, headers={masked}
2026-08-26T22:19:22.896-04:00 DEBUG 29880 --- [veterinaria] [HikariPool-1 housekeeper] com.zaxxer.hikari.pool.HikariPool        : HikariPool-1 - Pool stats (total=10, active=0, idle=10, waiting=0)
2026-08-26T22:19:22.896-04:00 DEBUG 29880 --- [veterinaria] [HikariPool-1 housekeeper] com.zaxxer.hikari.pool.HikariPool        : HikariPool-1 - Fill pool skipped, pool has sufficient level or currently being filled (queueDepth=0).
2026-08-26T22:19:52.900-04:00 DEBUG 29880 --- [veterinaria] [HikariPool-1 housekeeper] com.zaxxer.hikari.pool.HikariPool        : HikariPool-1 - Pool stats (total=10, active=0, idle=10, waiting=0)
2026-08-26T22:19:52.900-04:00 DEBUG 29880 --- [veterinaria] [HikariPool-1 housekeeper] com.zaxxer.hikari.pool.HikariPool        : HikariPool-1 - Fill pool skipped, pool has sufficient level or currently being filled (queueDepth=0).
2026-08-26T22:20:22.905-04:00 DEBUG 29880 --- [veterinaria] [HikariPool-1 housekeeper] com.zaxxer.hikari.pool.HikariPool        : HikariPool-1 - Pool stats (total=10, active=0, idle=10, waiting=0)
2026-08-26T22:20:22.905-04:00 DEBUG 29880 --- [veterinaria] [HikariPool-1 housekeeper] com.zaxxer.hikari.pool.HikariPool        : HikariPool-1 - Fill pool skipped, pool has sufficient level or currently being filled (queueDepth=0).
2026-08-26T22:20:52.910-04:00 DEBUG 29880 --- [veterinaria] [HikariPool-1 housekeeper] com.zaxxer.hikari.pool.HikariPool        : HikariPool-1 - Pool stats (total=10, active=0, idle=10, waiting=0)
2026-08-26T22:20:52.911-04:00 DEBUG 29880 --- [veterinaria] [HikariPool-1 housekeeper] com.zaxxer.hikari.pool.HikariPool        : HikariPool-1 - Fill pool skipped, pool has sufficient level or currently being filled (queueDepth=0).
2026-08-26T22:21:22.919-04:00 DEBUG 29880 --- [veterinaria] [HikariPool-1 housekeeper] com.zaxxer.hikari.pool.HikariPool        : HikariPool-1 - Pool stats (total=10, active=0, idle=10, waiting=0)
2026-08-26T22:21:22.919-04:00 DEBUG 29880 --- [veterinaria] [HikariPool-1 housekeeper] com.zaxxer.hikari.pool.HikariPool        : HikariPool-1 - Fill pool skipped, pool has sufficient level or currently being filled (queueDepth=0).
2026-08-26T22:21:52.924-04:00 DEBUG 29880 --- [veterinaria] [HikariPool-1 housekeeper] com.zaxxer.hikari.pool.HikariPool        : HikariPool-1 - Pool stats (total=10, active=0, idle=10, waiting=0)
2026-08-26T22:21:52.924-04:00 DEBUG 29880 --- [veterinaria] [HikariPool-1 housekeeper] com.zaxxer.hikari.pool.HikariPool        : HikariPool-1 - Fill pool skipped, pool has sufficient level or currently being filled (queueDepth=0).
2026-08-26T22:22:22.929-04:00 DEBUG 29880 --- [veterinaria] [HikariPool-1 housekeeper] com.zaxxer.hikari.pool.HikariPool        : HikariPool-1 - Pool stats (total=10, active=0, idle=10, waiting=0)
2026-08-26T22:22:22.929-04:00 DEBUG 29880 --- [veterinaria] [HikariPool-1 housekeeper] com.zaxxer.hikari.pool.HikariPool        : HikariPool-1 - Fill pool skipped, pool has sufficient level or currently being filled (queueDepth=0).
2026-08-26T22:22:52.933-04:00 DEBUG 29880 --- [veterinaria] [HikariPool-1 housekeeper] com.zaxxer.hikari.pool.HikariPool        : HikariPool-1 - Pool stats (total=10, active=0, idle=10, waiting=0)
2026-08-26T22:22:52.933-04:00 DEBUG 29880 --- [veterinaria] [HikariPool-1 housekeeper] com.zaxxer.hikari.pool.HikariPool        : HikariPool-1 - Fill pool skipped, pool has sufficient level or currently being filled (queueDepth=0).
2026-08-26T22:23:22.939-04:00 DEBUG 29880 --- [veterinaria] [HikariPool-1 housekeeper] com.zaxxer.hikari.pool.HikariPool        : HikariPool-1 - Pool stats (total=10, active=0, idle=10, waiting=0)
2026-08-26T22:23:22.939-04:00 DEBUG 29880 --- [veterinaria] [HikariPool-1 housekeeper] com.zaxxer.hikari.pool.HikariPool        : HikariPool-1 - Fill pool skipped, pool has sufficient level or currently being filled (queueDepth=0).
2026-08-26T22:23:52.945-04:00 DEBUG 29880 --- [veterinaria] [HikariPool-1 housekeeper] com.zaxxer.hikari.pool.HikariPool        : HikariPool-1 - Pool stats (total=10, active=0, idle=10, waiting=0)
2026-08-26T22:23:52.945-04:00 DEBUG 29880 --- [veterinaria] [HikariPool-1 housekeeper] com.zaxxer.hikari.pool.HikariPool        : HikariPool-1 - Fill pool skipped, pool has sufficient level or currently being filled (queueDepth=0).
2026-08-26T22:24:22.951-04:00 DEBUG 29880 --- [veterinaria] [HikariPool-1 housekeeper] com.zaxxer.hikari.pool.HikariPool        : HikariPool-1 - Pool stats (total=10, active=0, idle=10, waiting=0)
2026-08-26T22:24:22.951-04:00 DEBUG 29880 --- [veterinaria] [HikariPool-1 housekeeper] com.zaxxer.hikari.pool.HikariPool        : HikariPool-1 - Fill pool skipped, pool has sufficient level or currently being filled (queueDepth=0).
2026-08-26T22:24:52.964-04:00 DEBUG 29880 --- [veterinaria] [HikariPool-1 housekeeper] com.zaxxer.hikari.pool.HikariPool        : HikariPool-1 - Pool stats (total=10, active=0, idle=10, waiting=0)
2026-08-26T22:24:52.964-04:00 DEBUG 29880 --- [veterinaria] [HikariPool-1 housekeeper] com.zaxxer.hikari.pool.HikariPool        : HikariPool-1 - Fill pool skipped, pool has sufficient level or currently being filled (queueDepth=0).
2026-08-26T22:25:22.970-04:00 DEBUG 29880 --- [veterinaria] [HikariPool-1 housekeeper] com.zaxxer.hikari.pool.HikariPool        : HikariPool-1 - Pool stats (total=10, active=0, idle=10, waiting=0)
2026-08-26T22:25:22.970-04:00 DEBUG 29880 --- [veterinaria] [HikariPool-1 housekeeper] com.zaxxer.hikari.pool.HikariPool        : HikariPool-1 - Fill pool skipped, pool has sufficient level or currently being filled (queueDepth=0).
2026-08-26T22:25:52.975-04:00 DEBUG 29880 --- [veterinaria] [HikariPool-1 housekeeper] com.zaxxer.hikari.pool.HikariPool        : HikariPool-1 - Pool stats (total=10, active=0, idle=10, waiting=0)
2026-08-26T22:25:52.975-04:00 DEBUG 29880 --- [veterinaria] [HikariPool-1 housekeeper] com.zaxxer.hikari.pool.HikariPool        : HikariPool-1 - Fill pool skipped, pool has sufficient level or currently being filled (queueDepth=0).
2026-08-26T22:26:22.985-04:00 DEBUG 29880 --- [veterinaria] [HikariPool-1 housekeeper] com.zaxxer.hikari.pool.HikariPool        : HikariPool-1 - Pool stats (total=10, active=0, idle=10, waiting=0)
2026-08-26T22:26:22.985-04:00 DEBUG 29880 --- [veterinaria] [HikariPool-1 housekeeper] com.zaxxer.hikari.pool.HikariPool        : HikariPool-1 - Fill pool skipped, pool has sufficient level or currently being filled (queueDepth=0).
2026-08-26T22:26:52.997-04:00 DEBUG 29880 --- [veterinaria] [HikariPool-1 housekeeper] com.zaxxer.hikari.pool.HikariPool        : HikariPool-1 - Pool stats (total=10, active=0, idle=10, waiting=0)
2026-08-26T22:26:52.997-04:00 DEBUG 29880 --- [veterinaria] [HikariPool-1 housekeeper] com.zaxxer.hikari.pool.HikariPool        : HikariPool-1 - Fill pool skipped, pool has sufficient level or currently being filled (queueDepth=0).
2026-08-26T22:27:23.004-04:00 DEBUG 29880 --- [veterinaria] [HikariPool-1 housekeeper] com.zaxxer.hikari.pool.HikariPool        : HikariPool-1 - Pool stats (total=10, active=0, idle=10, waiting=0)
2026-08-26T22:27:23.004-04:00 DEBUG 29880 --- [veterinaria] [HikariPool-1 housekeeper] com.zaxxer.hikari.pool.HikariPool        : HikariPool-1 - Fill pool skipped, pool has sufficient level or currently being filled (queueDepth=0).
2026-08-26T22:27:53.014-04:00 DEBUG 29880 --- [veterinaria] [HikariPool-1 housekeeper] com.zaxxer.hikari.pool.HikariPool        : HikariPool-1 - Pool stats (total=10, active=0, idle=10, waiting=0)
2026-08-26T22:27:53.014-04:00 DEBUG 29880 --- [veterinaria] [HikariPool-1 housekeeper] com.zaxxer.hikari.pool.HikariPool        : HikariPool-1 - Fill pool skipped, pool has sufficient level or currently being filled (queueDepth=0).
2026-08-26T22:28:23.024-04:00 DEBUG 29880 --- [veterinaria] [HikariPool-1 housekeeper] com.zaxxer.hikari.pool.HikariPool        : HikariPool-1 - Pool stats (total=10, active=0, idle=10, waiting=0)
2026-08-26T22:28:23.024-04:00 DEBUG 29880 --- [veterinaria] [HikariPool-1 housekeeper] com.zaxxer.hikari.pool.HikariPool        : HikariPool-1 - Fill pool skipped, pool has sufficient level or currently being filled (queueDepth=0).
2026-08-26T22:28:53.028-04:00 DEBUG 29880 --- [veterinaria] [HikariPool-1 housekeeper] com.zaxxer.hikari.pool.HikariPool        : HikariPool-1 - Pool stats (total=10, active=0, idle=10, waiting=0)
2026-08-26T22:28:53.029-04:00 DEBUG 29880 --- [veterinaria] [HikariPool-1 housekeeper] com.zaxxer.hikari.pool.HikariPool        : HikariPool-1 - Fill pool skipped, pool has sufficient level or currently being filled (queueDepth=0).
2026-08-26T22:29:23.032-04:00 DEBUG 29880 --- [veterinaria] [HikariPool-1 housekeeper] com.zaxxer.hikari.pool.HikariPool        : HikariPool-1 - Pool stats (total=10, active=0, idle=10, waiting=0)
2026-08-26T22:29:23.032-04:00 DEBUG 29880 --- [veterinaria] [HikariPool-1 housekeeper] com.zaxxer.hikari.pool.HikariPool        : HikariPool-1 - Fill pool skipped, pool has sufficient level or currently being filled (queueDepth=0).
2026-08-26T22:29:53.048-04:00 DEBUG 29880 --- [veterinaria] [HikariPool-1 housekeeper] com.zaxxer.hikari.pool.HikariPool        : HikariPool-1 - Pool stats (total=10, active=0, idle=10, waiting=0)
2026-08-26T22:29:53.048-04:00 DEBUG 29880 --- [veterinaria] [HikariPool-1 housekeeper] com.zaxxer.hikari.pool.HikariPool        : HikariPool-1 - Fill pool skipped, pool has sufficient level or currently being filled (queueDepth=0).
2026-08-26T22:30:23.051-04:00 DEBUG 29880 --- [veterinaria] [HikariPool-1 housekeeper] com.zaxxer.hikari.pool.HikariPool        : HikariPool-1 - Pool stats (total=10, active=0, idle=10, waiting=0)
2026-08-26T22:30:23.051-04:00 DEBUG 29880 --- [veterinaria] [HikariPool-1 housekeeper] com.zaxxer.hikari.pool.HikariPool        : HikariPool-1 - Fill pool skipped, pool has sufficient level or currently being filled (queueDepth=0).
2026-08-26T22:30:53.055-04:00 DEBUG 29880 --- [veterinaria] [HikariPool-1 housekeeper] com.zaxxer.hikari.pool.HikariPool        : HikariPool-1 - Pool stats (total=10, active=0, idle=10, waiting=0)
2026-08-26T22:30:53.055-04:00 DEBUG 29880 --- [veterinaria] [HikariPool-1 housekeeper] com.zaxxer.hikari.pool.HikariPool        : HikariPool-1 - Fill pool skipped, pool has sufficient level or currently being filled (queueDepth=0).
2026-08-26T22:31:23.069-04:00 DEBUG 29880 --- [veterinaria] [HikariPool-1 housekeeper] com.zaxxer.hikari.pool.HikariPool        : HikariPool-1 - Pool stats (total=10, active=0, idle=10, waiting=0)
2026-08-26T22:31:23.069-04:00 DEBUG 29880 --- [veterinaria] [HikariPool-1 housekeeper] com.zaxxer.hikari.pool.HikariPool        : HikariPool-1 - Fill pool skipped, pool has sufficient level or currently being filled (queueDepth=0).
